GAH1_2022 GAH1_2023 IAH1_2022 IAH1_2023 IAH2_2022 IAH2_2023 ILH1_2022 ILH1_2023 INH1_2022 INH1_2023 MNH1_2022 MNH1_2023 MOH1_2023 MOH2_2022 MOH2_2023
-5.196962 -2.837604 1.311959 2.429744 -0.411889 0.02165528 1.275565 0.7326687 2.03517 2.887959 1.836256 1.098145 -1.449004 -3.701859 -0.4437973
-5.276431 -2.89584 1.112216 2.175872 -0.4299741 0.1228934 1.242826 0.8392101 1.592428 2.689466 1.808995 1.306823 -1.561626 -3.575062 -0.3643657
-4.861308 -3.102993 1.113534 2.360102 -0.6277543 -0.09381365 0.9262947 0.73366 1.67894 2.746253 1.608491 1.240762 -1.605505 -3.851748 -0.5693859
-5.326011 -3.215976 0.7938194 2.360235 -0.6728072 -0.09910901 1.117585 0.6970374 1.715687 2.592455 1.630843 1.103317 -1.909889 -3.556952 -0.7028485
-5.229537 -2.796827 1.397172 2.378467 -0.4079516 -0.005474951 1.461465 0.7829267 1.667938 2.65964 1.70208 1.183446 -1.52838 -3.773592 -0.5347673
-4.821045 -2.604087 1.538322 2.753826 -0.1443391 0.3569335 1.377903 1.1278 1.969264 2.941619 1.995783 1.381863 -1.294088 -3.184873 -0.2795875
-4.938881 -2.437828 1.671419 2.705282 -0.1571703 0.4039102 1.522758 1.183326 2.099842 3.151728 2.050783 1.5648 -1.255225 -3.095185 -0.1316521
-4.647794 -2.256076 1.606687 2.796977 0.1241212 0.715869 2.077963 1.31524 2.173906 3.247097 2.408253 1.818401 -1.240977 -3.125422 -0.01674767
-4.598315 -2.521546 1.565863 2.787668 -0.05524226 0.5267909 1.603933 1.30689 2.380783 3.193042 1.90442 1.460759 -1.041897 -3.102209 -0.07602873
-4.782977 -2.438344 1.721466 3.003867 0.4144644 0.4279467 1.789771 1.442763 2.651147 3.505662 2.484138 1.578786 -1.092966 -2.993924 0.0812781
-4.548847 -2.312186 2.08669 3.196268 0.2458886 0.8681666 1.937704 1.483938 2.525857 3.26869 2.43097 1.939807 -0.90468 -2.719067 0.1510188
-4.603724 -2.624221 1.35901 2.772765 0.05544228 0.4585523 1.680128 1.159844 2.177907 3.214906 2.193078 1.257609 -1.27777 -3.146656 -0.2573307
-4.491732 -2.329141 1.783517 2.937647 0.1463779 0.6159155 1.905296 1.31908 2.501992 3.258565 2.460464 1.80829 -1.090105 -3.036303 0.2564769
-4.775579 -2.262567 1.587971 2.872531 -0.05429633 0.7280746 1.909671 1.543071 2.273171 3.21516 2.448198 1.720223 -0.8430705 -3.128592 -0.07127017
-4.45312 -2.458001 1.517783 2.832611 0.1413251 0.4305462 1.806314 1.387398 2.362237 3.455877 2.186995 1.908425 -1.221599 -3.185483 -0.2172068
-4.65838 -2.380421 1.696361 2.940919 0.1424587 0.4308483 1.916563 1.609879 2.288582 3.172633 2.700514 1.671503 -1.188272 -2.827893 0.03953594
-4.450994 -2.324163 1.989411 3.173654 0.331588 0.7827629 2.135615 1.393857 2.547612 3.454267 2.595925 1.822885 -0.7360246 -2.759589 0.1450556
-4.263138 -1.914201 2.12836 3.370266 0.539599 0.9325366 2.399242 1.640916 2.853869 3.547743 2.66392 2.138287 -0.589193 -2.627696 0.4649248
-3.906129 -1.939016 2.113202 3.429139 0.7295649 1.061729 2.231882 1.892287 2.9404 3.613156 2.807983 2.431163 -0.5006968 -2.472387 0.2884435
-3.818302 -2.083233 2.009221 3.599203 0.6793276 0.9591173 2.272156 1.934108 3.122438 3.859526 2.960244 2.335285 -0.6440037 -2.360746 0.5133008
-4.208481 -1.912951 2.350658 3.632789 0.5241224 1.021518 2.332948 1.968144 3.119191 3.716735 2.751777 2.204998 -0.794566 -2.341302 0.6528878
-4.209551 -1.796345 2.225607 3.502621 0.3283409 0.7524024 2.280464 1.81557 2.970773 3.796313 2.832482 2.261618 -0.5550785 -2.47922 0.2187756
-3.916163 -1.544591 2.570513 3.641435 0.8070098 1.085279 2.632149 2.084041 2.963592 3.882322 2.966108 2.440868 -0.1559449 -2.201316 0.8827683
-3.908251 -1.671442 2.503918 3.773933 0.7980638 1.391719 2.738192 2.055468 2.909854 4.132091 2.926562 2.556239 -0.1946783 -2.112887 0.8450039
-3.81517 -1.546973 2.383529 3.872586 1.129118 1.247409 2.564767 2.091175 3.173604 4.331919 3.263607 2.522095 -0.3223484 -2.194962 0.5841814
-3.957474 -1.939895 2.402858 3.564572 0.713853 1.31127 2.713332 2.123416 2.956715 4.145036 3.024233 2.492823 -0.2752551 -2.180661 1.035706
-4.002221 -1.453506 2.508454 3.955745 0.8170223 1.199201 2.708811 2.290418 3.167848 4.391109 3.280548 2.692205 -0.05673317 -2.128128 1.017209
-3.511438 -1.437142 2.728374 3.655953 1.144626 1.526102 2.868596 2.370319 3.368987 4.239013 3.228903 2.509599 -0.08507073 -2.394772 0.6945546
-4.058819 -1.859759 2.544757 3.613347 1.024056 1.300944 2.520437 2.102917 3.157062 4.163874 2.992937 2.336552 -0.3116215 -2.522714 0.7073388
-4.293098 -1.878015 2.450145 3.708374 0.7089987 1.273493 2.639989 1.980573 3.036583 3.872953 2.887208 2.475585 -0.5701795 -2.489179 0.9078008
-3.919793 -1.718715 2.471689 3.653444 0.6751013 1.421014 2.650462 2.01849 3.100427 4.100146 2.918017 2.49644 -0.4555802 -2.224666 0.7385591
-4.130084 -1.739952 2.253254 3.182203 0.4315441 1.446316 2.182426 1.98249 3.001169 3.576209 2.739549 2.35858 -0.675786 -2.379398 0.322443
-4.143287 -1.795891 1.989715 3.505319 0.5238556 1.065483 2.207696 1.770324 2.633319 3.591607 2.618541 2.196327 -0.5721755 -2.610311 0.4797615
-4.031072 -1.920639 2.341141 3.592284 0.6595094 1.180706 2.341658 1.932421 2.952764 3.725966 2.822626 2.360506 -0.5002032 -2.394584 0.448572
-3.943517 -1.869718 2.253751 3.577284 0.6323597 1.398225 2.481576 1.937464 2.850248 3.893884 2.789486 2.579209 -0.4378015 -2.19232 0.66662
-4.254626 -2.030422 2.247674 3.431895 0.504699 1.110256 2.214272 1.748751 2.987592 3.448797 2.713754 2.241976 -0.6782904 -2.624837 0.3836648
-4.081803 -1.749173 2.394642 3.93247 0.7824654 1.328275 2.622652 2.130963 3.202372 4.177508 2.993123 2.166512 -0.3259684 -2.593932 0.5783425
-3.936227 -1.829626 2.385401 3.544641 0.6592522 1.143159 2.392815 1.952111 2.94323 3.629095 2.689069 2.362455 -0.6062309 -2.338796 0.40943
-4.008817 -1.571606 2.453781 3.694681 0.8131814 0.9486387 2.471311 2.000035 2.829547 4.077319 2.907263 2.506046 -0.5078504 -2.534529 0.6044739
-3.975258 -1.72921 2.34798 3.846403 0.7188445 1.26978 2.630612 2.219181 2.861928 3.979661 3.137353 2.481104 -0.3678214 -2.341185 0.6137342
-3.80933 -1.906033 2.379607 3.591531 0.651769 1.13189 2.45292 2.148396 2.768661 3.823264 2.768777 2.332039 -0.1580987 -2.308242 0.7315218
-3.986372 -1.880278 1.942411 3.425527 0.6580008 1.057022 2.600649 1.754451 2.870717 3.903939 3.044464 2.458542 -0.4996283 -2.401736 0.5162348
-4.1159 -1.697993 2.289233 3.476536 0.6621745 0.9514739 2.439439 1.937483 3.023861 3.867496 2.921584 2.433776 -0.5885944 -2.411455 0.4642672
-3.684237 -1.867213 2.564869 3.601357 0.889626 1.390984 2.73059 2.192184 3.140208 3.911248 3.128044 2.406422 -0.3885524 -2.433567 0.6875303
-3.934565 -1.982104 2.488148 3.71473 0.9469551 1.358456 2.518289 2.173611 3.023889 3.837213 3.120229 2.57803 -0.2641234 -2.305968 0.8222391
-3.799137 -1.462391 2.489605 3.83628 0.8939778 1.253135 2.781153 2.388993 3.17035 4.22978 3.104967 2.532472 -0.1285337 -2.223831 0.7692198
-3.870334 -1.587827 2.717533 4.040282 1.012025 1.365032 2.426608 2.174531 3.09192 4.076793 3.144126 2.603685 -0.1738455 -2.328256 0.8893623
-3.930957 -1.731422 2.640984 3.656057 1.006562 1.508904 2.665217 2.209953 3.297955 4.162623 3.162026 2.526148 -0.2820668 -2.20015 0.771304
-3.995383 -1.455793 2.282702 3.614863 0.9014193 1.113064 2.84535 2.192433 3.110762 4.142687 2.803641 2.623022 -0.3727215 -2.256226 0.7482216
-4.035908 -1.852251 2.42269 3.91755 0.9055464 1.347958 2.403348 2.004497 3.257108 4.138532 2.903831 2.604391 -0.3061154 -2.547407 0.6505504
-3.972812 -1.98249 2.327434 3.673012 0.6665082 1.390257 2.517437 1.967884 2.953146 3.689585 2.901835 2.209893 -0.5682295 -2.528772 0.6749756
-4.271361 -1.890271 2.119489 3.545042 0.4900958 0.7416558 2.292536 1.60284 2.957567 3.604772 2.682837 2.028501 -0.7006291 -2.81803 0.2777792
-3.998795 -1.845276 2.206355 3.500076 0.7521532 1.079177 2.357012 1.937062 3.014695 3.921127 3.096201 2.414661 -0.457191 -2.364813 0.5265639
-4.466689 -2.109584 1.914311 3.109263 0.1975586 1.048718 2.193912 1.890065 2.612104 3.623748 2.458053 1.990044 -0.9012208 -2.716793 0.227832
-4.240497 -2.164672 2.106284 3.322371 0.5824764 0.8694377 2.035653 1.756395 2.755857 3.54802 2.530472 2.052723 -0.6708541 -2.648927 0.4610674
-4.16966 -2.073583 2.096679 3.300927 0.5173318 1.00416 2.183186 1.620152 2.71772 3.758308 2.586543 1.962164 -0.6441206 -2.477603 0.4491259
-4.225221 -2.040297 2.036954 3.299766 0.2312121 0.8611092 2.136098 1.46326 2.593686 3.460271 2.587448 2.034457 -0.8708477 -2.713692 0.3409277
-4.414324 -2.066161 1.941188 3.399427 0.8944651 0.9389611 2.009837 1.872795 2.942614 3.732404 2.676974 2.222437 -0.7021212 -2.63796 0.4619885
-3.880507 -1.750422 2.29383 3.521559 0.7741972 1.181887 2.236665 1.773377 2.990145 3.983264 2.871422 2.304904 -0.6335485 -2.277449 0.7158601
-4.172958 -2.00538 2.351031 3.373062 0.7348715 1.173446 2.367494 1.849719 2.998019 3.890639 3.062871 2.510408 -0.6262659 -2.527405 0.6707418
-4.1679 -2.093803 2.308329 3.381552 0.6171238 0.942214 2.425862 1.971599 3.057002 3.862591 2.818512 2.028052 -0.6646535 -2.7244 0.7976839
-4.327648 -1.926666 2.244898 3.284435 0.4014744 0.7228811 2.180526 1.507947 2.47876 3.749234 2.395512 2.200163 -0.3300791 -2.686168 0.6079631
-3.945007 -2.174791 2.216956 3.192802 0.4412411 0.9285784 2.369857 1.657342 2.568612 3.473488 2.843595 1.879467 -0.5753576 -2.747044 0.345471
-4.199888 -2.118344 2.269258 3.252734 0.7391579 0.9234727 2.180257 1.643976 2.915009 3.438493 2.468961 2.286304 -0.7176492 -2.655383 0.3588465
-4.150868 -1.871401 2.172588 3.492876 0.629287 0.9551944 2.506458 2.056033 2.734625 3.598555 2.87791 2.203454 -0.5736388 -2.669689 0.5854438
-4.327757 -2.107102 2.329992 3.485781 0.4400892 1.021066 2.633632 2.03349 2.965851 3.763243 2.906144 2.171667 -0.5105473 -2.795883 0.345019
-4.342306 -1.912183 2.075735 3.3836 0.5767828 0.8372845 2.222616 1.802729 2.63639 3.666901 2.51832 2.20097 -0.4979272 -2.54934 0.4197795
-4.021293 -1.893052 2.007736 3.356948 0.5273013 0.9416978 2.618002 1.980027 2.76195 3.435154 2.718988 2.259547 -0.6221223 -2.703075 0.359334
-4.3689 -2.25751 2.060584 2.988083 0.3767677 0.6033477 1.879661 1.316938 2.426317 3.357806 2.478005 1.92968 -0.9197846 -2.801351 0.07455525
-4.488829 -2.392501 1.895451 2.977576 -0.0139813 0.498031 1.915044 1.55532 2.236498 3.267943 2.404177 1.852387 -0.9712162 -2.976851 0.1335586
-4.776934 -2.408835 1.643353 2.933479 0.1606231 0.4574961 1.677719 1.143089 2.335892 3.073359 2.490313 1.611628 -1.205513 -3.02089 0.05106376
-4.451246 -2.643222 1.634216 2.937435 0.1569932 0.5427946 1.900884 1.373563 2.487906 3.292361 2.185082 1.500573 -1.222615 -2.887592 -0.06937435
-4.336139 -2.285557 1.738773 2.948221 0.1186934 0.6826722 1.964679 1.607441 2.353519 3.132725 2.589852 1.836974 -0.9343621 -2.951878 -0.006827304
-4.206903 -2.240583 2.004421 3.213423 0.4571374 0.9821697 2.267884 1.726837 2.688877 3.700774 2.799625 2.15006 -0.7492509 -2.882808 0.3914
-4.504126 -2.065675 2.066976 3.08348 0.533574 0.5575374 2.101875 1.596274 2.696614 3.690313 2.843092 1.996262 -0.7287768 -2.630335 0.177377
-3.952054 -1.785541 2.243996 3.31834 0.5737219 0.9593534 2.377381 1.971394 2.735359 3.795357 2.617569 2.334915 -0.4845492 -2.769564 0.4534486
-3.955675 -1.683237 2.221115 3.758777 0.7081705 1.176642 2.715158 2.119684 2.983605 3.923588 3.094138 2.349244 -0.4740317 -2.397816 0.7680467
-3.950797 -1.735422 2.412217 3.727859 0.860307 1.15997 2.59988 2.104099 3.089162 4.12072 2.990269 2.570149 -0.2836785 -2.410502 0.8214342
-3.772061 -1.782651 2.205173 3.547459 0.4855809 1.10703 2.545987 1.743789 2.748381 3.876019 2.859097 2.228139 -0.5752281 -2.591647 0.7321456
-3.916757 -1.847898 2.226262 3.525918 0.5889627 0.9336381 2.170741 2.084509 3.103651 3.80915 2.798222 2.281177 -0.7461091 -2.660975 0.5342048
-3.973465 -2.002798 2.19031 3.406845 0.6459713 1.100306 2.480274 1.724811 2.556926 3.787358 2.883309 2.288469 -0.7326831 -2.605171 0.4233968
-3.956285 -1.908954 2.226364 3.493369 0.4665975 0.6749198 2.239665 1.812148 2.671134 3.742798 2.717372 2.172054 -0.5459615 -2.338247 0.5490587
-4.249282 -1.883242 1.985817 3.504413 0.3809477 1.133338 1.893626 1.771233 3.042517 3.742124 2.667448 2.2042 -0.5003153 -2.607159 0.5673462
-4.119456 -1.93397 2.237497 3.532486 0.5813232 1.070572 2.421348 1.949414 2.788814 3.766867 2.659533 2.277743 -0.635713 -2.377547 0.4126218
-3.988427 -1.887358 2.146128 3.143204 0.5090737 0.730545 2.178445 1.69864 2.583202 3.685908 2.563737 2.219182 -0.6719829 -2.812937 0.4112562
-4.507722 -2.43098 1.936332 3.391892 0.2181987 0.6308943 2.093244 1.704261 2.595925 3.664814 2.758507 1.975561 -0.8139285 -2.674703 0.2784478
-3.987392 -1.833037 2.2147 3.310604 0.3909483 1.223177 2.441181 1.864215 2.876658 3.76636 2.795329 2.193959 -0.8416077 -2.406162 0.7958931
-4.105505 -1.730069 2.117791 3.817654 0.7651446 1.352463 2.444558 2.013975 3.021267 3.791752 3.111337 2.575438 -0.6228163 -2.326354 0.6074956
-4.027417 -1.834964 2.115288 3.426087 0.6055153 1.092024 2.476645 2.043629 2.831645 3.947371 2.830539 2.232644 -0.6755881 -2.303532 0.6012624
-4.01183 -2.033265 2.213108 3.439405 0.4171467 0.8799394 2.303654 1.77707 2.79122 3.581716 2.826477 2.136972 -0.7755781 -2.676627 0.5102301
-3.828771 -1.774569 2.308601 3.616015 0.7061516 1.1591 2.584819 1.980259 2.943464 4.070886 2.80252 2.117172 -0.3843993 -2.632685 0.5089484
-4.070914 -1.853766 2.363467 3.309733 0.537939 1.02551 2.288655 2.066694 3.119189 3.540132 2.805011 2.214772 -0.5499323 -2.423033 0.3947381
-4.021136 -2.037261 2.27791 3.447232 0.4140019 1.107554 2.286948 1.9874 2.749634 3.676078 2.664849 2.233784 -0.7149809 -2.600271 0.440609
-4.17415 -1.929386 2.338079 3.62419 0.5358071 1.011274 2.094018 1.741037 2.934019 4.019123 2.677063 2.294668 -0.6259993 -2.37005 0.5063948
-4.198607 -2.125955 2.383787 3.328851 0.33111 1.042767 1.982629 1.704461 2.459092 3.697576 2.917658 2.108428 -0.4929739 -2.528068 0.399185
-3.908805 -1.821752 2.169371 3.402488 0.4138703 1.153633 2.459128 2.086957 2.806097 3.576336 2.54348 2.468117 -0.5950693 -2.516571 0.4654393
-4.100474 -2.083015 2.036101 3.332622 0.6080546 0.9150381 2.093803 1.77671 2.977355 3.631232 2.720591 2.144749 -0.4971721 -2.625553 0.3437135
-4.381946 -2.033717 2.048212 3.519797 0.4582848 0.8479454 2.175598 1.843081 2.656065 3.578066 2.6312 2.0836 -0.7442001 -2.965887 0.3881989
-4.003998 -2.011992 2.166927 3.322145 0.6430945 1.107902 2.447069 1.881309 2.81645 3.893214 2.691561 2.265313 -0.7859916 -2.708395 0.5286758
-4.100602 -1.903868 2.089033 3.314703 0.6755561 0.9207362 2.531708 1.862248 2.664144 3.559014 2.689026 2.144196 -0.5465436 -2.731189 0.2222734
-4.651479 -2.182543 1.778431 2.900839 0.0874816 0.667967 2.12952 1.362213 2.554391 3.39628 2.379439 1.870852 -0.8407079 -2.761019 0.09523704
-4.53369 -2.315081 1.882502 3.087808 0.2103852 0.7250981 2.176606 1.612847 2.626121 3.624403 2.406945 1.774681 -0.8871642 -2.77479 0.227137
-4.275109 -2.127978 1.845513 3.054107 0.3088743 0.7731235 2.041629 1.690838 2.710344 3.476623 2.327033 1.864088 -0.971518 -2.578035 0.003826286
-4.567427 -2.348341 1.712369 3.089738 0.2739533 0.479862 1.883418 1.392871 2.403293 3.204661 2.265677 1.707566 -1.06241 -3.032554 0.05713372
-4.745149 -2.552363 1.472454 2.85968 -0.1334727 0.3958358 1.742099 1.328967 2.171953 3.15777 2.220685 1.647676 -1.356497 -3.050618 -0.08363317
-4.475511 -2.198724 1.866096 3.10187 0.323259 0.720713 2.082142 1.594175 2.671524 3.635874 2.534732 1.975637 -0.8430624 -2.739797 0.2396634
-4.079523 -1.831354 2.075915 3.345987 0.6184732 1.051768 2.391593 1.943186 2.891047 3.817446 2.915876 2.384267 -0.6493792 -2.54127 0.6054735
-4.08197 -2.087694 2.085239 3.091036 0.4976478 1.031044 2.313853 1.843921 2.924376 3.751371 2.745033 2.180017 -0.9001183 -2.592675 0.4459866
-4.319201 -2.201364 2.150893 3.273178 0.4198293 1.012305 2.388929 1.783176 2.900968 3.649275 2.724906 2.293061 -0.7922829 -2.690187 0.3342178
-4.386033 -2.132977 2.026238 3.210591 0.6219044 0.8670496 2.348901 1.678801 2.75798 3.395403 2.452414 1.977325 -0.7295678 -2.645398 0.2892742
-4.514296 -1.89285 2.152045 3.466797 0.451838 1.042491 1.980597 1.930527 2.505645 3.721465 2.624579 1.867152 -0.7048079 -2.749559 0.2898296
-4.274421 -2.207213 2.25648 3.067017 0.3236518 0.8062787 1.99161 1.637879 2.638496 3.669617 2.476445 1.88215 -0.8626942 -2.830941 0.3776037
-3.884839 -1.826893 2.14218 3.580792 0.7573106 1.114287 2.342307 1.955125 3.13852 3.751156 2.722003 2.419273 -0.624806 -2.54975 0.3569005
-4.529349 -2.177013 1.842109 3.09818 0.2018056 0.5367825 2.042551 1.567158 2.634408 3.447564 2.383671 1.837475 -0.920182 -2.989509 0.2350146
-4.444621 -2.129049 1.986563 3.065641 0.3989322 0.5345793 1.910827 1.277534 2.639006 3.513903 2.586624 1.919187 -0.8843529 -2.813954 0.214584
-4.354654 -2.100637 2.175783 3.381731 0.3166824 0.695016 2.269502 1.559841 2.771764 3.746862 2.467306 2.066402 -0.8374069 -2.645131 0.02542202
-4.369665 -2.30169 2.230618 3.235601 0.430729 0.9163217 2.013964 1.87305 2.629208 3.489415 2.59258 1.975096 -0.9669911 -2.705072 0.2760124
-4.181519 -2.226498 1.864817 3.322864 0.3092893 0.8690893 2.118431 1.884233 2.547201 3.552754 2.672781 2.042567 -0.9261209 -2.779957 0.4631608
-4.235679 -1.88158 2.376224 3.401284 0.5607456 0.9104709 2.215357 1.787543 2.833986 3.9442 2.77205 2.082307 -0.6864696 -2.586926 0.606973
-4.154834 -2.090146 1.906971 3.311913 0.548739 0.7365111 2.310752 1.744789 2.683016 3.55355 2.353401 2.13841 -0.8907196 -2.508926 0.6070534
-4.553629 -2.267683 1.705961 3.100633 0.291294 0.8614602 2.138664 1.342872 2.433527 3.47666 2.328915 1.751526 -0.8230444 -2.927371 0.2079201
-4.527293 -2.330025 1.561939 2.973645 0.2698381 0.6443218 1.81721 1.535859 2.480748 3.326095 2.261987 1.774938 -0.7762424 -3.080665 0.006487163
-4.596372 -2.527972 1.703031 3.123852 0.3324058 0.6402712 1.68429 1.473529 2.415969 3.209716 2.217113 1.798645 -1.105239 -3.227686 -0.1055019
-4.691544 -2.174473 1.894284 3.116189 0.1964155 0.6890457 2.066289 1.548451 2.748064 3.440934 2.340113 1.972352 -1.123957 -2.713214 0.186364
-4.230808 -2.401907 1.816013 2.996878 0.3020926 0.5813108 2.13314 1.473005 2.37437 3.400271 2.5476 1.852322 -0.8855612 -3.006514 0.03370057
-4.609847 -2.378412 1.510516 2.973663 0.3115427 0.4126449 1.781213 1.133246 2.328448 3.367975 2.455361 1.833671 -1.174242 -3.087095 -0.07264403
-4.371067 -2.182947 1.575881 2.985161 -0.08248346 0.6227366 1.610534 1.440865 2.394712 3.309763 2.339561 1.712653 -1.158818 -2.966665 -0.1990176
-4.307781 -2.380565 1.960512 3.266955 0.31789 0.7241404 1.852022 1.537722 2.328898 3.34177 2.432395 1.979459 -0.7898846 -2.492241 0.1764975
-4.404114 -1.857015 1.956073 3.113491 0.3679876 0.8088366 2.065931 1.650677 2.702585 3.617537 2.551119 1.753905 -0.9886245 -2.648977 0.2052416
-4.372436 -1.883984 2.009754 3.507819 0.5220401 0.8060894 2.121991 1.70927 2.827428 3.654051 2.726092 2.261593 -0.6016772 -2.556239 0.5084479
-4.438358 -2.007313 1.977364 3.342735 0.3577682 0.9307063 2.114293 1.640401 2.665658 3.596142 2.504069 1.930182 -0.6582055 -2.532793 0.04179965
-4.311799 -2.235705 1.770717 3.249345 0.2984127 0.8162694 2.184384 1.574785 2.647009 3.450555 2.64614 2.314036 -0.7795411 -2.715114 0.3096272
-4.000957 -1.881594 2.126892 3.355 0.6333274 1.068906 2.414632 1.688993 2.791547 3.767832 3.155129 2.318731 -0.6027527 -2.559571 0.5155075
-4.370453 -2.107993 2.106393 3.351306 0.4252079 1.0009 1.987151 1.751224 2.667367 3.424595 2.643992 1.968963 -0.6568748 -2.608909 0.1721038
-4.572088 -2.126881 1.970137 3.14125 0.4423538 0.8276605 2.277971 1.6318 2.656139 3.831746 2.658445 1.968595 -0.6942965 -2.808692 0.393807
-4.52373 -2.350729 1.937097 3.281684 0.0192482 0.8009899 2.059686 1.471271 2.391114 3.583237 2.28882 1.805925 -0.8642645 -3.048031 0.1297955
-4.030441 -2.074308 1.926334 3.230231 0.3372438 0.9254575 2.06499 1.826268 2.791036 3.524319 2.655682 2.18537 -0.742708 -2.478048 0.3890885
-3.883833 -1.650092 2.614371 3.6172 0.6264515 1.312926 2.499865 2.260302 3.205904 4.094866 2.885307 2.858695 -0.5277708 -2.327481 0.6180208
-4.013782 -1.77166 2.611879 3.70377 0.7438014 1.386939 2.621376 2.047818 3.421776 4.08169 3.033096 2.648658 -0.2620448 -2.370887 0.7363498
-3.739754 -1.538423 2.485134 3.547222 0.7087173 1.254873 2.403936 2.035576 3.170471 3.999452 2.998824 2.52496 -0.3580899 -2.299456 0.5132474
-3.744966 -1.768623 2.579172 3.820988 0.7199575 1.318444 2.754016 1.853217 2.770718 4.146884 2.917444 2.335107 -0.4996665 -2.282763 0.796676
-3.746432 -1.551095 2.542811 3.788446 0.8216954 1.313958 2.81775 2.090291 3.173164 4.033956 2.945298 2.719288 -0.2051324 -2.259584 0.9867852
-3.562721 -1.291915 2.627501 3.986239 1.019299 1.675377 2.666732 2.447437 3.384666 4.193364 3.148541 2.834499 0.09143924 -1.99595 0.9021342
-3.877683 -1.880857 2.475611 3.647207 0.7882986 1.352514 2.395626 1.984675 2.942742 3.953288 3.080273 2.510833 -0.515894 -2.307205 0.6921736
-3.917803 -1.600869 2.039583 3.433421 0.6527281 1.335628 2.353532 1.99857 2.837892 3.70561 2.831931 2.268933 -0.7338682 -2.464163 0.6293054
-3.916569 -1.941314 2.479178 3.776542 0.7775391 1.263005 2.536369 2.129584 2.911252 4.05187 2.845829 2.420707 -0.5911841 -2.412577 0.6652135
-3.932223 -1.726793 2.500969 3.599204 0.8977416 1.451039 2.722771 2.313612 3.120085 4.04209 3.391927 2.435043 -0.3972409 -2.329217 0.5943362
-3.648051 -1.563353 2.423632 3.829484 0.8252598 1.398371 2.482653 2.057386 2.948598 3.92524 3.075635 2.739426 -0.4776189 -2.145778 0.6768609
-3.820378 -1.604836 2.763262 4.026677 0.9357404 1.690906 2.702553 2.302007 3.417996 4.136787 3.130656 2.751696 -0.02490607 -2.000868 0.9807865
-3.799743 -1.613931 2.719006 3.658642 1.181455 1.217778 2.660848 2.339416 3.284364 4.23304 3.289196 2.779847 -0.2061639 -1.871885 0.9590972
-3.995933 -1.702065 2.315356 3.893172 0.6763738 1.282156 2.313258 2.11644 2.868515 3.799722 3.039546 2.22962 -0.4401499 -2.111823 0.7703037
-4.003165 -1.765476 2.26005 3.727904 0.8106386 1.15188 2.516097 1.877781 2.880712 3.899426 2.851595 2.171301 -0.6136515 -2.489827 0.7294371
-4.101503 -1.700383 2.506548 3.497215 0.7878327 1.014685 2.431519 2.229467 3.031623 4.055998 2.939003 2.324334 -0.3669253 -2.185937 0.5861648
-4.148158 -1.82207 2.424175 3.485183 0.6224125 0.9623653 2.403992 1.814822 2.777002 3.688937 2.697909 2.313193 -0.3941837 -2.263855 0.4247392
-3.964562 -1.698778 2.458372 3.489776 0.9674658 1.039012 2.635977 2.07051 3.10526 3.901632 2.968357 2.278412 -0.3675542 -2.054576 0.6353465
-4.211753 -2.089806 2.287426 3.275655 0.5396324 0.9665424 2.403424 1.883968 2.884402 3.766385 2.682352 2.118658 -0.7332567 -2.55984 0.4428003
-4.522828 -2.20173 1.835001 3.024892 0.1762179 0.4940814 1.922653 1.456416 2.476149 3.435075 2.402883 1.843935 -1.010725 -3.141064 0.3323361
-4.609074 -2.179777 2.053668 3.49982 0.1480439 0.8255672 1.790549 1.499708 2.428361 3.255853 2.488793 1.68943 -0.7359297 -2.813186 0.1497506
-4.125844 -1.848547 2.264137 3.483086 0.7609822 1.088756 2.415266 1.913923 2.853422 3.595281 2.767086 2.227451 -0.5707845 -2.398168 0.5458859
-4.246447 -2.073864 2.025568 3.335357 0.5619978 1.071107 2.231447 1.895063 2.737595 3.870935 2.572183 2.203158 -0.8442428 -2.703949 0.3390865
-4.401096 -1.978005 2.137804 3.182297 0.4665574 0.9341628 2.033909 1.702376 2.627928 3.589224 2.550941 1.931579 -0.8190128 -2.712352 0.342057
-4.55653 -1.947812 1.941762 3.033939 0.2311489 0.4545002 1.891629 1.419172 2.274623 3.49076 2.380209 1.942329 -0.949123 -2.823175 0.2155527
-4.462175 -2.008142 1.976997 3.202704 0.390573 0.7723883 1.952546 1.499762 2.448404 3.492524 2.457381 1.975253 -0.9213355 -2.800853 0.1932135
-4.452182 -2.420052 1.866435 3.274542 0.0001057935 0.689894 1.885215 1.508104 2.400799 3.03051 2.382539 1.816465 -1.069703 -3.037535 0.1893444
-4.42444 -2.273384 1.836975 3.09701 0.3286252 0.5616201 1.793509 1.676156 2.275263 3.217072 2.437766 1.679145 -0.85576 -3.138037 0.3420381
-4.175344 -1.814291 2.169835 3.487913 0.5300996 1.118431 2.255338 1.859305 2.78874 3.74517 2.704153 2.150467 -0.8038464 -2.579175 0.5863693
-3.953314 -2.01641 2.373509 3.625952 0.5204501 1.119602 2.407905 1.790405 2.964755 3.777957 2.708452 2.34314 -0.7713589 -2.805122 0.3553191
-4.144533 -1.827122 2.094534 3.524377 0.8396416 1.061436 2.439373 2.140292 2.802897 3.672688 3.002085 2.178399 -0.6173991 -2.548329 0.4153692
-4.012435 -2.139002 2.270977 3.541516 0.8017544 1.209945 2.27815 2.107927 3.13197 3.79418 2.575293 2.314439 -0.6435238 -2.545575 0.6501114
-3.979053 -1.84538 2.186912 3.510968 0.6653515 1.052849 2.51415 1.879295 2.890835 3.818471 2.712508 2.28641 -0.4440463 -2.326742 0.4283706
-3.949004 -2.078911 2.21269 3.554381 0.5944353 0.9584802 2.193906 1.87993 2.806944 3.95077 2.785846 2.101715 -0.6268106 -2.441852 0.3390848
-4.096945 -1.792991 2.012572 3.540195 0.6717847 1.221924 2.391805 2.050672 2.939291 3.826556 2.712358 2.233961 -0.279762 -2.22149 0.724913
-4.058197 -1.859246 2.18698 3.453379 0.4581166 1.036948 2.359319 1.946686 2.697122 3.86686 2.681154 2.369608 -0.5910758 -2.647329 0.5530019
-4.355882 -2.358464 2.002262 3.302685 0.4834627 1.060753 2.356938 1.628589 3.047982 3.695294 2.667293 2.163722 -0.5665594 -2.700459 0.4930629
-4.017773 -1.830656 2.232586 3.506317 0.5490643 1.34694 2.518759 1.978181 2.803573 3.786168 3.147568 2.429992 -0.4890066 -2.27097 0.4423108
-3.839978 -2.060331 2.262703 3.449271 0.8223141 1.234331 2.509626 2.065409 2.750073 3.918902 2.853249 2.341813 -0.3665484 -2.290475 0.7362993
-4.077555 -1.771516 2.209269 3.712841 0.7507839 1.043404 2.420665 2.06559 2.917785 3.93027 2.864679 2.273573 -0.5329776 -2.359678 0.4446975
-4.025239 -1.698871 2.255723 3.723223 0.7007356 1.145452 2.630998 2.181236 3.14807 4.141268 3.124295 2.422428 -0.5077403 -2.307608 0.7748139
-3.533083 -1.54865 2.920292 3.990432 0.959073 1.501779 2.947635 2.372522 3.321345 4.213627 3.335925 2.678658 0.01260137 -1.980945 0.8599307
-3.69353 -1.57019 2.681904 3.772399 1.124215 1.453816 2.726773 2.507764 3.397889 4.335188 3.473267 2.801674 -0.1911553 -1.953681 1.068861
-3.49842 -1.670241 2.825379 3.986743 0.8337792 1.566067 2.668788 2.166496 3.233179 4.190512 3.166588 2.724275 -0.1664153 -2.229663 0.8703044
-3.680866 -1.169005 2.67319 3.911799 1.022567 1.704434 2.849421 2.262126 3.313012 4.17872 3.222406 2.878967 -0.1521804 -2.026959 0.9840493
-3.422532 -1.61232 2.824681 3.938285 1.181232 1.660674 3.224101 2.379608 3.701393 4.30086 3.432325 2.792879 -0.1174257 -2.027584 1.002994
-3.522954 -1.200816 2.805376 4.273211 1.085714 1.656822 2.910254 2.575855 3.553081 4.634454 3.62696 3.177325 0.07691192 -1.829926 1.293638
-3.611364 -1.214614 2.73744 4.234346 1.247285 1.627604 2.917551 2.552052 3.558468 4.270735 3.472105 2.972302 -0.05275098 -1.8123 1.292097
-3.428516 -1.249382 3.06605 4.256713 1.513596 1.819016 3.227506 2.718507 3.423026 4.41546 3.433885 2.862727 0.1878647 -1.739576 1.336666
-3.367162 -1.233676 2.907489 4.268628 1.265632 1.793155 3.346501 2.720234 3.394879 4.607213 3.51573 3.067237 0.1136928 -1.899381 1.203358
-3.133031 -0.8706254 3.317993 4.430695 1.677779 2.005545 3.4259 3.062912 3.888467 4.840785 3.990384 3.223247 0.3546236 -1.81491 1.511084
-3.203438 -0.9971696 3.042877 4.508426 1.749815 1.964834 3.407226 2.876475 3.573844 4.749285 3.600438 3.154601 0.4257654 -1.673723 1.538418
-3.065222 -0.8685166 3.237016 4.359038 1.561065 1.812173 3.173886 3.009318 3.803513 4.663281 3.849668 3.346395 0.3304863 -1.538566 1.382123
-3.458106 -1.106339 3.105277 4.329608 1.364151 1.825143 3.167681 2.666028 3.475852 4.636683 3.644317 2.942627 0.4008979 -1.491905 1.31535
-3.653968 -1.2995 3.027476 4.25341 1.355942 1.642557 3.023854 2.239865 3.51068 4.683578 3.354578 3.029529 -0.01764661 -2.011853 1.002066
-3.391168 -1.381387 2.926213 4.05576 1.125083 1.57871 3.000893 2.362716 3.594357 4.273762 3.459136 2.843422 -0.0329234 -1.936268 1.135264
-3.561794 -1.71964 2.69587 3.862911 1.03717 1.447865 2.893932 2.033293 3.25795 4.336147 3.180455 2.530496 -0.3199505 -2.038723 1.111748
-3.565217 -1.442004 2.555696 3.944501 0.7178058 1.348695 3.000619 2.457945 3.138579 4.13549 3.211164 2.756714 -0.2398734 -2.195175 1.113885
-3.942397 -1.792815 2.516464 3.666668 1.076416 1.296061 2.616612 2.022418 3.16474 4.27465 3.053857 2.440009 -0.1879395 -2.277979 0.7593829
-3.816203 -1.797919 2.426829 3.95959 1.029199 1.235858 2.410693 2.319175 2.854431 4.085767 3.033524 2.229308 -0.552699 -2.231572 0.5945636
-4.020424 -1.685657 2.281411 3.573326 0.9171246 1.108137 2.418301 2.226382 2.896255 3.920724 2.732785 2.743405 -0.4457 -2.2598 0.6797592
-4.030585 -1.487865 2.438236 3.5576 0.8400678 0.9912551 2.479452 2.270524 3.096251 4.107153 2.856454 2.24726 -0.4089371 -2.286374 0.8087767
-4.189653 -1.907216 2.42323 3.512372 0.6883793 1.176978 2.294729 1.960669 3.008567 4.123025 2.843688 2.367625 -0.4959261 -2.287118 0.5498639
-4.345176 -2.025399 2.261054 3.503113 0.7926889 1.039856 2.300137 1.965886 2.938887 3.754844 2.630266 2.19264 -0.8434108 -2.559533 0.5411159
-4.237685 -1.955502 2.216204 3.301957 0.453257 0.8518574 2.471211 1.571808 2.537887 3.821094 2.662203 2.411936 -0.7327031 -2.467247 0.0342546
-4.157328 -2.098885 1.910325 3.061967 0.2640496 0.9306568 2.141735 1.932134 2.634539 3.608412 2.758749 2.009297 -0.6970924 -2.556175 0.5143658
-4.454974 -2.383937 1.929747 3.023028 0.3185723 0.5817632 2.152125 1.66543 2.614413 3.289422 2.351944 2.099483 -0.6930683 -3.032573 0.1838469
-4.517473 -2.096108 1.742558 2.959523 0.08577768 0.5095168 1.812569 1.534293 2.562353 3.240734 2.386048 1.692928 -0.9309189 -3.195928 0.1345551
-4.563558 -2.410276 1.792148 3.037458 0.1056886 0.4093781 2.053007 1.600822 2.48726 3.254065 2.415897 1.672517 -0.9614852 -3.124911 -0.08542766
-4.561763 -2.554065 1.661057 2.678068 0.1143414 0.5936011 1.798408 1.468172 2.221455 3.05476 2.061426 1.643774 -0.9527265 -2.936976 -0.1641284
-4.66499 -2.454129 1.809805 2.719939 0.1019777 0.6246706 1.869316 1.496957 2.443095 3.401978 2.271632 1.695006 -1.197494 -2.886603 0.06360407
-4.493433 -2.52922 1.702614 2.765529 0.0648942 0.4844947 1.889013 1.511345 2.307649 3.275962 2.370271 1.809968 -1.135243 -2.848136 -0.1482593
-4.660427 -2.366387 1.755801 2.881144 0.1024392 0.5492693 2.047661 1.636878 2.269274 3.272738 2.101694 1.72082 -1.185708 -3.139694 -0.0768627
-4.491611 -2.225654 1.848508 2.907102 0.2155458 0.6752843 1.826234 1.240563 2.428639 3.501208 2.314999 1.470203 -1.001028 -3.005176 0.1008995
-4.491931 -2.438061 2.007365 3.420055 0.2776247 0.7385996 2.038251 1.692832 2.297185 3.390175 2.385003 2.097171 -0.8996211 -2.670146 0.07718967
-4.465863 -2.164611 1.957563 3.149578 0.3459868 0.6927039 1.940561 1.819326 2.704978 3.564 2.554066 1.779463 -1.020797 -2.893105 0.1728532
-4.260654 -2.077496 2.13551 3.408598 0.4186231 0.659629 2.243366 1.755341 2.654086 3.375669 2.627223 2.15032 -0.9598352 -2.608356 0.3331309
-4.617389 -2.120148 1.918158 3.046395 0.2864689 0.5644355 1.968408 1.435529 2.637769 3.18198 2.318549 1.94577 -0.80022 -3.06208 0.2505822
-4.535487 -2.101465 1.765252 3.064178 0.5108141 0.6880104 2.094042 1.679586 2.512713 3.645544 2.186663 2.078144 -1.029451 -2.96389 0.4646016
-4.298599 -2.200201 1.937228 3.147102 0.5882119 0.945309 2.100325 1.638229 2.767456 3.369394 2.540337 2.088251 -0.69624 -2.643201 0.5987138
-4.21533 -2.126957 1.765315 3.099119 0.2755575 0.8985677 1.970752 1.718563 2.678254 3.38155 2.569981 1.774669 -0.9115883 -2.80645 0.2437256
-4.11447 -1.66797 2.482316 3.394186 0.5484061 1.008945 2.459796 2.030622 2.918086 3.905397 2.957422 2.30693 -0.3786446 -2.50365 0.5363126
-4.207278 -2.085703 2.348491 3.238438 0.4617923 0.9898771 2.088199 1.994188 2.681022 3.82621 2.91726 2.220001 -0.6726195 -2.843183 0.4760267
-3.854571 -1.910635 2.444658 3.564567 0.9353492 1.130528 2.194072 2.002394 2.976273 3.944245 2.970395 2.186731 -0.593799 -2.565356 0.7912487
-4.332153 -1.937546 2.295742 3.442008 0.5902356 1.073276 2.341886 2.008201 2.960883 3.824371 2.730166 2.18759 -0.46165 -2.228217 0.5247817
-3.938666 -2.137573 2.227756 3.408364 0.4983303 0.89287 2.378216 1.894668 2.83435 3.797809 2.727316 2.173406 -0.5255591 -2.506028 0.5672552
-4.20556 -1.913782 2.346769 3.620945 0.6573082 0.8987869 2.389763 1.843879 3.025242 3.818765 2.793757 2.360502 -0.5692695 -2.634501 0.4708905
-4.082308 -1.672493 2.179994 3.549429 0.6619188 1.300078 2.513667 1.794413 2.896724 3.989984 2.784096 2.404467 -0.6176164 -2.585818 0.5445264
-4.034802 -1.733713 2.499032 3.784709 0.7237104 1.288921 2.512519 2.1362 3.198487 3.864703 2.911111 2.56998 -0.3358111 -2.433536 0.7638374
-4.044575 -1.728513 2.370182 3.760789 0.8545109 1.209306 2.412637 2.086765 2.943288 4.127526 3.066769 2.261292 -0.1935011 -2.338394 0.5087994
-4.250301 -1.620612 2.138606 3.876242 0.9018901 1.453098 2.556821 1.911483 3.192489 4.110022 2.813177 2.315418 -0.3474186 -2.345067 0.6172093
-3.968748 -1.610443 2.250442 3.399562 0.7021974 1.05261 2.408248 2.048527 2.66112 3.660634 2.775859 2.389853 -0.5047088 -2.340723 0.4514211
-3.7669 -1.830546 2.337001 3.554738 0.6309815 1.174829 2.634405 2.149335 2.863383 3.929915 3.107758 2.279133 -0.5241392 -2.493837 0.4503532
-3.752355 -2.015598 2.552474 3.586888 0.7971567 1.129947 2.276931 1.898418 3.092475 4.119997 2.927734 2.496581 -0.3174879 -2.373403 0.7056571
-4.022984 -1.960755 2.279254 3.68434 0.705079 1.21407 2.373297 2.052924 3.211177 3.985425 3.005006 2.364008 -0.4792819 -2.234767 0.4591608
-4.008334 -2.019547 2.194471 3.463132 0.6204778 0.997393 2.298104 1.95287 2.851776 3.599027 2.843661 2.399811 -0.4059249 -2.579362 0.5700176
-3.87038 -1.971972 2.345579 3.531944 0.7957609 1.185081 2.547182 1.699571 3.005936 3.938323 2.68807 2.490679 -0.3579476 -2.327802 0.7466103
-3.708677 -1.456827 2.461869 3.94175 0.9850727 1.164019 2.752242 1.904027 3.046291 4.034369 3.166937 2.542236 -0.2011173 -2.265711 0.8979002
-3.735831 -1.429168 2.376505 3.711576 0.9438932 1.298461 2.621581 2.026698 3.183328 4.267805 3.114933 2.470887 0.06485306 -1.966831 1.044879
-3.244567 -1.274578 2.705758 4.157644 1.139384 1.618758 2.77818 2.18237 3.522696 4.477025 3.401805 2.519541 0.07603183 -1.835086 1.299324
-3.402344 -1.274356 2.805157 3.601919 1.038157 1.491447 2.601046 2.368272 3.122747 4.04326 3.428873 2.615632 -0.1471122 -1.837626 1.001892
-3.64393 -1.369925 2.647641 3.935628 1.140153 1.633208 2.655159 2.280024 3.245903 4.250118 3.367043 2.745303 -0.3531942 -2.164324 0.8697739
-3.515126 -1.49077 2.651806 3.95956 1.158629 1.703569 2.862613 2.488532 3.448747 4.22501 3.393014 2.694426 0.0289026 -1.921922 1.08294
-3.221025 -1.228111 2.73694 4.090697 1.236487 1.829433 2.939303 2.534857 3.319114 4.493123 3.364676 2.969325 -0.01825774 -2.109692 0.9175629
-3.473516 -1.219227 2.739752 4.235702 1.171616 1.847751 3.155951 2.518041 3.312349 4.217136 3.330336 2.981072 0.07652329 -2.042478 0.9132253
-3.454416 -1.196608 2.878635 4.124937 1.196635 1.882207 2.72453 2.682431 3.63414 4.394121 3.525358 2.838893 0.09330328 -1.882034 1.279313
-3.542542 -1.114088 2.858682 3.746314 1.455315 1.715759 2.912877 2.487705 3.525148 4.214691 3.591962 2.880128 0.1956626 -1.953572 1.094306
-3.450302 -1.519745 2.911962 4.276322 1.301566 1.82019 2.903685 2.380432 3.675294 4.363348 3.393601 3.070581 0.321495 -1.655127 1.321206
-3.534002 -1.321853 2.715564 3.891174 1.441355 1.563383 2.870789 2.696948 3.635015 4.500977 3.509065 2.959151 0.1329995 -2.048004 1.200502
-3.819383 -1.486313 2.497652 3.788512 0.9118254 1.362534 2.768402 2.511759 3.415819 4.167024 3.293504 2.574908 -0.1827776 -2.280906 0.7392759
-3.675831 -1.48168 2.653477 3.81206 0.9293265 1.263913 2.828438 2.380133 3.083185 4.130443 3.190897 2.606257 -0.3262665 -2.127997 0.8956307
-3.644565 -1.686358 2.626226 3.789549 1.008468 1.383739 2.706177 2.319846 3.168274 4.115052 3.12411 2.637048 -0.2591632 -2.167921 1.013294
-3.751911 -1.715569 2.756358 3.873073 0.9657743 1.608588 2.801084 2.245719 3.53327 4.26743 3.345756 2.735996 -0.02889226 -1.915497 0.8507261
-3.717798 -1.37687 2.945431 4.194764 1.092415 1.474122 2.778439 2.535624 3.419315 4.212641 3.501158 2.847206 -0.04677685 -2.096967 1.049923
-3.720766 -1.55567 2.662531 4.081549 1.002617 1.600948 2.813041 2.470234 3.415943 4.210131 3.132919 2.961889 -0.2836066 -2.246158 1.304523
-3.483641 -1.24313 2.594582 4.019915 0.8668254 1.640633 2.885621 2.721657 3.560473 4.080211 3.357856 2.686285 -0.01431907 -2.071516 0.8782901
-3.409992 -1.450894 2.695177 4.106402 1.228755 1.596534 3.074951 2.493859 3.427544 4.543851 3.669691 2.969543 0.09314056 -1.927379 1.280598
-3.623501 -1.218381 2.772821 4.073263 1.00311 1.804531 2.628176 2.474737 3.422589 4.242385 3.488198 2.714755 0.06760875 -2.064201 1.104183
-3.837154 -1.66246 2.485964 3.582106 0.8069263 1.036208 2.417659 2.087395 3.035509 3.990753 3.058921 2.363649 -0.4294836 -2.330518 0.7466814
-3.803697 -1.78608 2.247828 3.395368 0.5857299 1.264523 2.793425 2.06428 3.032897 4.059803 3.081289 2.299973 -0.4607009 -2.428752 0.646406
-3.727166 -1.738701 2.335404 3.582694 0.8380422 1.244021 2.517406 2.079862 3.060648 3.868214 2.904506 2.618954 -0.5318313 -2.284535 0.6883407
-3.755012 -1.803247 2.363632 3.603625 0.8766659 1.5279 2.651746 2.206596 3.181455 4.152897 2.963045 2.386614 0.04348354 -2.068871 0.9967953
-3.937671 -1.661788 2.245097 3.516222 0.7731399 1.041059 2.303712 2.111591 3.101423 3.745709 2.666724 2.367578 -0.2605046 -2.656825 0.5346393
-3.980571 -1.615595 2.513656 3.706559 0.7827409 1.17476 2.615154 2.09865 3.150781 3.860665 3.025521 2.242097 -0.4668465 -2.243893 0.7856953
-3.828209 -1.605806 2.489092 3.670407 0.7958207 1.174069 2.554318 2.096049 3.092397 4.19977 3.134318 2.614725 -0.2800899 -2.023256 0.77323
-3.84886 -1.551382 2.478205 3.793013 0.8516065 1.299484 2.597794 2.062193 3.172263 4.114467 3.131616 2.454371 -0.2194145 -2.359243 0.8917549
-3.944585 -1.753619 2.594696 3.671624 0.642949 1.366064 2.678944 2.296445 3.164614 3.980827 2.864418 2.442837 -0.2195915 -2.12449 0.8638162
-3.858292 -1.71208 2.616065 3.568856 0.7933709 1.166869 2.444348 1.94491 3.281009 4.156085 2.913276 2.719155 -0.3368093 -2.229837 0.6794433
-3.72952 -1.341461 2.433302 3.9488 1.259206 1.423756 2.769126 2.28474 3.438789 4.077276 3.25866 2.453249 -0.2297727 -2.206324 0.8216029
-3.439699 -1.678597 2.646327 3.969234 0.9555433 1.545529 2.62203 2.398199 3.253199 4.259406 3.362999 2.851111 -0.1526648 -2.191496 1.213045
-3.744039 -1.773326 2.668887 3.660417 1.11554 1.406511 2.906655 2.230596 3.347897 4.511405 3.222268 2.427682 -0.1234783 -2.110935 0.6659736
-3.585019 -1.580721 2.812431 3.930357 1.22772 1.719587 2.951868 2.315084 3.344159 4.240116 3.554943 2.457117 -0.2303074 -2.008539 0.8379243
-3.527132 -1.344791 2.877331 3.891823 0.9788297 1.720295 2.768966 2.625007 3.238947 4.178198 3.350001 2.750938 -0.03070585 -1.962745 1.271993
-3.492391 -1.1818 2.770252 4.047176 1.220679 1.578553 2.99437 2.496731 3.533781 4.342154 3.34985 2.916498 -0.04831925 -1.896495 1.311502
-3.313338 -1.00707 2.828147 4.3081 1.413525 1.709774 3.124853 2.542169 3.602733 4.64651 3.735551 3.294128 0.236221 -1.530079 1.396522
-3.363919 -1.103494 3.289981 4.107661 1.348153 1.888615 3.314002 2.673471 3.574 4.543131 3.43707 3.35092 0.2538113 -2.06709 1.325538
-3.303285 -1.06417 3.13725 4.495553 1.577247 1.974596 3.353741 2.68834 3.691338 4.533033 3.672281 3.299779 0.3465547 -1.734574 1.374155
-3.032498 -1.078276 3.218648 4.298032 1.386664 2.04978 3.112785 2.795118 3.741522 4.41184 3.577069 3.270585 0.4359294 -1.646127 1.293419
-3.456923 -1.082745 2.993759 4.452722 1.449591 1.803015 2.987076 2.962808 3.621432 4.630255 3.54658 3.235632 0.1382207 -1.877174 1.394233
-3.316987 -1.180003 3.26962 4.479042 1.487242 2.007926 3.242741 2.743353 3.461096 4.73106 3.604976 3.060792 0.3213271 -1.635923 1.246517
-3.18877 -1.100129 2.875154 4.297179 1.406075 1.638334 3.13205 2.656399 3.467301 4.386297 3.334591 3.014867 0.1359785 -1.722254 1.453091
-3.222421 -1.161002 2.975292 4.387897 1.37599 1.848812 3.167844 2.961788 3.598931 4.431656 3.546756 3.127995 0.2469489 -1.817893 1.443044
-3.532859 -1.308939 2.890076 4.176247 1.503203 1.778436 3.010356 2.508294 3.463841 4.486981 3.692306 3.135956 0.1356679 -1.766456 1.355059
-3.564892 -1.380559 2.802815 4.099756 1.224361 1.699141 2.708278 2.625048 3.668022 4.420192 3.266149 2.814288 -0.09498234 -1.833417 1.074727
-3.492216 -1.527914 3.034469 3.926199 0.9623309 1.643273 2.815578 2.543357 3.666303 4.409656 3.225016 2.77492 -0.0610037 -1.859513 0.9707944
-3.641713 -1.611307 2.563053 4.01445 1.114944 1.744646 2.751312 2.300479 3.241354 4.218963 3.115496 2.728021 -0.1513028 -1.997077 0.9842665
-3.576291 -1.391792 2.567666 3.86755 1.335367 1.585242 2.766455 2.36893 3.100985 4.296201 3.293706 2.601084 -0.2432858 -2.077136 0.7983276
-3.830739 -1.458454 2.603593 4.087105 1.296002 1.539937 3.090776 2.517473 3.343354 4.449127 3.462046 2.837688 0.02598991 -1.95204 0.8669757
-3.64407 -1.555492 2.543406 3.821556 0.9619698 1.482568 2.785081 2.09275 3.419574 4.186934 3.244648 2.546098 -0.203663 -2.080198 0.9986562
-3.542287 -1.543707 2.363818 3.953427 0.9192979 1.094308 2.67966 2.2721 3.084471 3.952807 3.069247 2.409367 -0.350452 -2.170373 0.7070999
-3.763671 -1.485435 2.508936 3.745016 0.8754698 1.339767 2.767848 2.255263 3.194579 4.228119 3.125541 2.63768 -0.2654633 -2.212008 0.8642444
-3.856693 -1.528507 2.71498 3.663824 1.162886 1.458605 2.708276 2.430606 3.140095 4.16401 3.356404 2.779806 -0.1747098 -2.105252 0.7443085
-3.801938 -1.934889 2.36939 3.469571 0.9058329 1.435188 2.829831 2.137988 3.087291 4.189643 3.017884 2.517485 -0.2166112 -2.192912 0.6304496
-4.040913 -1.873763 2.450265 3.738208 0.9751357 1.287931 2.703899 2.433069 3.144458 4.079116 3.076379 2.39018 -0.1933596 -2.575962 0.8142078
-3.782478 -1.851573 2.189172 3.698023 0.5936158 1.051583 2.567199 2.012184 2.915447 4.046169 2.77771 2.407071 -0.3298259 -2.327889 1.011587
-4.161531 -2.142575 2.197288 3.388943 0.6868723 0.9920557 2.308418 1.857183 2.999095 3.701305 2.763009 2.383011 -0.584333 -2.655429 0.7675497
-3.699955 -1.602971 2.592889 3.673073 0.687074 1.149549 2.507783 2.058119 3.023658 4.05371 2.850692 2.367824 -0.2255821 -2.202813 0.6924541
-3.787823 -1.768255 2.338414 3.703001 0.8657437 1.291128 2.703513 1.849153 3.167927 4.266569 3.041449 2.402922 -0.5421738 -2.493534 0.6641876
-3.95013 -1.845545 2.084538 3.853541 0.7496089 1.166003 2.536066 2.004304 3.035538 4.152719 2.966887 2.213016 -0.5642083 -2.357328 0.7610276
-3.950129 -1.932764 2.740481 3.677986 0.916443 1.274495 2.598416 2.400879 3.151903 3.976505 2.829709 2.581349 -0.4023795 -2.421625 0.7567469
-3.89136 -1.545228 2.733674 3.721304 0.9527339 1.415912 2.711749 2.16749 3.259889 4.055832 3.036325 2.583772 -0.2752683 -2.333654 0.9172121
-3.968168 -1.618576 2.499292 3.744444 0.9781103 1.330405 2.634274 2.257495 3.195651 4.18984 3.249948 2.761873 -0.2220927 -2.336225 0.9681551
-3.720286 -1.644468 2.824369 3.820656 1.12845 1.544243 2.772199 2.359317 3.45155 4.261942 3.161884 2.646151 -0.0573462 -1.870877 0.9999096
-3.557012 -1.275746 2.871881 4.083003 1.096862 1.666542 3.144112 2.630439 3.498127 4.530882 3.612562 3.068826 -0.1294178 -2.006436 1.101888
-3.314187 -0.7344512 3.160065 4.210756 1.647789 1.979969 3.274395 2.906793 3.862681 4.721693 3.90544 3.049495 0.474724 -1.530137 1.43786
-3.331796 -0.6790613 3.360137 4.339078 1.620241 1.976767 3.385421 2.72948 3.943069 4.811095 3.818404 3.00443 0.4169097 -1.694804 1.440361
-3.148279 -0.8603342 3.266927 4.568229 1.921033 1.981621 3.404506 2.884592 3.861824 4.723957 3.908475 3.091992 0.6232324 -1.43469 1.662854
-3.112744 -0.9889253 3.375187 4.731834 1.602968 1.950381 3.271333 2.829032 3.724439 4.928341 4.022133 3.277278 0.6572133 -1.348579 1.600464
-3.057297 -0.8401609 3.287136 4.163688 1.40141 2.017938 3.376448 2.942476 3.752383 4.633338 3.750153 3.511865 0.3071661 -1.417467 1.68313
-3.202685 -1.035467 3.009723 4.415172 1.372115 2.104585 3.115778 2.795219 3.635979 4.766081 3.749489 3.062725 0.3134237 -1.673152 1.526795
-3.31596 -1.093784 2.938927 4.121614 1.398639 2.061638 3.18418 2.828234 3.679982 4.66233 3.687286 3.022892 0.3241612 -1.694896 1.26836
-3.498753 -1.519271 2.966386 3.999381 1.164827 1.319297 2.859407 2.40831 3.351035 4.273582 3.229747 2.915119 -0.06695074 -1.768695 0.9416554
-3.61056 -1.408123 2.51561 4.25121 1.300611 1.657242 2.973525 2.391589 3.349828 4.193711 3.451184 2.896817 0.03658481 -1.877078 1.058223
-3.537271 -1.315436 2.814728 4.172671 1.283624 1.456599 2.958066 2.380537 3.404804 4.34817 3.182026 2.684776 -0.1806695 -2.020608 1.079544
-3.532745 -1.434556 2.71614 4.078097 1.260995 1.795043 2.961072 2.329122 3.538686 4.481915 3.496267 2.628425 -0.06876222 -2.012767 1.052327
-3.64729 -1.622835 2.806835 3.911361 1.167657 1.673165 2.853739 2.53431 3.225508 4.177769 3.436633 2.546517 -0.175101 -2.179876 1.194552
-3.770788 -1.629885 2.782005 3.787568 1.013285 1.385812 2.672128 2.407997 3.020432 4.005319 3.080886 2.619728 -0.3517091 -2.110893 0.9380839
-3.984646 -1.82179 2.375191 3.748652 0.7403267 1.164634 2.515833 2.11473 3.266245 4.140417 2.947803 2.62126 -0.355866 -2.154276 0.6251367
-3.6916 -1.464962 2.602342 3.89527 0.7392951 1.517111 2.633657 2.218973 3.217726 4.011283 3.225946 2.588055 -0.3306003 -2.12251 0.9089435
-3.677785 -1.474892 2.42297 3.615575 1.06909 1.33342 2.684131 2.316988 3.23358 4.055752 2.929001 2.393135 -0.1915412 -2.380072 0.7514093
-3.727874 -1.3969 2.736239 3.615646 0.9480594 1.360756 2.739064 2.295469 3.351629 4.391327 3.044101 2.575091 -0.3341393 -1.997334 0.7591017
-3.932806 -1.595103 2.557677 3.845011 0.851367 1.410386 2.754815 2.036047 3.163644 4.126764 3.151712 2.626235 -0.4557298 -2.382955 0.8532728
-3.792372 -1.520515 2.6116 3.788416 1.063188 1.359681 2.617144 2.12129 3.321618 4.107202 3.115061 2.717019 -0.2429919 -2.236865 0.9718718
-3.486372 -1.536384 2.688119 3.899975 1.149345 1.535573 2.815796 2.545459 3.115057 4.040512 3.141892 2.877119 -0.1572399 -2.023058 0.912427
-3.682654 -1.293248 2.955469 4.095794 1.035684 1.640474 2.867686 2.602329 3.175266 4.355774 3.505721 2.886405 0.07076849 -1.766407 0.9336482
-3.727809 -1.357492 2.877328 4.023251 1.249069 1.542885 2.922424 2.152996 3.32314 4.091975 3.28307 2.929642 -0.008250845 -2.135847 0.8135142
-3.383834 -1.186839 3.01835 4.223045 1.505728 1.814102 3.025153 2.375271 3.589434 4.359503 3.492459 2.8211 0.2297955 -1.806429 1.227681
-3.51741 -1.359818 2.973223 4.0958 1.341093 1.881861 2.903755 2.696914 3.587807 4.31369 3.395039 3.045826 0.2118357 -2.028368 1.149005
-3.126693 -1.267651 2.989445 3.940527 1.227641 1.690414 3.084319 2.54676 3.434781 4.107236 3.478546 3.028372 0.2870403 -1.906409 1.221804
-3.688979 -1.186482 2.931547 4.158098 1.125783 1.796174 3.000831 2.805252 3.417055 4.452687 3.358555 2.664539 0.1736133 -1.903928 1.115794
-3.620587 -1.372263 2.731418 3.835994 1.099383 1.499987 2.768788 2.461959 3.322852 4.351372 3.398537 2.689686 -0.1119392 -2.044661 1.093699
-3.783857 -1.500961 2.738115 3.892284 1.055528 1.805895 2.776445 2.434341 3.274917 4.144018 3.39008 2.552512 -0.1404104 -2.08323 0.9413002
-3.767826 -1.398683 2.56816 3.790848 1.227685 1.529644 2.805995 2.317495 3.199408 4.494802 3.420383 2.927479 -0.0869082 -1.908279 0.932074
-3.730813 -1.573153 2.875087 3.935788 0.850651 1.472176 2.73025 2.378174 3.287155 4.161928 3.121148 2.724343 -0.1967636 -2.203254 1.127808
-3.361971 -1.286636 2.731919 4.030126 0.8701262 1.564758 2.85346 2.170675 3.076748 4.215859 3.166099 2.486904 -0.1648153 -2.205919 1.025115
-3.770373 -1.388564 2.741705 3.951707 0.8643614 1.355989 2.380574 2.333749 3.26943 4.213516 3.138978 2.666211 0.04622561 -2.026199 1.015719
-3.43773 -1.086844 2.806282 4.146162 1.271345 1.677461 3.008183 2.486482 3.592194 4.411148 3.585416 2.642087 0.04444171 -1.778814 1.128794
-3.14713 -1.098259 2.950064 4.00605 1.388995 1.845258 3.084883 2.621859 3.568135 4.688205 3.509212 2.905659 0.2076385 -1.712055 1.26785
-3.513664 -1.178103 2.779679 4.049243 1.210337 1.562234 2.79375 2.603292 3.364935 4.580773 3.354947 2.810743 -0.04526701 -2.062387 1.271984
-3.852142 -1.355995 2.804761 3.917844 1.02283 1.480398 2.971885 2.524592 3.263799 4.368721 3.225039 2.620378 -0.06742232 -2.077462 1.025694
-3.373319 -1.621801 2.808073 4.004617 1.134516 1.605755 2.873937 2.531039 3.259736 4.069283 3.094034 2.524118 -0.1307216 -2.319296 0.9905698
-3.494746 -1.504275 2.691295 4.194845 1.004444 1.679769 2.928157 2.541178 3.576316 4.377517 3.484626 2.903555 0.1237725 -1.889163 1.019048
-3.490613 -1.712767 2.926945 3.86898 1.296073 1.737487 3.033293 2.439688 3.50547 4.531676 3.39411 2.791156 0.06641634 -1.946929 1.110529
-3.443519 -1.32082 2.926271 4.162411 1.262308 1.679792 3.182946 2.519807 3.389784 4.219721 3.32132 2.812922 0.07134467 -1.710865 1.16003
-3.625092 -1.375599 2.780075 4.189733 1.095478 1.519582 3.102776 2.579079 3.602469 4.418133 3.307285 2.806291 0.03908548 -1.948204 0.9600692
-4.27357 -1.94559 2.433006 3.670434 0.8401132 1.244827 2.409415 2.067705 2.977783 4.000495 2.909084 2.56668 -0.5291824 -2.242257 0.5199724
-4.11908 -2.06607 2.249244 3.566443 0.8176318 1.06521 2.300825 1.960723 2.976149 3.86028 3.024098 2.485407 -0.4861057 -2.56042 0.6351919
-3.963254 -1.81836 2.31639 3.518823 0.5767707 1.403281 2.477741 2.018621 2.701392 4.016783 2.818087 2.371215 -0.5452969 -2.272374 0.5143516
-4.082038 -2.304916 2.066258 3.950258 0.5104672 0.8999448 2.07529 1.763172 2.608886 3.586645 2.72642 2.23405 -0.6887635 -2.754304 0.4023803
-4.379536 -2.250659 1.861925 3.097776 0.4432764 0.6887325 2.070409 1.699286 2.555535 3.560128 2.376357 2.028192 -1.146821 -2.685385 0.08612299
-4.576963 -2.334639 1.722601 3.096209 0.01606971 0.672289 1.870437 1.534563 2.505356 3.397143 2.204413 1.989318 -1.116638 -2.903516 0.0723794
-4.400682 -2.455135 1.621642 2.678314 0.2480925 0.6800788 1.696944 1.352601 2.333933 3.051678 2.546892 1.801592 -1.13838 -2.96825 0.2449659
-4.725938 -2.622136 1.528589 2.901062 0.04888284 0.379631 1.560886 1.371013 2.31875 3.100935 2.207273 1.430217 -1.191045 -2.998245 -0.0007970833
-4.602135 -2.401317 1.652564 2.857557 0.2404939 0.4598964 1.802675 1.444024 2.33096 3.586706 2.152882 1.720405 -1.006221 -3.057043 -0.1126132
-4.586621 -2.258645 1.692048 2.885767 0.3219656 0.6655793 1.832659 1.516345 2.467137 3.20065 2.209274 1.755857 -0.9495313 -2.967178 0.0710709
-4.596318 -2.374196 1.802126 2.950171 0.08680658 0.640038 1.880988 1.337084 2.120718 3.380844 2.223439 1.728061 -1.160118 -3.1177 0.05824964
-4.72245 -2.360095 1.938744 3.090041 0.1739714 0.2447948 2.137329 1.325632 2.423383 3.220332 2.396593 1.903292 -1.051069 -2.983377 0.05998974
-4.493184 -2.374906 2.013124 3.029857 0.4508587 0.8883842 2.090409 1.574952 2.358235 3.441916 2.319313 1.804105 -1.047884 -2.618984 0.4404241
-4.700026 -2.577965 1.744033 2.920658 -0.06368857 0.4981086 1.698175 1.347854 2.239136 3.011096 2.098831 1.740513 -1.164721 -3.203699 0.1062602
-4.684189 -2.447749 1.570343 3.154783 0.07420324 0.3987145 1.781933 1.371511 2.255509 3.31155 2.282727 1.631037 -0.8987155 -2.969507 -0.1039736
-4.662287 -2.586907 1.637258 2.82833 -0.1478535 0.5476222 1.558133 1.314917 2.21766 3.147346 2.206445 1.734551 -1.243045 -3.270563 -0.0656059
-4.826664 -2.865345 1.365229 2.737958 -0.257132 0.1854635 1.655885 1.26245 2.08448 3.031429 1.952508 1.826672 -1.235951 -3.220353 -0.4206721
-5.139154 -3.028307 1.097951 2.216264 -0.6467375 -0.2143427 1.163405 0.8302781 1.679423 2.609486 1.599172 1.048981 -1.622898 -3.480558 -0.5446587
-5.388951 -3.177217 1.08857 2.288695 -0.636276 -0.219512 0.9980695 0.6346364 1.685504 2.786615 1.47844 1.429123 -1.707117 -3.733223 -0.6079312
-4.945451 -2.97338 1.315714 2.502242 -0.4591092 -0.08226516 1.08369 0.6227537 1.661846 2.725762 1.546069 0.9176873 -1.619332 -3.73196 -0.536516
-5.083 -2.70376 1.169052 2.735485 -0.2352338 0.07109809 1.198859 0.871967 1.885238 3.072261 1.747952 1.293057 -1.29546 -3.372298 -0.4433344
-4.9226 -2.787205 1.256278 2.56342 0.003462351 0.2152254 1.456271 1.156518 2.377575 3.184139 2.202367 1.425935 -1.45378 -3.345424 -0.2111421
-4.601304 -2.183733 1.724523 2.844434 0.2804457 0.5663189 1.799267 1.445235 2.401589 3.228476 2.437004 1.533642 -1.127858 -2.922333 0.1527767
-4.558875 -2.395478 1.600142 3.042257 0.1952984 0.5341775 1.787238 1.511999 2.433586 3.376217 2.353475 1.758944 -1.161107 -3.075975 0.1319746
-4.578529 -2.501101 1.809867 2.858236 0.04474577 0.567955 2.065044 1.472583 2.360706 3.253258 2.419641 1.785871 -1.110496 -2.853835 0.2895914
-4.726398 -2.250416 1.827793 3.073458 0.09796642 0.6336503 1.820379 1.405572 2.426145 3.477166 2.502034 2.074201 -0.6767075 -3.124136 0.3360803
-4.374684 -2.199028 1.838794 3.297814 0.3002964 0.8497554 2.240389 1.669208 2.31517 3.617524 2.535627 2.009779 -0.9301568 -2.686981 0.1532059
-4.57813 -2.22219 1.7131 3.217763 0.3457913 0.6197521 1.879067 1.554471 2.28136 3.456997 2.329127 1.927455 -1.072449 -2.968883 -0.1740069
-4.394867 -2.507231 1.698029 3.254233 0.3098938 0.4648092 2.039913 1.476523 2.611247 3.376066 2.359286 1.948338 -0.9743555 -2.989668 -0.01887811
-4.778847 -2.360964 1.335729 2.822724 -0.1436116 0.3565283 1.824451 1.138849 2.175875 3.081851 2.14008 1.672751 -1.226543 -3.146643 0.1842908
-4.818882 -2.324219 1.632398 2.809147 -0.1025005 0.4395378 1.729212 1.375433 2.393852 3.267797 2.23995 1.767939 -1.29436 -3.043249 0.1843185
-4.286458 -1.999787 1.840656 2.867434 0.1441412 0.6501126 2.137691 1.368796 2.472551 3.363433 2.430545 2.028048 -0.9666316 -2.606057 0.1806237
-4.468059 -1.985719 2.034184 3.046035 0.3094937 0.6906192 2.078663 1.72292 2.559346 3.534717 2.594402 1.980799 -0.837181 -2.826876 0.2882326
-4.339787 -2.289114 2.027537 3.119382 0.4446353 0.7860703 2.344053 1.771485 2.560597 3.43843 2.517602 1.915279 -0.9386054 -2.845681 0.2914713
-4.271554 -1.953591 1.998405 3.168 0.2714241 1.026231 2.217155 1.840193 2.733525 3.535575 2.64187 2.022059 -0.8464591 -2.677054 0.3457275
-4.519969 -2.255414 1.992171 3.088905 0.414914 0.7470115 2.140248 1.567126 2.690794 3.543009 2.422226 2.053888 -1.183071 -2.851959 0.2044255
-4.605632 -2.349794 1.882095 2.821382 -0.1423687 0.4766904 1.843389 1.348483 2.286073 3.428925 2.322777 1.736623 -1.285499 -3.035824 0.06766246
-4.886199 -2.576651 1.59029 2.802329 0.05310594 0.4297123 1.628312 1.010375 2.188299 3.025335 2.210469 1.329729 -1.370685 -3.139663 -0.3721619
-4.646069 -2.45607 1.5763 2.963184 0.203937 0.4322054 1.965921 1.445298 2.257546 3.045086 1.992985 1.635672 -1.232668 -2.972613 -0.2610021
-4.743274 -2.835701 1.355393 2.729005 -0.3854312 0.2324544 1.564179 0.9458675 1.995435 3.155188 1.968606 1.393868 -1.512875 -3.249188 -0.3057248
-5.044996 -2.834943 1.281183 2.574953 -0.3701927 -0.02945422 1.378111 0.8842954 1.92032 2.841665 1.875191 1.35876 -1.482225 -3.223375 -0.5216901
-5.242902 -3.265784 1.06364 2.05912 -0.4710904 -0.1443813 1.258516 1.001221 1.92732 2.342476 1.586041 0.8755438 -1.770264 -3.688138 -0.7174064
-5.162853 -3.263278 1.219758 2.426059 -0.6646508 -0.3464887 1.0657 0.6704578 1.628302 2.579565 1.720491 1.142879 -1.646298 -3.605714 -0.7610334
-5.247518 -3.423288 0.9557769 1.975417 -0.8010556 -0.1647283 0.8649721 0.5098971 1.31242 2.287108 1.429733 0.9139951 -1.778149 -3.877945 -0.8711689
-5.519962 -3.407738 0.7897179 2.052517 -0.8365277 -0.4460693 0.7518419 0.609848 1.20475 2.55907 1.267177 0.7985155 -2.079157 -4.149342 -1.001188
-5.43331 -3.237153 0.6602219 2.180147 -0.7738431 -0.3857893 1.214295 0.6383151 1.766363 2.490732 1.531511 1.044868 -2.07808 -3.965486 -0.923601
-5.526983 -2.997336 0.9111814 2.365823 -0.368165 -0.09211767 1.32589 0.850636 1.592573 2.362584 1.690745 1.16708 -1.89802 -3.617321 -0.7520929
-5.164852 -2.895813 1.037457 2.477855 -0.6754213 0.1429204 1.281913 0.8760669 1.735364 2.798846 1.665244 1.139704 -1.802684 -3.503471 -0.5294591
-4.925175 -2.717172 1.563329 2.637668 -0.02793476 0.1642304 1.760701 1.012026 2.053947 2.775643 1.759067 1.337375 -1.589872 -3.414704 -0.4721968
-4.961563 -2.985297 1.26594 2.302214 -0.2730402 -0.1073489 1.561313 1.154709 2.12749 2.980266 2.167943 1.49207 -1.424632 -3.47347 -0.5253078
-5.392616 -2.612988 1.33545 2.629974 -0.1647733 -0.04439401 1.363277 1.120495 2.068009 2.795414 1.984856 1.471542 -1.413111 -3.327124 -0.2877527
-4.635138 -2.901109 1.724234 2.805824 -0.3624324 0.3204928 1.433847 1.186911 2.111739 2.67739 2.016476 1.4599 -1.209073 -3.334026 -0.328638
-4.702064 -2.430218 1.503256 2.762293 -0.1384591 0.3040519 1.579981 1.309762 2.195355 3.216054 2.242045 1.66592 -1.135654 -3.208741 -0.09465786
-4.797375 -2.45662 1.55076 2.783913 0.1305152 0.6104872 1.593044 1.422616 2.41257 3.013617 1.978351 1.534016 -1.316909 -3.241211 -0.092156
-4.777285 -2.698702 1.637375 2.750042 -0.07140552 0.2130326 1.36744 1.151924 2.018546 2.882522 2.063695 1.679645 -1.193427 -3.134754 -0.4206886
-5.104644 -2.694839 1.372751 2.579206 -0.2180362 0.3696 1.370593 0.9072739 2.061378 2.946308 1.959427 1.476992 -1.240896 -3.485425 -0.4248502
-4.897816 -2.828295 1.355085 2.455432 -0.1876658 0.331607 1.560062 1.123189 2.052107 2.984534 1.981982 1.472435 -1.353609 -3.435909 -0.2965493
-4.540782 -2.348095 1.777191 3.014614 0.166472 0.6006504 1.804968 1.375456 2.477616 3.334543 2.198768 1.87822 -1.067508 -2.661728 0.1585732
-4.542436 -2.430246 1.642719 3.080757 0.3318584 0.5396114 1.935207 1.451868 2.364774 3.421213 2.453179 1.836165 -0.9980924 -2.907554 -0.04667547
-4.572019 -2.254993 1.727908 2.713626 0.3225482 0.5794162 1.911065 1.330797 2.186996 3.122755 2.326907 1.701465 -1.205363 -3.173434 -0.08768814
-4.569612 -2.25506 1.460457 2.898973 0.2412824 0.5508012 1.951389 1.673517 2.243007 3.294899 2.127334 1.704555 -1.086159 -2.979557 0.100492
-4.647892 -2.230577 1.823611 3.01161 0.4175491 0.7111088 2.010302 1.551844 2.311589 3.301061 2.355207 1.813441 -0.8698054 -3.012035 -0.0003632939
-4.186922 -2.133197 1.90844 3.255367 0.3082089 0.9406053 1.98077 1.874672 2.492134 3.552539 2.585343 2.093186 -0.8945585 -2.753729 0.06995478
-4.299446 -2.149421 2.039108 3.290129 0.4703607 0.7069407 2.210032 1.586463 2.666857 3.373411 2.493163 2.059606 -0.6501585 -2.834019 0.2460978
-4.279863 -2.39601 2.030765 3.203942 0.4366888 0.8238107 2.065903 1.616921 2.673338 3.569248 2.495093 2.064908 -0.8628031 -2.461687 0.3447196
-4.700732 -2.539335 1.77473 2.960306 0.09946469 0.590039 1.862476 1.446562 2.36791 3.269302 2.394266 1.65631 -1.087574 -2.892322 -0.06781245
-4.7442 -2.5246 1.879258 2.988029 0.2389122 0.4574682 1.92596 1.111015 2.501042 3.227793 2.230617 1.725765 -0.9362145 -2.861697 0.06771907
-4.813353 -2.592341 1.654279 2.787946 0.06813443 0.7037681 1.955159 1.473345 2.33849 3.09957 2.271662 1.754164 -1.12052 -3.209146 0.08853618
-4.637317 -2.481163 1.8389 2.801795 0.2785682 0.6462445 1.763576 1.29554 2.533424 3.289827 2.224168 1.859517 -1.326683 -2.856359 -0.05412502
-4.651547 -2.166834 1.621286 3.046795 -0.1414018 0.3648062 1.783911 1.257139 2.131801 2.990758 2.035227 1.527971 -1.317032 -3.174291 -0.4244536
-4.735469 -2.565733 1.332999 2.6862 -0.05807956 0.5237556 1.433635 1.234663 1.923823 3.162717 1.993648 1.820695 -1.099131 -3.193928 -0.189632
-4.619777 -2.187254 1.851286 2.964797 0.04259889 0.6102543 1.867986 1.355385 2.276037 3.372919 2.365003 1.755972 -1.040946 -2.795628 0.02949404
-4.584636 -2.504874 1.632697 2.685749 0.02160749 0.4383618 1.808864 1.469187 2.263926 3.062424 2.135967 1.528636 -1.303965 -3.182089 -0.1276295
-4.619646 -2.577064 1.588071 2.85361 -0.08672323 0.5012642 1.76546 1.318921 2.262149 3.179449 2.375662 1.575763 -0.9641587 -3.033272 0.08065955
-4.59035 -2.536902 1.733139 2.908538 0.03760493 0.5069602 1.778488 1.367886 2.325467 3.321108 2.229174 1.813763 -1.094763 -2.983481 0.1503608
-4.575899 -2.544304 1.580633 2.862989 0.1391051 0.6745599 1.813283 1.579744 2.427863 3.197195 2.243926 1.574475 -1.144306 -2.997627 0.1565029
-4.605917 -2.628999 1.508451 2.790498 -0.1040088 0.4770136 1.754567 1.463 2.250271 3.340198 2.319384 1.67198 -1.112191 -3.00735 -0.1227115
-4.91908 -2.455187 1.408271 2.967124 -0.07594589 0.6378027 1.630897 1.467233 2.232683 2.938712 2.099119 1.272435 -1.198903 -3.161176 0.06843959
-4.844366 -2.718987 1.590555 2.722142 -0.1353342 0.447493 1.687715 1.211831 2.259464 3.206571 2.074205 1.607742 -1.244337 -2.979526 -0.2649014
-4.758977 -2.660542 1.539789 2.708025 -0.2581913 0.5067313 1.46245 1.363971 2.049049 2.82237 1.919026 1.646291 -1.443842 -3.442994 -0.2722194
-4.693152 -2.3342 1.614943 2.934814 0.03499907 0.5551626 1.760507 1.235054 2.248577 3.087812 2.255036 1.850451 -1.181242 -2.910919 0.1372974
-4.514823 -2.40838 1.715803 2.999311 0.2076992 0.4817969 1.875295 1.383755 2.372846 3.208386 2.439791 1.804719 -1.02089 -3.209312 0.009019161
-4.469914 -2.305287 1.719636 3.02322 0.1836256 0.7549591 1.984791 1.681762 2.552908 3.751599 2.334127 2.040917 -0.8353771 -2.912313 0.2696387
-4.34094 -2.078435 2.009844 2.955825 0.2038288 0.6137204 1.884203 1.435982 2.479472 3.40904 2.530065 1.76985 -1.053055 -2.78257 0.1395062
-4.482094 -2.279196 1.755752 3.067862 -0.01810963 0.7883653 2.081113 1.489533 2.464418 3.336165 2.269333 1.784387 -0.9002686 -2.88739 0.1235066
-4.31492 -2.049589 2.003677 3.185999 0.5360967 0.7601255 2.201041 1.714728 2.587329 3.575142 2.556208 1.917802 -0.741659 -2.545108 0.2325431
-4.269572 -2.165302 2.115436 3.258061 0.2374847 0.7676954 2.211478 1.824884 2.502055 3.583356 2.415352 1.896433 -0.9892177 -2.893353 0.08854251
-3.949488 -1.997626 1.828919 3.218853 0.4554807 0.8696287 2.179953 1.59555 2.493869 3.645579 2.468602 2.028397 -0.5635439 -2.746231 0.3293752
-4.329901 -1.83224 2.044676 3.426067 0.3059417 0.8277256 2.110265 1.602717 2.697536 3.819299 2.686091 2.182917 -0.7949703 -2.847478 0.4188741
-4.275673 -2.080079 2.108019 3.232767 0.4434926 1.146678 2.128991 1.718767 3.006279 3.922192 2.897076 1.938892 -1.000904 -2.597082 0.4552578
-3.895305 -1.644062 2.43161 3.707569 0.6192694 1.167701 2.569142 2.059055 3.294513 3.886569 2.960312 2.436276 -0.2391175 -2.24523 0.6530971
-3.846486 -1.725856 2.415008 3.748635 0.8970075 1.561238 2.643645 2.245435 3.086918 3.985618 2.80477 2.574725 -0.3118302 -2.488402 0.6746476
-3.746181 -1.630004 2.737429 3.90439 1.241367 1.537957 2.718728 2.255065 3.427869 3.929739 3.198659 2.855498 -0.01052114 -2.043352 0.966732
-3.420679 -1.333632 2.747688 4.009519 1.061005 1.698008 2.857173 2.495489 3.325883 4.325123 3.442049 2.882932 -0.02090801 -2.008894 1.131295
-3.590936 -1.269736 2.87178 4.042914 1.465917 1.793687 2.94305 2.464267 3.507113 4.445481 3.49454 2.989058 -0.05169698 -1.615995 1.248123
-3.4733 -1.507632 2.775415 3.842387 1.005573 1.840223 2.826767 2.283576 3.401901 4.422507 3.444588 2.847426 0.09755581 -1.852633 0.9865461
-3.2792 -0.9882043 3.002707 4.285453 1.578935 1.819817 3.26331 2.714631 3.901389 4.82651 3.840133 3.439243 0.4738032 -1.740946 1.292977
-3.396427 -0.924306 3.105962 4.395157 1.21497 1.860586 3.217527 2.69736 3.895538 4.685977 3.54009 3.220468 0.0253436 -1.713733 1.342688
-3.137884 -1.256881 3.099112 4.315444 1.365064 1.804984 3.195607 2.728014 3.771905 4.55266 3.784536 3.372375 0.3146399 -1.52492 1.424672
-3.622825 -1.452864 2.882363 4.321058 1.327422 1.666008 2.747308 2.542503 3.474336 4.299994 3.39015 3.100155 0.04078236 -2.000867 1.190121
-3.677823 -1.397243 2.776826 3.723933 0.9814985 1.750497 2.747256 2.410474 3.489141 4.281019 3.215754 2.742597 -0.02727844 -1.953684 0.9147773
-3.334872 -1.31032 2.959211 4.177673 1.46682 1.861413 3.216725 2.663575 3.402148 4.32932 3.367065 3.206287 0.28504 -1.796752 1.464548
-3.546437 -1.557714 2.638207 3.801235 1.007432 1.496877 2.616304 2.527277 3.260807 4.006057 3.1139 2.68741 -0.1868683 -1.839415 0.8723265
-3.90025 -1.487806 2.506367 3.893457 0.8752958 1.225817 2.553211 1.922744 3.314463 3.918878 3.055266 2.465003 -0.318798 -2.279414 0.940514
-4.046597 -1.909883 2.478622 3.475693 0.8395726 1.356688 2.518852 2.152897 2.916127 4.143251 3.027584 2.347492 -0.4276679 -2.277314 0.8352177
-3.645991 -1.584479 2.45118 3.920693 0.938038 1.548694 2.793412 2.306279 3.169421 3.963152 3.243844 2.489922 -0.2888512 -2.161168 0.8311433
-3.874476 -1.662319 2.41881 3.527124 0.8533568 1.315328 2.664686 2.074302 2.947379 3.991407 3.072881 2.513191 -0.4578679 -2.177637 0.8362163
-3.809384 -1.800241 2.523498 3.841285 0.8976954 1.195824 2.457728 2.079584 3.05814 4.044358 3.083398 2.76802 -0.2706946 -2.512052 0.7041821
-3.586071 -1.711149 2.461849 3.831968 0.9901879 1.467101 2.72525 2.076875 3.117 4.318734 3.177584 2.642105 -0.4231209 -2.195892 0.8350785
-3.773946 -1.414401 2.533669 3.866046 0.8739164 1.067318 2.810061 2.189843 3.276343 4.2144 3.321105 2.722432 -0.2270234 -2.234957 0.685262
-3.714946 -1.530287 2.439688 3.723269 0.8956448 1.459613 2.37606 2.199663 3.009716 4.082189 3.132336 2.635402 -0.1266436 -2.146712 0.9435555
-4.226014 -2.013606 2.246935 3.450523 0.514604 0.9358369 2.359547 1.819045 2.773218 3.557705 2.6564 2.364497 -0.6484337 -2.432288 0.5402158
-3.922907 -1.547316 2.124258 3.64927 0.7389623 1.220301 2.408501 1.79147 3.027674 4.101831 2.592615 2.272385 -0.3259518 -2.312526 0.4400879
-4.051724 -1.75162 2.277853 3.642959 0.5516204 1.138976 2.421072 2.234538 2.904753 3.969594 2.835012 2.297723 -0.3887049 -2.083433 0.6977205
-3.835378 -1.716266 2.424497 3.858823 0.8638679 1.227521 2.634839 2.012131 2.845846 3.974413 3.061113 2.519063 -0.4433933 -2.384628 0.8458565
-3.610628 -1.728461 2.437848 3.657161 1.140359 1.451431 2.798989 2.313238 3.310942 4.149755 3.051213 2.814508 0.0826416 -2.261242 0.8486792
-3.749751 -1.430108 2.536637 3.792184 0.7107579 1.404176 2.793602 2.171544 3.166794 4.102119 3.097603 2.800905 -0.3186227 -2.281943 0.6944426
-3.92998 -1.792646 2.576447 3.892356 0.9905006 1.35958 2.605042 2.254993 3.232636 3.911683 3.283994 2.686133 -0.4273907 -2.259445 0.7648643
-3.672008 -1.440649 2.555504 4.025829 1.009919 1.543566 2.677194 2.339599 3.269041 4.175895 3.274242 2.698322 -0.1133733 -1.998913 1.03255
-3.606424 -1.426761 2.781962 3.879155 1.202478 1.489605 2.770427 2.334554 3.326004 4.229963 3.279263 2.557533 -0.2530738 -2.017373 1.047765
-3.884093 -1.488851 2.674578 3.906281 0.9583894 1.491789 2.704756 2.055174 3.118361 4.271658 3.249778 2.539062 -0.05878688 -2.347705 0.8832614
-4.057368 -1.720842 2.484642 3.557954 0.8219684 1.380739 2.591751 2.280553 3.006986 4.065162 3.073638 2.415825 -0.3491229 -2.284171 0.8950526
-3.924568 -1.715312 2.56301 3.732359 0.8816207 1.251407 2.656176 2.02489 3.176746 3.96023 3.16336 2.514747 -0.3558386 -2.278943 0.8320738
-3.791761 -1.526121 2.336079 3.630334 1.050346 1.253834 2.814386 2.174744 3.199982 4.029257 2.916156 2.698567 -0.2865862 -2.509013 0.6570004
-3.865262 -1.571099 2.576815 3.842975 1.019258 1.381472 2.659799 2.409651 2.753255 4.002767 3.103173 2.750583 -0.3073321 -2.39044 0.9344746
-3.75221 -1.542377 2.61288 3.787542 0.8845281 1.254494 2.764152 2.207255 3.036987 4.118434 3.128703 2.65974 -0.447085 -2.023642 0.8934594
-3.805761 -1.454327 2.60302 3.895593 1.088005 1.536755 2.752406 2.460368 3.145392 4.100974 3.271146 2.801196 -0.03207867 -2.117097 1.013392
-3.664832 -1.758942 2.495388 3.809408 1.000984 1.440505 2.719502 2.163432 3.331154 4.133665 3.113182 2.723882 -0.1680524 -2.335489 0.8935109
-3.616626 -1.246528 2.835308 3.943008 1.165689 1.815746 2.785127 2.358288 3.572512 4.368656 3.476072 2.955116 0.05506796 -2.108608 1.343453
-3.517021 -1.492697 2.60404 3.941076 1.014709 1.357464 2.871578 2.369658 3.238517 4.148734 3.433755 2.767974 -0.04009164 -1.967205 0.9362272
-3.686488 -1.558634 2.460262 3.872516 0.6283635 1.345505 2.496549 2.382649 3.142541 4.186726 3.096988 2.532202 -0.08590914 -2.17554 0.9776876
-3.787422 -1.53472 2.31681 3.682866 0.7671215 1.278761 2.39425 2.386956 2.941601 4.132031 2.859421 2.289176 -0.1780642 -2.339709 0.7762298
-3.893514 -1.723341 2.515858 3.732944 0.8891713 1.23469 2.547586 2.212743 3.246604 4.166339 3.159499 2.579345 -0.2747306 -2.317356 0.8638868
-4.016846 -1.877467 2.384814 3.566101 0.5224736 1.253993 2.557946 2.107468 3.285379 3.834408 2.910648 2.292886 -0.4067405 -2.403458 0.4753054
-3.890274 -1.78938 2.365665 3.533158 0.7585637 1.03201 2.531448 2.098073 2.75687 3.999732 3.068033 2.577936 -0.5175118 -2.419542 0.6570651
-4.122693 -1.739862 2.12971 3.539493 0.546043 1.01931 2.411499 1.762494 2.863725 3.955536 2.834434 2.31861 -0.4437599 -2.400977 0.6359763
-4.353301 -2.033285 2.053769 3.286487 0.3613511 0.7749778 1.973647 1.616246 2.715665 3.528499 2.485568 2.079324 -0.9114957 -2.505455 0.3058701
-4.507672 -2.256212 2.123255 3.246055 0.4246042 0.7754801 2.02723 1.538806 2.524403 3.673882 2.492257 2.071412 -0.6189636 -2.853922 0.1796078
-4.400175 -2.024294 1.83342 2.910416 0.2878844 0.6828411 2.175499 1.682885 2.508003 3.657296 2.410001 2.113997 -0.947802 -2.774481 0.1159096
-4.456898 -2.18864 1.764965 3.27385 0.2572022 0.8532668 2.019513 1.712946 2.408257 3.51281 2.647988 1.864747 -0.7771488 -2.924844 0.10219
-4.302132 -2.450123 1.842913 2.946516 0.3544394 0.5633032 1.963042 1.541004 2.695694 3.329992 2.262368 2.274756 -0.9051584 -2.773359 0.2236273
-4.357639 -1.961492 2.203922 3.286157 0.6456538 1.011604 2.262889 1.873833 2.584052 3.770823 2.686189 1.953255 -0.6756575 -2.488238 0.2852954
-3.79575 -1.656172 2.494002 3.837712 0.6662876 1.285796 2.615854 2.093948 3.320547 3.740037 3.219704 2.300285 -0.4108716 -2.337311 0.9632651
-4.026398 -1.717931 2.094592 3.743585 0.7959954 0.8413821 2.211462 2.165098 3.128119 4.046576 3.069318 2.087956 -0.3203592 -2.382237 0.648162
-4.015164 -1.845804 2.220288 3.459897 0.5233977 0.8600793 2.263903 1.779678 3.099898 3.672065 2.808645 2.193022 -0.6905558 -2.424021 0.5664231
-4.413909 -1.768202 1.860486 3.317609 0.5812273 0.8855519 2.291915 1.865797 2.925074 3.580778 2.62079 2.065224 -0.8344275 -2.523387 0.2707508
-4.231638 -1.951607 2.083606 3.187858 0.7605066 0.8506947 2.275725 1.734393 2.665861 3.465874 2.5562 2.068162 -0.7467034 -2.724207 0.365405
-3.980961 -1.950837 2.226009 3.613337 0.776782 1.131594 2.370834 1.776584 2.771713 3.699758 3.118476 2.107264 -0.5633355 -2.539618 0.6509949
-4.029537 -1.870547 2.366396 3.651212 0.8627545 1.087255 2.491642 1.863653 3.299789 3.815773 2.777007 2.369968 -0.548811 -2.332851 0.7123553
-3.911081 -1.646397 2.565667 3.731999 0.6521599 1.350478 2.796126 2.442402 2.895131 4.101251 3.029763 2.425517 -0.6355023 -2.27082 0.6860138
-3.930629 -1.670657 2.425418 3.683161 0.8616859 1.241117 2.562999 1.946095 3.314364 3.908831 3.060576 2.465647 -0.2802155 -2.285951 0.6906621
-3.866714 -1.763538 2.567033 3.658976 0.7667939 1.206674 2.450166 2.096799 2.960704 4.100128 3.117122 2.409403 -0.2992957 -2.256733 0.843885
-4.06443 -1.802968 2.428006 3.425371 0.6393663 0.8765646 2.415498 1.918694 2.761591 4.052383 3.057039 2.193573 -0.3429967 -2.301467 0.7329276
-3.966948 -1.588238 2.441972 3.717187 1.024163 1.249118 2.675366 2.186596 3.294867 4.17136 2.864283 2.54851 -0.3151269 -2.107759 0.7254311
-3.848128 -1.744455 2.421283 3.579178 0.8681413 1.148311 2.359945 2.195781 2.998364 4.017597 2.982187 2.572261 -0.2812154 -2.465783 0.5831364
-4.060795 -2.002944 2.212904 3.379023 0.7536416 1.335912 2.398641 1.802364 2.85795 3.990195 2.864585 2.216786 -0.4454925 -2.427766 0.4074254
-3.920128 -1.810066 2.382387 3.655744 0.9347 1.189952 2.590573 2.137297 3.127083 3.818496 2.919382 2.525318 -0.4531675 -2.42824 0.6065414
-4.025975 -1.776722 2.241177 3.577594 0.7182699 1.08349 2.3659 1.788041 3.041618 3.930269 2.845838 2.143549 -0.6106704 -2.681631 0.6082851
-4.238111 -1.987071 2.038965 3.393942 0.3574377 0.7712091 2.188928 1.81842 2.632007 3.759696 2.609391 2.188129 -0.8241062 -2.792656 0.4386681
-4.333529 -1.922577 1.76676 3.33837 0.2922479 1.006554 2.456937 1.692612 2.793128 3.59628 2.610985 2.379711 -0.7384912 -2.67505 0.5307763
-4.138157 -1.749844 2.058142 3.196993 0.4148284 1.079223 1.918102 1.766996 2.707146 3.661575 2.657116 2.2681 -0.9029919 -2.54315 0.4052152
-4.28248 -2.036301 1.963273 3.534515 0.2933655 0.8376088 2.088377 1.494286 2.636887 3.506512 2.568545 1.988258 -0.8519113 -2.644803 0.4307287
-4.108666 -1.880417 1.819808 3.233521 0.3656036 0.8399904 1.986656 1.755648 2.603086 3.654276 2.537988 1.829463 -0.7975197 -2.803234 0.4003304
-4.206252 -2.159865 1.995598 3.457463 0.656282 0.9061151 2.134851 1.902274 2.772434 3.686727 2.801436 2.119007 -0.6741812 -2.68989 0.6160356
-4.516689 -2.194019 2.142611 3.43442 0.1704504 0.8275813 2.335564 1.609318 2.86174 3.548299 2.643579 2.240156 -0.8153227 -2.596112 0.01764497
-3.912457 -1.883388 2.419299 3.59779 0.7388412 1.141813 2.455829 2.132932 2.954406 4.072798 2.946236 2.472868 -0.5175828 -2.317979 0.6182118
-4.446287 -2.349657 2.018664 3.417064 0.3835714 0.9234365 2.188971 1.783369 2.663678 3.647893 2.737289 2.077439 -0.8280945 -2.685498 0.269372
-4.132601 -1.722417 2.504628 3.514769 0.6614338 1.040509 2.585088 1.761127 2.841885 3.953526 2.736601 2.560002 -0.3896333 -2.703174 0.4665245
-4.248757 -1.833984 2.279979 3.493986 0.7815326 1.276348 2.539452 1.962218 3.018463 3.674874 2.954059 2.32809 -0.5956884 -2.267602 0.7129002
-4.173099 -1.982322 2.265033 3.57309 0.5365345 1.00879 2.708559 1.660548 2.799105 3.57132 2.901281 2.13678 -0.5308971 -2.395641 0.6096148
-4.186027 -2.021513 2.151867 3.412751 0.4312418 0.8251211 2.071779 1.833513 2.707134 3.737026 2.576398 2.288906 -0.9161991 -2.484229 0.506323
-4.188675 -2.107718 2.063094 3.51851 0.481785 0.8360283 2.464609 1.814094 2.658262 3.374178 2.747286 1.879187 -0.6290481 -2.949365 0.150332
-3.90218 -1.548665 2.230064 3.313428 0.4445648 1.144265 2.500021 1.988313 3.190115 3.675706 2.839046 2.457208 -0.4663163 -2.402333 0.8252627
-3.939077 -1.779166 2.275762 3.726185 0.7955731 1.294996 2.424793 2.14937 3.256626 4.011115 3.183843 2.484126 -0.2098128 -2.293431 0.6544419
-3.659537 -1.465942 2.755898 3.665178 0.8040471 1.404074 2.857588 2.353742 3.108521 4.246892 3.191003 2.663888 -0.008332802 -1.984748 0.6665661
-4.078263 -1.857152 2.55232 3.598166 0.8599311 1.395458 2.529772 2.061534 3.209529 3.915258 3.155042 2.296883 -0.4524079 -2.31825 0.6840171
-3.845489 -1.717406 2.29909 3.565805 0.6894651 1.484653 2.512659 2.134236 2.959751 3.971332 2.962449 2.508782 -0.4406136 -2.512454 0.7332471
-4.086137 -1.998344 2.124503 3.617049 0.8947717 1.299751 2.363205 1.932729 3.097394 4.055427 2.767538 2.353931 -0.4278682 -2.279073 0.5835977
-4.073071 -2.047159 2.441602 3.615064 0.741928 1.162252 2.481281 2.357492 3.16284 3.894468 3.022736 2.702571 -0.1740997 -2.312121 0.7079557
-3.867946 -1.727578 2.293806 3.784693 0.8370238 1.236966 2.817154 1.970317 3.259827 4.08271 2.839936 2.591535 -0.2011721 -2.378887 0.7612641
-3.68133 -1.750488 2.565582 3.559835 0.8530584 1.274127 2.721871 2.13019 3.157773 4.178047 2.93932 2.623889 -0.2051407 -2.216301 0.8330115
-3.773396 -1.561349 2.639402 3.783524 0.8636781 1.521917 2.89268 2.297735 3.166974 4.072359 3.070369 2.449965 -0.3473373 -2.232918 0.7184763
-3.643906 -1.37228 2.698803 3.880898 1.128285 1.672159 3.059257 2.48796 3.370706 4.180391 3.180669 2.5086 -0.202594 -1.974515 0.9864628
-3.441382 -1.256829 3.09971 4.091507 1.307774 1.688581 2.921165 2.573383 3.39855 4.303058 3.164001 2.846672 0.05389794 -1.9134 1.192259
-3.501044 -1.361368 2.868147 3.994574 1.200236 1.569356 2.933991 2.329036 3.336671 4.398377 3.477069 2.73496 0.09568191 -2.10425 0.9035921
-3.521417 -1.358726 2.827654 3.915663 1.089664 1.413764 2.820583 2.511832 3.070497 4.177467 3.076088 2.670842 -0.2391264 -1.947154 1.137096
-3.572768 -1.046357 2.767303 3.990974 1.238626 1.576352 2.98407 2.718012 3.463495 4.455326 3.381259 2.97272 0.06137727 -1.745929 1.037086
-3.533678 -1.464598 2.69775 3.830947 1.202661 1.295447 2.663837 2.536164 3.455447 4.218201 3.308026 2.656534 -0.04553384 -2.002997 0.9863045
-3.598718 -1.39593 2.67319 4.195748 1.130412 1.518811 2.893645 2.309236 3.565773 4.359235 3.291667 2.896116 -0.005357835 -1.986609 1.020975
-3.604373 -1.769823 3.035461 3.870823 1.287283 1.421906 2.732444 2.351538 3.375739 4.206114 3.151402 2.686096 0.04026871 -2.010134 0.765413
-3.394705 -1.282608 2.696482 3.781168 1.309739 1.571637 2.777016 2.302346 3.386599 3.99724 3.247577 2.613603 -0.2096048 -2.198196 1.075615
-3.725237 -1.333096 2.641574 4.075317 0.9629019 1.491796 3.109017 2.505958 3.305071 4.109245 3.156262 2.835155 -0.1919821 -1.964113 0.9526681
-3.653254 -1.39783 2.800318 4.15351 1.0884 1.602873 2.985723 2.403933 3.689897 4.251562 3.527717 2.965566 0.04573945 -1.931526 1.010064
-3.383167 -1.199537 2.740702 4.095748 1.241884 1.810816 2.994826 2.363286 3.60637 4.633344 3.501513 2.717967 0.1334113 -1.856999 1.331874
-3.203362 -0.8847181 3.079958 4.502593 1.601239 2.005067 3.270637 2.79067 3.763987 4.794681 3.693576 3.179816 0.2721126 -1.798064 1.431959
-3.663442 -1.095625 2.962366 4.072308 1.149568 1.697652 2.922732 2.774928 3.7609 4.398108 3.359688 2.931332 -0.01296118 -1.847137 1.314104
-3.344305 -0.9302726 3.194185 4.326697 1.381379 2.007296 3.173756 2.95052 3.547355 4.616605 3.730882 3.301976 0.3804355 -1.473768 1.336813
-3.449355 -1.168013 2.811087 4.391299 1.140903 2.000007 3.379904 2.590709 3.40339 4.225452 3.426552 2.993158 0.2661316 -1.881384 1.202859
-3.481397 -1.440557 2.711329 4.084763 1.308935 1.693564 3.033554 2.501115 3.496572 4.243296 3.10897 2.718549 0.01020286 -1.867992 1.084489
-3.726033 -1.268364 2.904086 3.997525 1.192108 1.548265 2.819192 2.379213 3.331204 4.439201 3.363027 2.854517 -0.06553829 -2.029689 0.9064991
-3.578286 -1.454619 2.808449 3.86029 1.000865 1.441659 2.845802 2.30405 3.278628 4.332111 3.01384 2.828309 0.007226271 -2.067217 1.146261
-3.57868 -1.2852 2.875144 3.983179 1.248224 1.604135 2.775026 2.479526 3.281316 4.277236 3.097155 2.8398 0.01639662 -2.063887 0.9598543
-3.513699 -1.152472 2.753279 4.090635 1.321639 1.700233 3.144654 2.470188 3.519537 4.445769 3.717854 2.951592 -0.06934425 -1.799061 1.236137
-3.506374 -1.359943 2.864952 4.095219 1.409235 1.741019 2.937566 2.601391 3.65727 4.455007 3.482204 3.024907 0.001830326 -1.436961 1.206
-3.459622 -1.35492 2.907487 4.059765 1.447255 1.559764 3.004115 2.556253 3.469068 4.538513 3.174568 2.604106 0.09524862 -1.876047 0.9564068
-3.721665 -1.458494 2.907097 3.911516 1.039908 1.545836 2.970737 2.174063 3.302385 4.227697 3.47771 2.823637 0.05521432 -2.285457 0.9875544
-3.626618 -1.736167 2.746615 3.76314 1.35668 1.643162 2.782731 2.422168 3.544258 4.239888 3.083111 2.689351 -0.1796279 -2.185038 1.023065
-3.515813 -1.574078 2.57389 3.78328 1.055954 1.415387 2.50964 2.25317 3.307887 4.05812 3.010797 2.73398 -0.2358317 -2.128371 0.7455359
-3.969893 -1.455942 2.402184 3.583656 0.9444425 1.275637 2.734783 2.036894 3.090435 4.038093 2.891728 2.429371 -0.391904 -2.367947 0.6350993
-3.881268 -1.767224 2.385133 3.384355 0.8206002 1.131315 2.479003 1.930536 2.932041 3.929802 3.135583 2.394273 -0.4031624 -2.550125 0.738832
-3.762086 -1.52072 2.636941 3.819688 1.130611 1.410533 2.654706 2.206053 3.059459 4.082084 3.147042 2.646964 -0.3739535 -2.216595 0.7496744
-3.87003 -1.787373 2.412577 3.536291 1.009101 1.317355 2.709994 1.852364 2.936222 3.890531 2.864681 2.512896 -0.3149858 -2.533539 0.5955306
-3.514957 -1.646424 2.603871 3.655106 0.9030214 1.278389 2.640943 2.309369 3.261229 3.987608 3.182197 2.563914 -0.3183417 -2.159282 0.9662543
-3.770605 -1.656541 2.591155 3.908262 0.9693847 1.337676 2.728677 2.633103 3.392238 4.305118 3.242518 2.641823 -0.06589613 -2.123538 0.790807
-3.794243 -1.665192 2.440719 3.582726 0.890116 1.288997 2.572221 2.427774 3.171221 3.966021 3.182929 2.628759 -0.3441502 -2.245643 0.7634858
-3.797932 -1.830513 2.319847 3.561386 0.8162887 1.33784 2.560096 2.123186 3.089667 4.055456 2.830549 2.514087 -0.1225515 -2.489125 0.8341249
-3.826604 -1.752263 2.471359 3.593035 0.8604132 1.046454 2.516544 2.154239 3.110133 3.921348 3.016025 2.36584 -0.5762785 -1.849653 0.6218807
-4.174846 -1.662855 2.271891 3.345966 0.6552968 1.227418 2.611697 2.005874 2.939151 3.75517 2.879229 2.552466 -0.4763765 -2.427691 0.5706865
-4.083884 -1.653631 2.404852 3.605091 0.7397012 1.388849 2.502358 2.050262 3.006884 4.030468 3.091579 2.522151 -0.4274044 -2.261337 0.6320046
-3.642039 -1.643479 2.432317 3.884577 0.9230174 1.419564 2.60007 2.215974 3.308286 3.829616 3.018906 2.534587 -0.3376979 -2.232712 0.6872277
-3.792332 -1.781486 2.692614 3.74797 1.025619 1.498598 2.699615 2.198973 3.286174 4.093549 3.325378 2.681585 -0.2709939 -2.114723 0.9332558
-3.775692 -1.819951 2.320584 3.717327 0.6587285 1.288088 2.565897 2.303154 3.082393 3.84699 2.921065 2.622781 -0.51917 -2.304245 0.7119289
-3.796612 -1.737857 2.605695 3.854109 1.05188 1.416949 2.411383 2.264019 3.220003 4.077453 3.152805 2.650227 -0.2829122 -2.376298 0.8509669
-3.482463 -1.07502 2.749761 4.012969 1.40895 1.648564 2.971984 2.429515 3.568335 4.389753 3.189056 2.97806 -0.05795609 -1.976941 0.9508203
-3.637137 -1.390061 2.683719 3.868201 0.9355312 1.357699 2.507298 2.346596 3.451328 4.297707 3.528026 2.735523 -0.01618014 -2.150472 0.7774356
-3.638536 -1.412515 2.762152 4.126701 1.216463 1.542806 2.982533 2.522288 3.243733 4.147363 3.427434 2.883566 0.08642662 -2.048837 0.9864676
-3.35587 -1.126089 2.703176 4.172735 1.30518 1.746457 3.062038 2.434737 3.473944 4.024913 3.415072 2.806866 0.1756442 -1.650127 1.276872
-3.366487 -1.368603 2.804661 3.801232 1.226147 1.81396 2.758041 2.423295 3.379709 4.471742 3.128642 2.828619 -0.05758105 -1.997959 1.14246
-3.571945 -1.381656 2.779355 3.907156 1.240106 1.700756 2.99703 2.526442 3.85144 4.351104 3.299375 2.678452 0.05919983 -1.94911 1.306456
-3.385803 -1.2304 3.065708 4.068343 1.382473 1.794751 3.157683 2.372221 3.592339 4.669391 3.586741 2.908506 0.1635023 -1.856148 1.281589
-3.191811 -1.181014 3.173363 4.573659 1.384324 2.03273 3.26384 2.708723 3.863567 4.678549 3.770965 3.02501 0.3016725 -1.773601 1.433697
-3.345267 -1.093897 2.863554 4.23866 1.408212 1.459967 3.184809 2.66582 3.685254 4.815982 3.542952 3.067083 0.02018179 -1.82237 1.047303
-3.584632 -1.337154 2.655711 4.063544 1.137199 1.888772 2.967501 2.46332 3.361955 4.259678 3.487722 2.944691 0.06604843 -1.94894 1.282472
-3.305908 -1.282188 2.847062 4.199724 1.476939 1.717384 3.158644 2.653433 3.574157 4.605388 3.591308 2.9221 -0.002082549 -1.861958 1.303479
-3.234166 -1.212458 2.856695 4.156999 1.295125 1.727678 3.208675 2.615536 3.389815 4.557038 3.580748 3.051045 0.03246894 -1.682238 1.372713
-3.399971 -1.180617 2.977546 4.316081 1.306692 2.218794 3.268432 2.755573 3.559773 4.766849 3.359272 3.031138 0.3096876 -1.709568 1.179678
-3.411562 -1.123764 2.954244 4.25931 1.240533 1.849308 2.99142 2.636424 3.808279 4.575149 3.474427 3.231168 0.4100139 -1.977281 1.5768
-3.098257 -0.957792 3.18262 4.430962 1.599501 1.791618 3.263799 2.841136 3.872398 4.679318 3.824111 3.158863 0.1948529 -1.534857 1.53588
-2.863627 -0.8936924 3.31257 4.81319 1.795039 2.357208 3.385113 2.899145 3.982782 4.833326 3.992249 3.383309 0.5658975 -1.499794 1.843714
-2.853827 -0.4622724 3.282072 4.556847 1.978121 2.238419 3.512413 3.044058 4.141452 4.858514 4.133608 3.385774 0.408615 -1.649693 1.67402
-3.164134 -1.00196 3.242471 4.264533 1.564487 2.144156 3.176512 2.920251 3.572964 4.753175 3.947982 3.234252 0.6267005 -1.582346 1.513398
-3.085437 -0.7053361 3.109642 4.461003 1.822095 2.174614 3.123624 2.841754 4.035451 4.786499 3.846002 3.330203 0.3695626 -1.800853 1.417482
-3.290297 -0.9112826 3.004893 4.11727 1.411053 1.978458 3.110417 2.576853 3.631388 4.625412 3.333448 2.996152 0.171461 -1.624192 1.302016
-3.388245 -0.9237737 3.110394 4.274581 1.440245 1.865651 3.199311 2.931327 3.50274 4.498226 3.49699 2.895482 0.441225 -1.717601 1.198143
-3.339931 -1.445411 2.721932 4.281216 1.435 1.845412 3.1408 2.515197 3.659982 4.620153 3.627562 2.932312 0.06566957 -1.637885 1.216969
-3.1775 -1.133029 3.007451 4.184706 1.368531 1.892044 3.028717 2.662278 3.630909 4.407032 3.602593 2.974597 0.1465442 -1.814527 1.26745
-3.287857 -1.376943 3.025649 4.176534 1.414663 1.582525 3.082618 2.761542 3.18373 4.49017 3.642257 2.819974 0.1294956 -1.708011 0.9663628
-3.409846 -1.346545 3.093071 4.122195 1.391421 1.846965 3.178163 2.48908 3.431927 4.645009 3.299519 3.037247 0.0945872 -2.065934 1.133842
-3.144784 -1.114018 2.82227 3.96643 1.256186 1.857299 3.264164 2.539828 3.41269 4.594133 3.577677 2.866172 0.18053 -1.738377 1.349744
-3.254239 -1.32643 2.962161 4.140564 1.121026 1.90035 3.036905 2.258254 3.370804 4.402901 3.320542 2.820387 -0.02055087 -1.980699 1.042025
-3.626815 -1.368872 2.721785 4.212101 1.265723 1.591197 2.95065 2.519526 3.298278 4.230335 3.169286 2.904801 -0.09018793 -2.264702 0.8900065
-3.741848 -1.383021 2.575569 3.990715 1.088832 1.335972 2.79461 2.225414 3.432708 4.171871 2.926804 2.709085 -0.385529 -1.974958 0.9407803
-3.777349 -1.665988 2.384815 3.622409 0.8532365 1.346705 2.589767 2.287499 3.342235 4.063949 3.277753 2.508408 -0.3279972 -2.237456 0.7764154
-3.680098 -1.463246 2.678363 3.845322 1.013718 1.714863 2.68539 2.287478 3.493052 4.124562 3.182933 2.627794 -0.02304857 -2.21915 1.059884
-3.365942 -1.316624 2.784077 4.046463 1.241334 1.446097 3.014036 2.414104 3.603028 4.421355 3.519675 2.601937 0.139193 -1.989027 1.234831
-3.560669 -1.303497 2.831968 3.971773 1.218603 1.556325 2.667875 2.57522 3.461885 4.300724 3.312969 2.814072 -0.2603696 -1.928271 0.8678023
-3.88101 -1.553106 2.505971 3.88421 0.6802895 1.370666 2.592336 2.267796 3.031612 4.03829 3.02357 2.701425 -0.2108449 -2.156767 1.020065
-3.755872 -1.362004 2.462223 3.773045 0.8525622 1.274342 2.913097 2.241169 3.19081 4.08472 3.094431 2.476406 -0.2856301 -2.144449 0.6165259
-3.669743 -1.663378 2.621223 3.809865 0.9708279 1.279408 3.021422 2.27146 3.125412 4.264212 3.172058 2.553678 -0.2838911 -2.323604 0.8060055
-3.588095 -1.389747 3.041226 4.15096 1.298898 1.672563 3.136382 2.611359 3.417153 4.60912 3.479924 3.037388 0.106817 -1.695186 1.163714
-2.984256 -0.9412287 3.353833 4.225185 1.496923 1.908628 3.30678 3.017309 3.85923 4.772916 3.761532 2.979766 0.5947785 -1.68385 1.40169
-3.045928 -1.002007 3.295241 4.477513 1.627752 2.074321 3.299183 2.826602 3.767268 4.837679 3.997784 3.179439 0.3130209 -1.670336 1.499821
-3.175102 -1.087609 3.054218 4.239124 1.510075 2.08347 3.026549 2.757797 3.833807 4.722653 3.742631 3.194331 0.2493644 -1.795569 1.369846
-3.18055 -1.138293 2.949523 4.284956 1.30546 1.980416 3.190863 2.608813 3.544787 4.442051 3.781793 3.114904 0.5307092 -1.588773 1.355612
-3.711309 -1.33834 2.874279 4.107597 1.446347 1.590752 2.75004 2.476847 3.442996 4.276145 3.56684 2.975864 0.07109481 -1.737859 1.042513
-3.767234 -1.512285 2.431108 3.627455 1.036712 1.339823 2.492653 2.198851 3.143129 4.065968 2.838333 2.366308 -0.1803657 -2.234546 0.8075303
-3.45984 -1.518732 2.654579 3.861621 1.13563 1.385919 2.654452 2.41136 3.099017 4.17635 2.897367 2.785742 -0.2337529 -2.358913 0.761291
-3.847626 -1.760973 2.798908 3.956833 1.078772 1.647554 2.612905 2.488498 3.247364 4.056797 3.009757 2.443423 -0.3414148 -2.181931 0.9469749
-3.760276 -1.645794 2.751662 3.958703 0.9800474 1.440614 2.969119 2.161048 3.286068 4.186442 3.290564 2.519188 -0.1398872 -1.991403 0.8162028
-4.020212 -1.776513 2.372119 3.51046 0.6354779 1.19845 2.577205 1.895464 2.720805 3.983803 2.909948 2.292099 -0.511272 -2.535371 0.5671586
-3.804366 -1.894331 2.26914 3.528811 0.7484735 0.957007 2.614676 1.766341 2.926564 4.047133 2.881248 2.317277 -0.5544032 -2.330827 0.6144257
-4.124459 -1.840265 2.178697 3.554798 0.6672719 1.139832 2.664866 2.014919 2.972058 4.07203 3.085093 2.623654 -0.213143 -2.479593 0.6181423
-3.955622 -1.873 2.234714 3.789643 0.7407725 0.9756215 2.306211 1.977865 2.78465 4.065458 3.010093 2.526505 -0.5104284 -2.347799 0.7905032
-3.794586 -1.553419 2.395904 3.76915 0.8691254 1.290274 2.656583 2.088322 3.114028 3.845632 2.948685 2.436604 -0.4617074 -2.527931 0.5829126
-3.478365 -1.444413 2.675467 3.958827 1.028572 1.489957 2.869547 2.480564 3.342364 4.172405 3.267441 2.539697 -0.1498072 -1.816191 1.094057
-3.398836 -1.323855 2.745728 3.912845 1.350576 1.539146 3.02806 2.406464 3.47619 4.352315 3.296793 2.790422 0.1287648 -1.864295 1.152817
-3.510199 -1.445458 2.868837 4.08586 1.095398 1.510869 3.165168 2.188895 3.557964 4.241045 3.317445 2.687818 0.05988947 -1.754491 1.111289
-3.55379 -1.141285 2.885552 4.128037 1.191661 1.785561 3.069278 2.426722 3.434912 4.189192 3.29759 2.857496 0.1496462 -1.725131 1.072351
-3.382496 -1.279034 2.937604 4.240737 1.175483 1.839144 3.166691 2.529118 3.542649 4.710898 3.427863 3.050969 0.180194 -1.858782 1.140405
-3.7538 -1.215358 2.785769 4.228771 1.297228 2.005649 2.962853 2.474869 3.500772 4.466562 3.433801 3.015059 0.1833185 -1.897143 1.225844
-3.514551 -1.593585 2.586677 3.780299 1.17851 1.290024 2.951661 2.286174 3.291725 4.34315 3.19697 2.791451 -0.1578588 -1.97032 0.9469328
-3.704441 -1.636706 2.553243 3.804797 1.064701 1.145606 2.955136 2.31587 3.101642 4.18558 3.196556 2.619009 -0.1581915 -2.093935 1.138525
-3.749941 -1.470539 2.347426 3.741432 1.060333 1.311459 2.794413 2.507208 3.436719 3.937475 2.991057 2.773801 -0.3300423 -2.314194 0.7580641
-3.767123 -1.66315 2.495419 3.698236 0.8913284 1.231337 2.528134 2.226384 3.33909 3.985893 3.067786 2.552136 0.004779124 -2.459028 0.9316989
-4.335646 -1.963955 1.714533 3.547796 0.3788255 0.7282249 2.22938 1.78952 2.563516 3.860294 2.646599 1.986244 -0.9622948 -2.81289 0.1910319
-4.714862 -2.223752 1.749061 2.897061 0.1016652 0.6841431 1.945435 1.565679 2.548289 3.33671 2.454773 1.603424 -1.083953 -2.974642 0.01599838
-4.705198 -2.733387 1.777341 2.966525 -0.2399323 0.257526 1.511199 1.321652 2.454147 3.232525 2.115123 1.516702 -1.408972 -3.17088 -0.09996207
-4.691315 -2.58409 1.330625 2.690984 -0.03249755 0.2868972 1.585121 1.1538 1.929279 3.021563 1.924642 1.675748 -1.327605 -3.450858 -0.1561664
-4.956299 -2.804867 1.147821 2.316305 -0.408215 0.0936706 1.447376 0.9016462 2.018524 2.827939 1.80471 1.316884 -1.489955 -3.541861 -0.6441333
-5.37867 -2.970361 0.8865271 2.226621 -0.8194457 -0.2451398 0.986951 0.6090433 1.73606 2.570402 1.539796 1.142231 -1.861131 -3.699397 -0.7086989
-5.387812 -3.461584 1.14375 2.378051 -0.569781 -0.1456348 1.124631 0.5977827 1.824568 2.677749 1.68515 0.8936885 -1.902887 -3.544741 -0.8004636
-5.507737 -3.163764 0.8874101 2.198042 -0.6708855 -0.1081573 0.9572781 0.655179 1.712861 2.523987 1.471715 0.9980257 -1.832149 -3.937314 -0.785111
-5.513591 -3.253586 0.9138092 2.194619 -0.5200224 -0.2213955 1.198131 0.6067421 1.677292 2.387438 1.563923 0.9480818 -1.756063 -3.726134 -0.6799945
-5.700866 -3.315533 0.6918029 1.942837 -0.920294 -0.3262216 0.6191012 0.3883129 1.437897 2.292063 1.174605 0.5549665 -2.219098 -4.049901 -1.135598
-5.495571 -3.378253 0.8347366 1.927642 -0.7642127 -0.2847628 0.7754093 0.6283022 1.501787 2.563899 1.166617 0.8823339 -1.780001 -4.026183 -0.7309692
-5.880384 -3.605624 0.6828566 1.854963 -1.037783 -0.7028971 0.8423551 0.141375 1.102818 2.373693 1.190871 0.6264707 -2.137747 -4.202736 -1.186276
-5.691917 -3.482146 0.7421309 1.947201 -1.072186 -0.5326671 0.7352811 0.3243865 1.479334 2.26509 1.174961 0.7659583 -2.279249 -4.072194 -1.038883
-5.656738 -3.217638 0.7816475 2.026797 -0.70117 -0.3245781 0.6978882 0.620778 1.417066 2.593858 1.300914 0.7911463 -2.034465 -3.882897 -0.8928073
-5.803549 -3.567792 0.6110737 1.821202 -0.9977189 -0.3275175 0.5653457 0.2474267 1.138364 2.165786 1.105617 0.616643 -1.914335 -4.24712 -1.119854
-5.739745 -3.443436 0.8148451 1.702327 -1.132049 -0.6896488 0.6526298 0.2884005 1.185454 2.256019 1.392 0.6081638 -2.112123 -4.227227 -1.141621
-5.836593 -3.774568 0.6161884 1.724268 -1.059377 -0.7697895 0.7980261 0.159572 1.125934 2.009647 1.142323 0.584919 -2.302864 -3.971628 -1.054244
-5.682205 -3.537513 0.4371778 1.824556 -0.8801048 -0.9341264 0.6125369 0.08028171 1.209648 1.93792 1.160521 0.3650206 -2.289608 -4.195164 -0.983002
-5.927845 -3.710192 0.5193736 1.730942 -1.08095 -0.7871852 0.54215 -0.05429556 1.328258 2.086406 0.8914154 0.5314454 -2.230658 -4.206316 -1.12813
-5.760936 -3.676046 0.2414903 1.707881 -1.101051 -0.7538491 0.5183887 -0.05801862 0.8814704 1.918715 0.9070639 0.255979 -2.567703 -4.546173 -1.225268
-6.08601 -3.754134 0.1877541 1.44833 -1.362562 -1.009799 0.5157731 -0.01830256 0.8454294 1.581754 0.8172194 0.4097988 -2.7075 -4.426681 -1.528063
-5.892476 -3.910567 0.3554194 1.455421 -1.526257 -0.9889978 0.3481303 -0.01307389 0.811265 1.666002 0.7006384 0.198508 -2.811691 -4.632195 -1.357516
-6.198989 -3.860606 0.2977829 1.546084 -1.425605 -0.8193037 0.4851815 0.2017678 1.029031 1.966476 0.9880397 0.3178653 -2.480095 -4.42487 -1.194615
-6.149525 -3.853691 0.1734891 1.467649 -1.518972 -0.9820925 0.02896762 -0.03452562 0.6149626 1.703698 0.5848649 0.3724046 -2.779083 -4.8101 -1.501044
-6.004767 -3.999828 0.2018127 1.432627 -1.433976 -0.9572615 0.5690561 -0.1572278 0.8350234 1.711729 0.732866 -0.02724361 -2.672891 -4.262352 -1.382
-6.207635 -3.989079 0.2545113 1.445661 -1.359258 -0.9643932 0.5805767 -0.01468942 0.9518794 1.873665 0.6626873 0.3315825 -2.456736 -4.43845 -1.410709
-5.867914 -3.593092 0.3985743 1.924532 -0.8494794 -0.6000758 0.7660584 0.1330429 1.00979 2.027132 1.11135 0.5471201 -2.206493 -4.557609 -1.269057
-5.814157 -3.255927 0.8423554 1.980793 -0.8384175 -0.7227541 0.7772371 0.4249704 1.414147 2.080394 1.304167 0.7870035 -1.9108 -3.719311 -0.7593877
-5.265469 -3.107433 1.020246 2.289692 -0.6699743 -0.3005989 1.126367 0.6314014 1.56283 2.681985 1.582357 1.045636 -1.906421 -3.771492 -0.8892271
-5.548827 -3.349064 0.851184 1.971958 -0.7047906 -0.2255109 0.819251 0.5514932 1.342643 2.268524 1.509197 0.870108 -2.064098 -3.854472 -0.8883507
-5.710592 -3.391061 0.5975396 1.812668 -1.058667 -0.4364731 0.9472106 0.4386643 1.101097 2.169176 1.475061 0.6445016 -2.262761 -3.872263 -0.9952275
-5.645505 -3.502367 0.6117385 1.840821 -1.087583 -0.2408053 0.80893 0.4542882 1.135783 2.489597 1.204282 0.6328615 -2.262994 -4.434708 -1.04647
-5.610797 -3.369783 0.848889 2.083313 -1.058733 -0.4186492 0.9007275 0.2082005 1.528019 2.248595 1.282009 0.6629943 -2.085526 -4.274067 -1.158747
-5.493151 -3.655112 0.6101976 2.055457 -1.079241 -0.3110729 0.6284542 0.2339321 1.35262 2.171032 1.093123 0.6488237 -2.122946 -4.087712 -0.9256659
-5.740101 -3.568982 0.8812989 1.839023 -0.823037 -0.5547837 0.8042197 0.2630705 1.451855 2.311489 1.259521 0.5006406 -2.224282 -4.234633 -1.13662
-5.627059 -3.397359 0.7005483 2.020362 -0.8237432 -0.3680565 0.9010313 0.2775462 1.364123 2.264765 1.259672 0.6923307 -2.060103 -4.233239 -0.8528345
-5.62092 -3.616754 0.572114 1.74151 -1.166606 -0.4002579 0.7153829 0.6663128 1.256806 2.071667 1.127595 0.8675484 -2.079184 -3.928686 -0.9746501
-5.987003 -3.405557 0.5795879 1.835785 -0.9546253 -0.5631485 0.7322357 0.5433629 1.34232 2.182466 1.447678 0.5822502 -2.184786 -4.01519 -1.267432
-5.674968 -3.621397 0.5150239 1.659635 -1.071994 -0.668004 0.8135065 0.3771376 1.354294 2.270141 1.217385 0.523425 -2.28386 -4.419274 -1.089565
-5.672671 -3.414009 0.7160604 1.792082 -0.9168981 -0.4969716 0.9547 0.4870588 1.264168 2.144629 1.151679 0.7400746 -2.220596 -4.20364 -1.32077
-5.45824 -3.593449 0.793733 1.747316 -0.9851878 -0.3166438 0.9190331 0.530638 1.264231 2.242482 1.225405 0.6681646 -2.264458 -4.000211 -0.9345959
-5.579982 -3.578585 0.7461119 1.971642 -0.8505801 -0.5256187 0.8925688 0.4633692 1.27437 2.460017 1.17789 0.5744059 -2.095334 -4.04702 -0.8800294
-5.468665 -3.319472 0.6229924 2.186703 -0.7679376 -0.3329664 1.263967 0.5268546 1.575185 2.336037 1.263823 1.071534 -1.861135 -3.956788 -0.5449427
-5.556933 -3.223828 1.033695 2.115258 -0.7514896 -0.3182863 0.954868 0.6383239 1.44203 2.613512 1.453016 0.9376806 -2.062446 -3.890382 -0.8058902
-5.40843 -3.473648 0.9224556 2.150981 -0.7822994 -0.5257988 0.9313538 0.1535666 1.404771 2.308637 1.082107 0.8227427 -2.254852 -3.790844 -0.9691082
-5.512223 -3.077776 0.816527 2.32201 -0.7824871 -0.135961 1.196844 0.5612081 1.684042 2.656868 1.605293 1.262151 -1.773921 -3.649359 -0.3900196
-5.169401 -2.918861 1.409699 2.511468 -0.5386951 -0.04758579 1.443699 0.6093575 1.829245 2.477628 1.580864 1.126137 -1.704123 -3.671008 -0.6713883
-5.11803 -2.895864 1.302911 2.280289 -0.5367469 0.1502099 1.250485 0.6790053 1.846869 2.915598 1.635239 1.148922 -1.513639 -3.439625 -0.4627208
-4.999992 -2.850952 1.304956 2.344357 -0.2463672 0.03375284 1.415855 0.9108936 1.963629 2.808447 1.839032 1.199981 -1.406005 -3.437355 -0.5736601
-5.508157 -2.956908 1.022286 2.101585 -0.4513332 0.02159572 1.366599 0.748171 1.563258 2.756785 1.732691 1.27039 -1.718641 -3.852496 -0.6872724
-5.124658 -2.965639 1.196994 2.413967 -0.4581245 -0.1001083 1.337717 0.8331544 1.737853 2.630751 1.798921 1.342067 -1.725063 -3.660021 -0.6473243
-5.252627 -3.012982 0.8984785 2.145874 -0.4451295 -0.1877935 1.164517 0.7760024 1.780877 2.625886 1.642139 1.231822 -1.893229 -3.480561 -0.8288144
-5.57467 -3.255059 0.8035935 2.02531 -0.9923627 -0.6056941 0.7718899 0.5512292 1.426384 2.180865 1.400653 0.7751429 -1.989437 -3.966578 -0.8658258
-5.482056 -3.34451 0.7094021 1.91107 -0.6943818 -0.1852551 1.144937 0.1520717 1.262716 2.226576 1.432793 0.7725355 -1.924434 -4.091634 -1.015573
-5.579285 -3.477173 0.5748269 1.894303 -0.8566638 -0.3948402 0.721289 0.3573702 1.189934 2.224634 1.445344 0.7377417 -2.206663 -3.819997 -1.126888
-5.61877 -3.374674 0.8668917 2.345214 -0.7622319 -0.3798437 1.072911 0.4373386 1.410838 2.311489 1.578585 1.039452 -1.774499 -3.868971 -0.7876805
-5.668782 -3.466899 0.8558005 1.849519 -0.9489614 -0.3215469 0.8228106 0.3675817 1.455031 1.98608 1.247782 0.5676484 -1.96832 -4.167905 -1.039633
-5.380152 -3.063138 0.82034 2.020488 -0.8670937 -0.470197 0.9508067 0.5907943 1.39185 2.604803 1.329823 0.9563561 -2.044767 -3.639201 -0.9860759
-5.05273 -3.238682 0.9495392 2.207936 -0.4794421 0.04216769 0.9802872 0.5118873 1.74279 2.626122 1.275084 0.8601645 -1.584879 -3.736043 -0.6697862
-5.542716 -3.292429 0.899572 2.190837 -0.6928904 -0.3844413 1.180676 0.5192593 1.610545 2.412219 1.460266 0.7426565 -2.009865 -3.784805 -0.5764123
-5.254482 -2.950924 0.9818689 2.115541 -0.650939 0.1419746 1.431529 0.7465474 1.750697 2.79124 1.904887 1.024163 -1.714092 -3.708999 -0.5603319
-5.323875 -2.930776 1.247962 2.501057 -0.4785645 0.09391602 1.378338 0.7189899 1.747126 2.886287 1.712791 1.197365 -1.653973 -3.431258 -0.6992296
-5.116986 -2.964532 1.208735 2.425888 -0.5785335 -0.2848822 1.128474 0.7658341 1.752087 2.930475 1.835736 1.241082 -1.840673 -3.595011 -0.5922267
-5.171442 -3.269256 1.030106 2.387007 -0.6091454 -0.1564888 1.1729 0.4634532 1.761479 2.404655 1.50576 1.043444 -1.854527 -3.700545 -0.637004
-5.168756 -3.150457 0.9622717 2.17439 -0.7007308 -0.3336187 1.249637 1.0717 1.796116 2.756317 1.525021 1.015863 -1.787737 -3.518387 -0.4548642
-5.066243 -2.8624 0.912508 2.310663 -0.3544776 0.1462871 1.225994 1.033944 1.769841 2.74008 1.82234 1.052459 -1.672733 -3.863218 -0.6130828
-5.439222 -3.116479 1.003894 2.197135 -0.4816526 -0.05066834 1.064079 0.7976822 1.560157 2.509847 1.460661 1.322158 -1.866015 -4.008039 -0.6652973
-5.506926 -3.278569 0.8865048 2.218355 -0.6005221 -0.1318756 0.9731058 0.5411745 1.608724 2.696056 1.801576 1.075441 -1.947516 -3.679903 -0.5246073
-5.485563 -3.102525 0.8528259 2.071638 -0.5562208 -0.3030401 0.9368432 0.5461418 1.466162 2.525214 1.24488 0.8805904 -1.840665 -3.863681 -0.9417728
-5.769552 -3.564963 0.5642891 1.905122 -0.8890766 -0.5073875 0.5860622 0.4277024 1.037971 2.118269 1.484018 0.6454991 -1.938663 -4.275248 -1.04798
-5.714254 -3.582664 0.7118715 1.544523 -1.050044 -0.5432502 0.6690602 0.3381262 1.054993 1.957258 1.100546 0.825663 -2.267843 -4.223517 -1.248777
-5.546891 -3.256085 0.9617106 1.983635 -0.8206029 -0.2753582 0.7958792 0.4525059 1.261181 2.203582 1.479029 0.8143931 -1.989778 -3.91965 -0.9710184
-5.358283 -3.424122 0.7235808 1.986407 -0.796202 -0.3230894 0.9166298 0.5539732 1.506999 2.426546 1.415807 0.7780029 -2.002117 -3.965829 -0.9730355
-5.444176 -3.15822 0.7726847 1.977684 -0.7108169 -0.2731855 1.213019 0.4348718 1.536459 2.196854 1.524671 1.009823 -1.916891 -3.876582 -0.853946
-5.328444 -3.55458 0.9010801 2.547219 -0.8457246 -0.0814639 1.133331 0.7294762 1.657086 2.571335 1.591044 0.865709 -1.663092 -3.719716 -0.7929073
-5.236434 -3.182603 1.362196 2.248327 -0.4986906 -0.135339 1.293979 0.5553238 1.592185 2.592462 1.442104 0.9385098 -1.769919 -3.687813 -0.7797536
-5.179597 -3.228587 1.100035 2.422192 -0.4810543 -0.05523598 1.301803 1.068356 1.695974 2.922143 1.807407 1.236292 -1.521408 -3.483012 -0.3796991
-5.201514 -2.817124 1.281335 2.319254 -0.2074755 0.02037614 1.405816 0.9990598 1.955815 2.909959 1.771485 1.345265 -1.759369 -3.364307 -0.7030306
-4.989879 -2.831285 1.237188 2.491966 -0.4328636 0.142338 1.325543 0.9396801 2.021119 2.826738 1.791966 1.587978 -1.346213 -3.285226 -0.4861565
-5.046382 -2.824412 1.430387 2.547404 -0.1435591 0.1259062 1.224501 0.9978479 1.954982 3.03687 1.881224 1.296088 -1.421453 -3.554304 -0.4013138
-5.109111 -2.495651 1.355835 2.630788 -0.4151694 0.1228623 1.69969 0.801997 2.230412 3.009104 1.799465 1.393145 -1.579708 -3.479508 -0.2409259
-4.791444 -2.789913 1.488797 2.549729 -0.1767514 0.1467576 1.635662 1.100971 2.078641 3.006379 1.812373 1.692356 -1.269336 -3.339584 -0.2326517
-5.073174 -2.820462 1.296555 2.613036 -0.2916606 0.03933517 1.418367 1.026806 1.833903 2.842633 1.833137 1.292714 -1.395864 -3.428076 -0.4686811
-4.641897 -2.627411 1.675344 2.880909 0.05363822 0.3119893 1.737091 1.340488 2.3021 2.896222 2.108242 1.801728 -1.418817 -3.19181 -0.2232947
-4.735428 -2.689286 1.594585 2.599202 -0.03787969 0.3478099 1.790847 1.333729 2.392845 3.160449 2.146238 1.638659 -1.328191 -3.083465 -0.1469383
-4.825697 -2.632226 1.463568 2.577092 0.06536987 0.3415791 1.526721 0.9455605 2.014379 3.14043 1.967253 1.586643 -1.306227 -3.022097 -0.2541018
-5.04123 -2.906327 1.278353 2.457552 -0.3937327 0.2237892 1.415509 0.9504707 2.017685 2.716699 1.860858 1.205487 -1.593383 -3.450018 -0.5798221
-5.355156 -2.673872 1.256886 2.604259 -0.3814029 0.148395 1.228699 1.080792 1.763552 2.895586 1.761953 1.353991 -1.557012 -3.422811 -0.7029052
-4.951337 -2.93984 1.43745 2.598536 -0.09721291 0.3553449 1.661531 1.226527 2.111606 3.038874 2.009803 1.512723 -1.55306 -3.143573 -0.4730896
-4.506423 -2.850651 1.503934 2.895589 -0.002052865 0.5369005 2.008096 1.28229 2.419689 3.021071 2.210832 1.483396 -1.141223 -3.221062 -0.3189592
-4.41286 -2.485648 1.533505 2.799781 -0.003293099 0.4703464 1.708201 1.423559 2.206255 3.071229 2.141778 1.779303 -1.308505 -3.10635 -0.108189
-4.826314 -2.428903 1.647517 2.851897 -0.06385935 0.6000399 1.674591 1.285124 2.124284 3.282234 2.028379 1.555452 -1.171003 -3.011228 -0.03520373
-4.287759 -2.235102 1.730087 3.084085 0.3061439 0.7714527 1.899769 1.577883 2.548646 3.481062 2.244248 1.889104 -0.7887473 -2.959369 0.05550198
-4.799936 -2.169671 2.006811 3.103461 0.1707183 0.704929 2.047186 1.493352 2.515172 3.602106 2.229992 2.077459 -1.049622 -2.892314 0.1862719
-4.699664 -2.244827 1.662165 2.871256 0.01976788 0.5295569 1.848101 1.250582 2.160081 3.288686 2.247099 1.757683 -1.087148 -3.151026 -0.1064934
-4.683637 -2.675223 1.698966 2.862231 0.3511134 0.4762721 1.784173 1.379472 2.509177 3.110181 2.123237 1.827639 -1.183361 -3.2956 -0.1979477
-4.653574 -2.374937 1.675263 2.757206 0.09927364 0.5205733 1.822528 1.226095 2.334657 3.25125 2.224734 1.720863 -1.053347 -3.07994 0.05962843
-4.273122 -2.239835 2.071076 3.038278 0.3363711 0.7553966 2.031516 1.458444 2.620672 3.311159 2.399589 2.01254 -0.8670327 -2.772985 0.1302818
-4.072627 -2.083736 1.987778 3.521646 0.3975548 0.8528429 2.180951 1.778062 2.643776 3.616552 2.705 1.967179 -0.8935641 -2.544988 0.4876217
-4.670013 -2.298811 1.880177 3.047972 0.2766929 0.8091544 2.010392 1.452649 2.673643 3.440312 2.338692 1.599378 -1.113917 -2.899767 0.1024243
-4.749853 -2.3685 1.696263 2.902398 0.1333705 0.6039634 1.792299 1.259724 2.2309 3.220507 2.127488 1.645209 -0.9424131 -3.101619 -0.1936434
-4.971118 -2.490697 1.65201 2.777076 -0.09121043 0.336212 1.695378 1.209377 2.102198 3.232042 2.251699 1.462096 -1.340207 -3.367363 -0.5000526
-4.903871 -2.568088 1.714669 2.935722 -0.03906184 0.2838165 1.808101 1.3342 2.184467 2.947668 2.172242 1.646786 -1.37127 -3.245008 0.1415185
-4.500618 -2.22924 1.638555 2.924127 0.2008447 0.5077895 2.063557 1.348698 2.504304 3.412765 2.431841 1.729851 -1.023059 -2.976018 0.05723216
-4.329758 -2.154751 1.862474 3.20024 -0.05411438 0.3604995 2.090688 1.801687 2.784509 3.570128 2.668532 2.111157 -0.7988719 -2.725809 0.1208432
-4.593057 -2.120469 2.059094 3.206857 0.239256 0.6819504 2.271492 1.736709 2.880204 3.390537 2.647231 2.250392 -0.7955205 -2.7102 0.3671754
-4.236524 -2.376981 2.093782 3.264368 0.6054519 0.8502233 2.08956 1.520312 2.769051 3.686371 2.535058 2.237197 -0.6740042 -2.681184 0.3759335
-4.325998 -2.16179 2.114401 3.291992 0.4811054 0.8553287 2.25189 1.87681 2.938492 3.664532 2.719583 1.851028 -0.8218856 -2.638158 0.3186056
-4.278798 -2.107058 2.118868 3.380883 0.4424938 0.8158643 2.118239 1.789963 2.469504 3.599723 2.467867 2.076751 -0.7075711 -2.659793 0.4280799
-4.080394 -2.053395 2.134918 3.368387 0.7161426 0.89836 2.18707 1.830628 2.768583 3.501699 2.902674 2.049775 -0.6900028 -2.423426 0.49422
-3.88114 -2.017643 2.289358 3.400467 0.8006613 0.9094504 2.534535 1.694404 2.918616 3.886936 2.952929 2.198862 -0.4981406 -2.438031 0.6990481
-3.902803 -1.655602 2.39355 3.576056 0.7835227 1.36339 2.564275 1.984406 2.787357 3.864903 3.100112 2.430921 -0.2575078 -1.975392 0.7453736
-3.891961 -1.455862 2.407366 3.823205 0.7262556 1.275103 2.688405 2.124918 3.226207 4.191966 3.264297 2.721552 -0.08821316 -1.997499 1.096113
-3.893728 -1.832569 2.489057 3.778552 0.7190593 1.223036 2.437379 2.233763 3.053644 3.849232 2.925273 2.403267 -0.236662 -2.289929 0.7993451
-3.880767 -1.636733 2.302101 3.787896 0.6819844 1.523541 2.628429 2.201495 3.335739 4.123469 2.976924 2.440447 -0.2281502 -2.055045 0.7014865
-3.431221 -1.279132 2.789207 3.923391 1.178989 1.695098 2.881495 2.556937 3.287076 4.40546 3.534722 2.864725 -0.006524366 -1.85921 1.198799
-3.375726 -1.40736 2.505505 4.055115 1.081191 1.672518 2.701562 2.222988 3.532675 4.447483 3.407717 2.899308 -0.1915043 -2.377382 1.140921
-3.578985 -1.074083 2.804578 4.075965 1.064406 1.6124 2.908373 2.656977 3.550661 4.260132 3.37448 2.803793 0.1107174 -1.848003 1.142456
-3.565326 -1.211142 2.95368 4.058074 1.333466 1.702641 2.8716 2.555953 3.342852 4.264364 3.419162 2.825273 -0.01715578 -1.830594 1.125544
-3.882241 -1.347758 2.703608 3.829741 0.7759784 1.469374 2.628696 2.192716 3.22879 4.214097 3.222089 2.554579 -0.1797029 -2.267606 0.9047428
-3.674923 -1.542888 2.687796 4.065398 1.203391 1.546166 2.896792 2.444025 3.475899 4.451238 3.319188 3.016301 0.01921317 -2.078619 0.9373379
-3.584269 -1.254538 2.963534 3.933225 0.8773021 1.745351 2.900752 2.647855 3.344109 4.273873 3.308586 2.745839 0.1103065 -1.928331 1.092961
-3.553331 -1.27291 2.805081 3.964592 1.256186 1.57913 2.905805 2.609874 3.418902 4.455663 3.495543 2.914097 0.00339137 -2.268864 1.09632
-3.723628 -1.36141 2.841975 3.84029 0.8725917 1.389552 2.776213 2.329307 3.417668 4.167162 3.1549 2.771445 -0.01463792 -2.308003 1.028085
-3.498942 -1.69047 2.705992 4.070729 1.314641 1.46421 2.960399 2.307076 3.140558 4.563997 3.128296 2.758686 -0.09830505 -2.050077 1.181025
-3.601413 -1.274438 2.538808 4.027509 1.088493 1.539915 2.718009 2.464856 3.219909 4.336038 3.38309 2.735059 -0.1373023 -2.095578 1.140494
-3.709155 -1.550944 2.664854 4.102034 1.152289 1.417535 2.626515 2.24191 3.396216 4.114764 3.510288 2.551608 -0.1886786 -2.062589 1.04107
-3.780986 -1.386745 2.425892 4.046918 1.035038 1.38308 2.859801 2.233664 3.514232 4.385399 3.105503 2.643273 0.06162553 -2.133912 0.7339866
-3.963863 -1.703555 2.397462 3.59973 0.7185873 1.000375 2.555114 2.011564 3.361012 3.992233 2.733901 2.705814 -0.4614695 -2.449837 0.8319075
-4.416536 -1.915063 1.955659 3.551753 0.476939 0.9725605 2.248999 1.640889 2.799909 3.704473 3.007618 2.151142 -0.5958376 -2.34474 0.3087432
-4.090965 -1.785014 2.382089 3.473035 0.6562025 0.9968694 2.592351 1.952528 2.812455 3.985005 2.665818 2.429087 -0.3604741 -2.507206 0.3823149
-3.872582 -2.126632 2.219194 3.6236 0.6983917 1.187638 2.486684 1.735466 2.948586 3.723067 2.708995 2.290947 -0.5756782 -2.533291 0.4718493
-4.138729 -1.967632 2.227306 3.362867 0.4673653 0.82465 2.355682 1.707366 2.78296 3.745885 2.765276 2.144284 -0.4636179 -2.495924 0.4384474
-4.144884 -1.942338 2.160182 3.528339 0.6573026 1.10943 2.214051 1.960852 2.762425 3.70534 2.697274 2.341055 -0.4068633 -2.612818 0.3479542
-4.168763 -1.913657 2.229448 3.834838 0.6569629 1.241935 2.585808 2.0715 3.162906 4.044747 2.773472 2.603798 -0.2275431 -2.83476 0.751809
-3.698612 -1.644951 2.390296 3.80224 0.8566826 1.180596 2.669975 2.168053 2.992302 3.821786 2.853857 2.420671 -0.4406796 -2.24736 0.7850788
-4.040784 -1.60301 2.466659 3.597683 0.6590675 1.057154 2.341843 2.340947 3.031621 3.833059 3.094378 2.445891 -0.2386812 -2.225501 0.831158
-3.911959 -1.829777 2.470015 3.654721 0.834568 1.527552 2.458448 2.091031 3.185413 4.052296 3.0545 2.333679 -0.1016573 -2.260274 0.5487164
-3.81734 -1.62922 2.344236 3.966506 1.007483 1.544785 2.616974 2.05091 2.846689 4.136572 3.03401 2.679732 -0.05384917 -2.158452 1.072507
-3.906929 -1.747989 2.767247 3.675461 0.9418826 1.410528 2.53752 2.121514 3.252619 4.166017 2.862824 2.766665 -0.2737201 -2.3077 0.7044945
-3.698193 -1.606963 2.419188 3.634642 0.6426413 1.220213 2.634594 2.086325 3.239577 4.004783 2.914599 2.406554 -0.2709079 -2.17358 0.7701058
-3.935537 -1.51325 2.423011 3.764705 0.787114 1.351314 2.557725 2.087633 3.349655 4.19434 2.920937 2.839293 -0.5188717 -2.309661 0.6686926
-3.777477 -1.447152 2.829784 3.896788 0.9782405 1.553899 2.899038 2.249431 3.251969 3.968173 3.269816 2.779763 -0.06710107 -1.960042 0.9777125
-3.638003 -1.68433 2.60689 3.659813 0.8390359 1.566457 2.886997 2.170323 3.249974 4.238937 3.114493 2.542626 -0.3252895 -2.335792 0.8953196
-3.695717 -1.72831 2.693376 3.784753 1.003521 1.554627 2.664319 2.204924 3.092132 4.188939 2.890845 2.600579 -0.18144 -2.339869 0.8475304
-3.822001 -1.761743 2.787585 3.686876 1.110478 1.458716 2.585624 2.110879 3.270149 4.256804 3.190585 2.432799 -0.09696259 -2.226456 0.8591751
-3.730828 -1.486999 2.712913 4.054658 0.9759614 1.475527 2.749144 2.217399 3.329123 3.974123 3.318217 2.661625 -0.07752081 -2.042695 1.138389
-3.394059 -1.255989 2.927145 4.066658 1.215416 1.82644 3.008949 2.460046 3.559017 4.491575 3.489223 2.845915 0.07425383 -1.79019 1.070073
-3.149688 -1.035419 3.165722 4.392999 1.652856 1.795271 2.918453 2.611182 3.780328 4.804112 3.728181 3.054159 0.3955599 -1.730414 1.151811
-3.312635 -1.416281 2.696385 3.926409 1.081099 1.696863 2.851686 2.612753 3.314414 4.333347 3.330438 2.990993 0.0434147 -1.727177 1.263894
-3.755323 -1.358813 2.853594 3.992916 1.139056 1.308086 2.877709 2.198962 3.562528 4.305658 3.308468 2.790757 -0.06124344 -2.026458 0.9564288
-3.377397 -1.438118 2.736977 3.974286 1.366088 1.540747 2.909965 2.369053 3.61704 4.299102 3.244558 2.85478 0.09115112 -1.673543 1.077424
-3.715047 -1.417275 2.657525 3.858308 1.456946 1.537784 3.131699 2.345316 3.371784 4.043472 3.052419 2.740124 -0.3723378 -2.177427 0.9034304
-3.802006 -1.577356 2.649972 3.984953 1.167641 1.585203 2.815945 2.472683 3.489412 4.286615 3.24027 2.695552 -0.1290653 -2.065528 0.7515761
-3.41548 -1.220165 2.94628 3.922895 1.202089 1.643729 3.010307 2.277971 3.258266 4.314447 3.498604 2.720536 0.006575062 -2.062673 1.19766
-3.435915 -1.410086 3.012553 4.113061 1.221977 1.716827 2.894667 2.417126 3.46376 4.780762 3.621598 2.956323 0.1506689 -1.674355 1.173465
-3.585551 -1.500196 2.940199 4.103988 0.9263925 1.805605 3.231899 2.627851 3.758736 4.349406 3.458949 2.733792 0.03237287 -1.964794 1.033305
-3.65123 -1.139636 2.858612 4.153289 1.265442 1.748795 3.36345 2.495747 3.613792 4.410525 3.464839 2.94418 0.08102892 -1.758334 1.195857
-3.529986 -1.196532 2.833126 3.964789 1.213909 1.501194 3.175372 2.461792 3.53072 4.359143 3.364205 3.012594 0.2153636 -1.676912 1.144012
-3.59148 -1.406817 2.693552 3.905309 1.127208 1.649558 2.516951 2.327158 3.140601 4.276815 3.464753 2.391102 -0.1196825 -1.91459 0.9190232
-3.739113 -1.33732 2.55635 3.865382 1.012941 1.347127 2.713602 2.255899 3.099988 4.322593 3.262798 2.725229 -0.0216823 -2.000729 1.015628
-3.775562 -1.385799 2.493386 4.008208 1.031226 1.61112 2.785881 2.431891 3.177218 4.025786 3.120042 2.70934 -0.2703278 -2.383522 0.9391537
-3.833529 -1.695178 2.625934 3.609048 0.783775 1.315011 2.59829 2.10882 2.889292 3.860186 2.950545 2.161055 -0.3130241 -2.251817 0.7228427
-3.920279 -1.644017 2.717525 3.859666 0.7991791 1.186309 2.715162 2.250146 3.295329 4.122629 3.085196 2.543576 -0.3278673 -2.133766 0.7487227
-4.068919 -1.658503 2.661839 3.776407 1.016519 1.471966 2.603162 2.332777 3.124911 3.828023 3.066149 2.548461 -0.3612075 -2.269259 0.891947
-3.653488 -1.425407 2.533872 3.943033 0.9907774 1.362398 2.833819 2.366779 3.019072 3.866183 2.742525 2.38752 -0.3647671 -2.239552 0.8714678
-3.672411 -1.607021 2.80233 3.899692 1.076976 1.383759 2.720782 2.358035 3.437029 4.305729 3.219018 2.750431 -0.02824712 -2.007702 1.097596
-3.81136 -1.543899 2.470485 3.618775 0.8266314 1.305489 2.707067 2.195846 3.434542 3.932782 2.984139 2.502289 -0.280286 -2.108622 0.8736864
-3.785514 -1.458836 2.554852 3.694135 0.9377794 1.122791 2.735534 2.204278 3.230056 4.155267 3.146307 2.453939 -0.2496491 -2.290009 0.7837014
-3.880622 -1.899882 2.322377 3.848279 0.6779164 1.03422 2.469913 1.95468 2.861423 3.933952 2.804658 2.417169 -0.4575938 -2.130614 0.4131853
-4.231391 -2.192734 2.285782 3.452978 0.3981556 0.7052732 2.182241 1.769874 2.628451 3.70369 2.420563 2.145547 -0.8623109 -2.711542 0.4299377
-4.407636 -2.028928 1.948611 3.270226 0.3319277 0.8127628 2.308109 1.569161 2.742127 3.506785 2.544459 2.089638 -0.7089014 -2.939735 0.3433273
-4.326429 -1.989278 2.033812 3.517837 0.5299629 1.121645 2.2446 1.735077 2.729141 3.713656 2.920128 2.052004 -0.6760427 -2.577345 0.3136873
-4.176872 -2.070475 1.879458 3.291596 0.3109929 0.8651285 2.164703 1.65311 2.540116 3.708543 2.547965 2.084271 -0.5545988 -2.764826 0.2884188
-4.335545 -2.303363 2.040362 3.003484 0.06695653 0.9546818 2.280663 1.481844 2.552391 3.228963 2.521056 2.184557 -0.9116747 -2.766484 0.2857125
-4.371794 -2.288312 2.025682 3.254246 0.4154069 0.9024591 1.990775 1.629036 2.638699 3.64882 2.570518 1.956106 -0.7640186 -2.604117 0.03332184
-4.452022 -2.386439 1.850661 2.947463 0.1336297 0.5698171 1.969794 1.513547 2.312843 2.978479 2.358969 1.871056 -1.012393 -2.758218 0.04915081
-4.585743 -2.193686 1.789266 3.197115 0.05461848 0.5299586 2.059155 1.404819 2.34847 3.163449 2.429854 1.830722 -0.6787579 -3.333517 -0.01105164
-4.465762 -2.583868 1.665234 2.902943 0.1737351 0.5444779 1.776445 1.258709 2.247787 3.192672 1.941484 1.462719 -1.304388 -3.242334 -0.3088715
-4.679582 -2.729383 1.479236 2.854396 -0.01538588 0.4537986 1.984273 1.251773 2.244557 3.02975 2.14337 1.509749 -1.273156 -3.198365 -0.2766755
-4.929597 -2.514901 1.485935 2.786073 -0.1582465 0.2110961 1.638703 1.194685 1.866052 2.787633 2.170614 1.568259 -1.371842 -3.445681 -0.1568165
-4.974398 -2.519059 1.349276 2.725109 -0.08196899 0.281616 1.407936 1.312251 1.971808 2.961993 2.114806 1.622764 -1.320579 -3.241269 -0.2603943
-4.810789 -2.487075 1.550565 2.931828 0.2480194 0.6551476 1.928887 1.440623 2.262116 3.180245 2.31274 1.721394 -1.177015 -3.076898 -0.06976113
-4.495342 -2.491791 1.766204 2.803934 0.2089913 0.4850863 1.876638 1.337563 2.316305 3.278112 2.549521 1.874068 -0.8645582 -2.969154 0.03541159
-4.4229 -2.197581 1.881014 2.990439 0.2187605 0.8112965 2.073312 1.442016 2.379998 3.569888 2.555543 1.707015 -0.738214 -2.93469 0.1526589
-4.503695 -2.23996 1.911307 3.171087 0.123732 0.2583409 1.716732 1.379998 2.3241 3.366265 2.335444 1.969006 -0.9484276 -2.821109 0.2697466
-4.647156 -2.350695 1.934609 2.924564 0.05287243 0.5257399 1.824126 1.555637 2.295865 3.136958 2.380074 1.862192 -0.9849189 -3.210424 -0.08154159
-4.715253 -2.488609 1.616395 2.998634 0.1262869 0.2204984 1.877721 1.348597 2.364967 3.395524 2.332399 1.890196 -1.106074 -3.106402 -0.08487561
-4.523474 -2.333479 1.807709 3.25883 0.2548375 0.6016155 1.807323 1.541128 2.400136 3.403935 2.345288 1.792469 -1.08163 -2.924936 0.196427
-4.978595 -2.256342 1.692696 2.936032 -0.05859678 0.7973202 1.591708 1.203048 2.448723 3.168576 2.220235 1.653744 -1.280773 -3.038746 -0.004851381
-4.402833 -2.587344 1.752934 3.008289 -0.03458312 0.5382136 1.814863 1.162596 2.464735 3.12663 2.305895 1.64632 -1.095387 -3.203843 -0.17608
-4.822267 -2.67416 1.463672 2.733927 0.02067285 0.3281978 1.738337 1.247137 2.319986 3.258768 2.154013 1.643086 -1.064587 -3.110822 -0.2849788
-4.808355 -2.663197 1.493947 2.753166 0.02959632 0.605237 1.592484 1.175789 1.990707 3.194897 2.082112 1.580309 -1.090196 -3.305716 -0.02726277
-4.894477 -2.750679 1.635993 2.665809 -0.2302107 0.3396389 1.506413 1.207669 2.284055 2.927839 2.130651 1.481708 -1.348819 -3.111655 -0.1486281
-4.976887 -3.061132 1.314989 2.463535 -0.1704282 0.05482064 1.3391 0.9089646 2.107012 2.594834 1.78115 1.096398 -1.585243 -3.650795 -0.4598679
-5.092031 -2.876167 1.27164 2.572657 -0.4664752 0.115037 1.291202 0.9580004 1.761803 2.95553 2.083296 1.300552 -1.462566 -3.454474 -0.4891421
-4.918309 -2.723967 1.326552 2.579717 -0.428844 0.01439909 1.820301 0.9785262 1.848133 2.918922 1.903993 1.565078 -1.36759 -3.391078 -0.3852779
-5.258148 -3.138359 1.254542 2.322372 -0.5758669 -0.08554557 1.035764 0.8456751 1.850842 2.697308 1.769464 1.395011 -1.685433 -3.56485 -0.7832554
-5.408334 -3.16025 1.031672 2.247183 -0.6466373 -0.1136655 1.177059 0.7840593 1.573906 2.572135 1.601343 1.149583 -1.911439 -3.544659 -0.544219
-5.350104 -3.143574 0.9733097 2.250241 -0.6944681 -0.3247299 1.252967 0.822137 1.844947 2.72303 1.555074 0.8263832 -1.719161 -3.508298 -0.7267727
-5.465294 -3.076707 0.9081667 2.350696 -0.6136228 -0.2812313 1.149026 0.675711 1.618736 2.620189 1.507978 0.9633089 -1.759852 -3.379333 -0.7547207
-5.44443 -3.218203 0.9185227 2.244157 -0.5837892 -0.2812731 1.250342 0.7773178 1.725102 2.641319 1.561612 1.140933 -1.773874 -3.814418 -0.6020897
-5.186906 -2.850875 1.109898 2.254854 -0.479355 -0.08423729 1.180991 0.7044555 1.799352 2.88054 1.677265 1.261152 -1.648081 -3.631139 -0.5039468
-4.923709 -2.562403 1.480798 2.688165 -0.341599 0.1525295 1.605381 1.09027 1.977004 2.831536 1.585938 1.495764 -1.116133 -3.559202 -0.2589236
-5.553205 -3.248475 1.009016 2.460354 -0.4868656 -0.1002866 1.340881 0.9340908 1.625294 2.722229 1.582989 1.20277 -1.736876 -3.658494 -0.8119776
-5.333156 -2.893968 1.056974 2.227177 -0.4131716 -0.1732194 1.26074 0.7069837 1.947915 2.504397 1.723306 1.283501 -1.84619 -3.870579 -0.6382907
-5.398617 -3.244586 1.024995 2.246059 -0.803336 -0.2693102 1.071876 0.8644801 1.579051 2.512464 1.51484 1.216069 -2.038972 -3.772913 -0.7265774
-5.399446 -3.153174 1.050211 2.072522 -0.5691798 -0.0560038 1.056393 0.7004338 1.603115 2.772906 1.490633 0.8337909 -1.883844 -3.71305 -1.115149
-5.539525 -3.238293 0.9820426 2.279524 -0.7162353 -0.2010949 0.8980197 0.6655651 1.626069 2.445697 1.315776 1.010617 -1.80744 -3.859263 -0.5140961
-5.213122 -3.151281 1.054779 2.170273 -0.6013103 -0.1585893 1.089106 0.793057 1.603205 2.590603 1.730818 0.8742907 -1.916967 -3.746359 -0.7863628
-5.577899 -3.149273 0.8160555 2.028167 -0.7285025 -0.4564614 1.151241 0.5687762 1.583454 2.40424 1.559488 0.9890115 -1.888905 -3.971771 -1.051166
-5.402969 -3.212109 1.159368 2.104215 -0.6960506 -0.1866071 1.124906 0.6257016 1.484568 2.797887 1.460912 1.003627 -1.882512 -3.69345 -0.7619874
-5.232719 -3.008325 1.088604 2.635627 -0.4604293 0.08284124 1.220402 0.5040536 1.805752 2.493583 1.544651 1.13076 -1.946858 -3.826106 -0.6295267
-5.303859 -3.306437 0.959665 2.400822 -0.7308255 -0.3547233 1.151768 0.6643475 1.526219 2.549419 1.499627 1.001577 -1.990709 -3.849646 -0.6151198
-5.256364 -2.981804 1.065353 2.354867 -0.4971669 -0.1691535 1.079157 0.6829601 1.628493 2.591427 1.805518 1.153642 -1.487996 -3.471138 -0.6002297
-5.066874 -2.998372 1.100789 2.36583 -0.326206 -0.008529798 1.202207 0.6566778 1.882003 2.615997 1.658052 0.7505738 -1.581971 -3.835429 -0.5088962
-5.302207 -3.275434 0.6275557 2.169644 -0.6630049 -0.560709 1.034637 0.5446427 1.6491 2.694402 1.5584 0.8614745 -1.811881 -3.996451 -0.7824648
-5.587394 -3.188157 0.8412819 1.880919 -0.7765224 -0.384252 1.026621 0.2774795 1.293217 2.2651 1.334033 0.5567779 -2.337097 -4.246031 -1.108212
-5.299241 -3.278914 0.7692944 2.328056 -0.7975564 -0.2442414 0.9408622 0.7001335 1.530243 2.539238 1.331393 0.8111817 -1.849973 -3.792951 -0.7883329
-5.544004 -3.199585 0.8089937 2.192463 -0.6264036 -0.275225 0.944773 0.343245 1.340842 2.360617 1.128214 0.466392 -1.890665 -3.871305 -0.6254518
-5.437984 -3.252545 0.8709274 2.015015 -0.8606628 -0.1631919 0.8390369 0.5433235 1.394278 2.444131 1.391824 0.9349316 -1.935501 -3.933657 -1.038303
-5.213839 -3.145227 0.964728 2.395804 -0.551034 -0.1319464 1.150569 0.6894319 1.389885 2.734447 1.683972 0.9464552 -1.870516 -3.411995 -0.6342504
-5.055593 -2.912936 1.306176 2.485908 -0.264379 0.01562496 1.338898 0.9062041 1.773333 2.641167 1.913748 1.600065 -1.546736 -3.318013 -0.5927549
-5.108559 -2.799083 1.423348 2.767827 -0.3372624 0.1506834 1.586883 1.067539 1.871298 3.072321 2.162113 1.375209 -1.306775 -3.353217 -0.2965319
-4.764533 -2.830851 1.544467 2.478625 -0.0393979 0.1587342 1.545025 1.083844 2.176054 3.12198 2.029401 1.491607 -1.407888 -3.05914 -0.268632
-4.685873 -2.617204 1.692104 2.823921 0.1908561 0.4319901 1.859764 1.222521 2.429629 3.294516 2.081274 1.583608 -1.10766 -2.989958 -0.1059588
-4.723119 -2.354982 1.78188 2.857171 0.1645106 0.5622788 1.67556 1.424758 2.398895 3.435643 2.152922 1.825059 -1.124031 -2.836413 -0.2147351
-4.328998 -2.06949 2.087855 3.065132 0.5598477 0.7931879 2.31273 1.555427 2.800949 3.637966 2.483155 2.053725 -0.7880333 -2.585522 0.2096766
-4.102701 -1.976674 2.453144 3.486437 0.644579 1.096306 2.418171 1.811997 2.970127 3.800217 2.760363 2.348116 -0.5229025 -2.582502 0.2173198
-4.320383 -2.066486 2.006785 3.185649 0.2752485 0.975739 2.047472 1.616202 2.671106 3.37867 2.650855 2.387711 -0.5763875 -2.794956 0.40733
-4.529185 -2.21725 2.001754 3.188587 0.2952397 0.5419126 2.178675 1.477516 2.345341 3.380924 2.676143 1.822371 -0.808054 -2.967743 -0.02365127
-4.407659 -2.396671 1.64113 3.019306 0.3631483 0.6367624 2.029926 1.36991 2.247729 3.562788 2.40871 1.8783 -1.205194 -3.045184 -0.04745737
-4.374987 -2.142058 1.89785 3.06933 0.5973484 0.8191015 2.018158 1.624973 2.564311 3.309912 2.473167 1.935546 -1.01737 -3.02187 0.1750379
-4.362209 -1.926778 2.104465 3.032737 0.4982793 0.845257 2.176415 1.576401 2.68621 3.786283 2.658539 1.899465 -0.7902175 -2.776926 0.3999443
-4.584894 -2.053803 1.817326 3.235273 0.4070842 0.8413654 1.910339 1.666975 2.694696 3.420357 2.677037 1.954597 -0.8213745 -2.887904 -5.0848e-05
-4.639591 -2.331208 1.756745 2.968197 0.3122203 0.6396672 1.945145 1.397477 2.497578 3.210904 2.284445 1.700181 -1.041048 -3.092185 0.02135074
-4.568227 -2.543256 1.562558 2.833347 0.08192943 0.4871684 1.787133 1.264592 2.347925 3.376816 2.372776 1.827782 -0.9582804 -2.836161 0.1677531
-4.718699 -2.331296 1.588731 3.105645 -0.01974925 0.6578738 1.750894 1.450053 2.323554 3.506933 2.277075 1.610035 -1.11133 -3.065987 0.0570144
-4.735714 -2.84909 1.240029 2.569042 -0.3110978 0.1917322 1.637295 1.162674 1.890462 2.72336 1.880321 1.400417 -1.308798 -3.404122 -0.177307
-5.408165 -2.663269 1.203398 2.808527 -0.613057 0.1269509 1.498805 1.126383 2.108002 2.657236 1.776383 1.277802 -1.452628 -3.555826 -0.5161135
-4.910751 -2.86742 1.395499 2.887735 -0.04861695 0.31539 1.389137 1.035374 1.932839 2.815962 2.141692 1.452104 -1.380304 -3.298314 -0.5581181
-4.668442 -2.845214 1.548275 2.820876 -0.3548238 0.3756746 1.562173 1.285258 2.098188 3.070669 2.225923 1.308674 -1.351042 -3.257291 -0.2124355
-4.949043 -2.695227 1.530578 2.554815 -0.1533586 0.06319095 1.508186 1.440495 2.125948 3.248365 2.001895 1.53177 -1.34686 -3.259281 -0.5232689
-4.76543 -2.612756 1.321965 2.556895 -0.0767594 0.0470837 1.678393 1.03486 2.018013 3.062452 1.959854 1.348001 -1.328379 -3.51323 -0.2653102
-5.088431 -2.497548 1.521651 2.540031 -0.2433435 0.3704456 1.651384 0.9293561 1.865705 2.839062 1.734937 1.121054 -1.367356 -3.527447 -0.4812147
-5.021677 -2.623431 1.39653 2.632865 -0.3938732 0.02125136 1.34507 0.9914518 1.946316 2.817036 1.650092 1.408626 -1.776749 -3.542054 -0.460689
-4.981427 -2.877926 1.367079 2.405131 -0.1967724 0.1937433 1.278606 0.6199031 1.916418 2.648167 2.00799 1.485854 -1.465907 -3.598937 -0.4768855
-5.27078 -3.024158 1.213437 2.634779 -0.4444314 -0.2665732 1.305373 0.8504816 1.730197 2.61834 1.630227 1.120492 -1.640151 -3.629218 -0.415635
-5.289095 -2.839059 1.283316 2.52488 -0.398898 0.2159518 1.275589 0.9487958 1.659701 2.890147 1.621078 1.262539 -1.522507 -3.412835 -0.3496647
-5.177156 -3.047169 1.288662 2.177623 -0.6706963 0.1477082 1.408189 0.7772866 1.555862 2.821047 1.812221 1.213168 -1.665526 -3.707683 -0.3521038
-4.709041 -2.795833 1.515176 2.738409 -0.2981362 0.1956238 1.484368 1.119911 2.052319 3.184078 1.919733 1.268958 -1.329242 -3.421272 -0.2775499
-4.726641 -2.710392 1.355412 2.709796 -0.2828331 0.4398908 1.598958 1.21924 2.160504 3.18906 1.955342 1.471219 -1.341804 -3.349903 -0.1037826
-4.92736 -2.734497 1.285364 2.357193 -0.3894604 0.07739993 1.410606 0.6503335 1.969312 2.961788 1.799026 1.231807 -1.592376 -3.312772 -0.4259468
-4.977695 -2.888596 1.494634 2.89568 -0.0908883 0.4106331 1.777148 1.208919 2.17551 2.973139 2.210585 1.429451 -1.399762 -3.43779 -0.3221725
-4.622021 -2.771087 1.666842 3.031114 0.1055933 0.5963605 1.610668 1.101186 2.195671 3.310704 2.217957 1.722814 -1.210239 -3.289301 -0.1046591
-4.736902 -2.342859 1.577923 2.645143 -0.3071435 0.4904498 1.865235 1.279205 2.221823 3.032401 2.15246 1.670031 -1.228806 -3.139778 -0.07240845
-4.586927 -2.303291 1.97227 2.926634 0.2309772 0.6774757 2.205648 1.3662 2.437162 3.411258 2.493743 1.883054 -0.8648129 -2.998738 0.219395
-4.303914 -2.213061 2.076909 3.132386 0.1564941 0.7449767 2.289842 1.831991 2.542414 3.570102 2.401457 2.163945 -0.8306219 -2.853319 0.3200649
-4.369959 -2.196083 2.004079 3.218519 0.4098282 0.8951571 1.989207 1.525801 2.475373 3.590497 2.577095 1.950227 -1.037458 -2.728194 0.08745657
-4.613674 -2.485154 1.771047 2.905437 0.1938702 0.6763989 1.820737 1.270034 2.392337 3.352379 2.27045 1.789698 -0.8387501 -2.942731 -0.1104846
-4.500908 -2.301753 1.587957 3.267228 0.1844805 0.5744606 1.675661 1.264767 2.571968 3.219358 2.507743 1.671938 -0.9280016 -3.042768 0.2945084
-4.569403 -2.625808 1.511463 2.846549 -0.06398648 0.6289873 1.99158 1.422146 2.397367 3.060406 2.261317 1.707494 -1.164661 -3.129439 -0.02257695
-4.521987 -2.392421 1.835981 2.962429 0.1634324 0.477466 1.877589 1.664803 2.438437 3.330966 2.27561 1.580658 -1.164012 -3.119961 -0.04734148
-4.514166 -2.377074 1.891845 3.330088 0.3401054 0.7471524 1.900676 1.727909 2.414665 3.620843 2.221613 1.798515 -0.8641969 -2.878457 0.2566731
-4.333329 -2.020414 2.228051 3.426856 0.4497466 0.9247682 2.230455 1.712258 2.918311 3.579921 2.513394 2.203216 -0.5777746 -2.503998 0.505189
-4.14323 -2.056458 2.355283 3.387096 0.6237899 1.013283 2.378953 2.09577 3.021622 3.668977 2.878954 2.076784 -0.6151387 -2.469779 0.4583124
-3.714889 -1.962756 2.272208 3.532754 0.4784817 1.339039 2.651869 2.054489 3.153554 4.070337 2.748392 2.319789 -0.4892318 -2.561584 0.3335899
-4.012254 -1.621085 2.423887 3.548156 0.8716038 1.358161 2.650004 2.140583 3.315723 4.146184 2.936162 2.409758 -0.1956066 -2.348457 0.6033482
-4.00673 -1.419372 2.521917 3.868806 0.9669258 1.286719 2.771715 2.55612 3.234096 4.144894 3.210771 2.456461 -0.1668238 -2.330937 0.608552
-3.407542 -1.476658 2.575755 4.010389 0.7745634 1.997569 2.84134 2.548788 3.376536 4.218338 3.374276 2.660539 -0.2035755 -2.173208 1.072105
-3.455277 -1.241926 2.749599 3.812285 1.155805 1.538374 3.019578 2.468693 3.366455 4.277884 3.205463 2.78632 -0.009108782 -1.999257 1.000883
-3.557249 -1.251037 2.704757 3.893241 1.144196 1.613921 2.960151 2.454065 3.442124 4.360451 3.306477 2.87256 -0.2337069 -1.872577 1.363377
-3.50411 -1.500003 2.664577 4.002624 1.323205 1.772917 2.879199 2.445469 3.451063 4.188419 3.439996 2.950151 -0.006204952 -1.97354 0.8609093
-3.428188 -1.275805 2.958098 4.176336 1.245099 1.856863 3.085961 2.675492 3.493928 4.461504 3.382403 2.812091 0.06322868 -1.948821 1.2311
-3.581395 -1.157795 2.995405 4.076638 1.439959 1.798952 2.865003 2.680018 3.485421 4.79479 3.454583 2.96431 0.2491708 -1.69556 1.234124
-3.491509 -0.893462 3.098005 4.165514 1.413158 1.734908 3.4091 2.829619 3.828143 4.701322 3.537118 3.116044 0.3787 -1.728896 1.701199
-3.103438 -0.7899908 3.181835 4.288973 1.588346 2.06147 3.210204 2.888566 3.894717 4.603218 3.816171 3.31175 0.4193825 -1.403937 1.425282
-2.827445 -0.8852522 3.243124 4.430655 1.67003 2.203983 3.489667 2.935602 3.851413 4.969799 3.882663 3.257058 0.5626129 -1.577483 1.604238
-3.176946 -1.13396 3.229507 4.466006 1.522708 1.794992 3.087088 2.538529 3.844989 4.83091 3.697386 2.972271 0.2807822 -1.826191 1.394365
-3.1487 -0.82891 3.221 4.452688 1.543636 1.83227 3.317064 3.021977 3.874221 4.650143 3.595843 3.091113 0.3947721 -1.875941 1.382653
-3.163756 -0.8460193 3.306311 4.422469 1.565977 2.132714 3.441984 2.998972 3.615136 4.761528 3.672881 3.23928 0.5703712 -1.552002 1.589927
-3.119252 -0.9155593 3.149184 4.35472 1.397661 1.963766 3.435195 2.810688 3.821107 4.752931 3.737918 3.173492 0.1431153 -1.653641 1.531834
-3.025033 -0.7379936 3.304045 4.520383 1.490365 2.035314 3.428278 3.108562 3.673103 4.895446 3.847956 3.310777 0.5315922 -1.340561 1.543233
-2.986573 -0.7400761 3.506352 4.756509 1.781836 2.116711 3.352811 3.218796 3.902832 4.98085 3.875288 3.424135 0.4654453 -1.439401 1.867562
-2.931485 -0.6232493 3.119684 4.750904 1.550472 2.036955 3.301931 3.118619 3.980335 4.848058 4.012372 3.294986 0.4966703 -1.466201 1.697021
-2.696762 -0.727785 3.444163 4.790091 1.610451 2.441056 3.655323 3.224116 4.219597 5.252326 4.095805 3.47352 0.7643367 -1.247171 1.776954
-3.249684 -0.6961499 3.544855 4.486989 1.707815 2.129133 3.344796 3.100964 4.090077 4.804564 3.951172 3.27844 0.5211445 -1.18123 1.585534
-2.641559 -0.8742725 3.491269 4.639127 1.848419 2.230753 3.737254 3.041948 4.161284 4.969335 3.932616 3.531087 0.5942927 -1.38835 1.653149
-2.621123 -0.5526547 3.75908 4.787285 2.081482 2.492999 3.564871 3.266807 4.205361 5.118706 4.016729 3.571766 0.9101517 -1.324956 1.851463
-2.754099 -0.7002679 3.460494 4.543918 1.784478 2.255695 3.447116 2.961107 4.142273 4.952788 4.009717 3.445296 0.7305314 -1.250109 1.705074
-3.034973 -0.9902272 3.213305 4.593138 1.842058 2.195338 3.595044 2.964467 3.990611 5.039197 3.888745 3.692725 0.4562788 -1.38832 1.55796
-3.027154 -0.7303987 3.333037 4.568335 1.751842 2.262396 3.503287 2.960124 4.217361 5.096404 4.071502 3.650033 0.5993112 -1.207931 1.951363
-2.927933 -0.6510066 3.431251 4.667293 1.705228 2.185659 3.469566 2.985167 3.960202 4.957069 3.940356 3.489236 0.5974329 -1.307177 1.664134
-2.55153 -0.3821569 3.661748 4.837448 2.006623 2.552436 3.596294 3.200731 4.186834 4.977023 4.038714 3.415226 0.9655397 -1.302483 1.729646
-2.860661 -0.6204201 3.411707 4.879257 2.026383 2.168943 3.797481 2.987014 4.223633 5.194809 4.227425 3.506835 0.7590193 -1.137493 1.921383
-2.899693 -0.4355503 3.282197 4.664455 1.444373 2.367983 3.64662 3.089742 3.971936 5.13647 3.871619 3.567066 0.5736465 -1.296337 1.369657
-3.099087 -0.5931304 3.410901 4.641006 1.845386 2.353279 3.422527 3.259529 4.048077 5.195976 3.831631 3.408739 0.5067984 -1.359447 1.649541
-2.863297 -0.6633672 3.465206 4.465371 1.669933 2.283615 3.559326 3.042233 3.893315 4.963723 4.076541 3.296127 0.6092884 -1.367031 1.676718
-2.739549 -0.6963412 3.524135 4.545479 1.761983 2.416646 3.429959 2.944123 4.140673 4.884239 3.948849 3.358822 0.544721 -1.327489 1.831099
-3.143338 -0.8356754 3.398481 4.424813 1.482332 2.023335 3.617409 3.125287 3.862166 4.711728 3.692294 3.206375 0.5319575 -1.350152 1.627762
-2.854295 -0.7206488 3.572861 4.788279 2.00815 2.290229 3.786774 3.068506 4.078908 5.081884 3.92714 3.395399 0.6848167 -1.352976 1.76435
-3.049358 -0.8492938 3.439336 4.634229 1.67335 2.43407 3.543146 3.098511 3.984751 5.11598 4.257929 3.542514 0.6731692 -1.301631 1.749304
-3.151502 -0.7224943 3.319689 4.671499 1.750707 2.25683 3.215538 3.04272 3.889978 4.977759 3.891751 3.407406 0.5046366 -1.358065 1.564141
-2.709674 -0.5812792 3.476731 4.794144 2.024893 2.390882 3.921283 3.41219 4.054701 5.298812 4.217415 3.371372 0.9157369 -1.148834 1.960703
-2.530263 -0.3118601 3.863423 5.039798 2.173004 2.663922 3.926109 3.630192 4.425627 5.356644 4.406126 3.7878 1.02168 -0.511111 1.971967
-2.499829 -0.05993562 3.86154 4.779535 2.386909 2.876704 4.138137 3.450035 4.326231 5.238077 4.269468 3.962596 1.160394 -1.117336 1.980356
-2.586634 -0.2783366 3.692098 4.966449 2.284633 2.612672 4.002898 3.448054 4.368381 5.335681 4.409076 3.847924 1.052801 -1.015543 1.978827
-2.698265 -0.4635136 3.617623 4.894148 1.828012 2.558888 3.558577 3.248971 4.189997 5.143222 4.305747 3.905191 0.946376 -0.9674901 1.981855
-2.79887 -0.6835654 3.575235 4.813543 2.100762 2.339996 3.625593 3.090615 4.086639 5.185357 4.452695 3.676626 0.6910597 -1.118397 1.821915
-2.489322 -0.3520619 3.803849 5.043012 2.273482 2.686438 4.029287 3.494837 4.403948 5.369753 4.334492 3.676166 1.043256 -0.8213668 2.09949
-2.637787 -0.2753801 3.690873 4.770798 1.93842 2.291447 3.741226 3.339554 4.171766 5.320809 4.110713 3.587287 0.7451446 -1.045057 1.775903
-2.402381 -0.1605144 3.942113 5.052016 2.421399 2.429226 4.030155 3.556115 4.408149 5.431919 4.339234 3.712807 1.023444 -0.9255159 2.085876
-2.437726 -0.2501419 3.946714 4.919098 2.167844 2.559099 4.113333 3.417766 4.3561 5.285305 4.491679 3.787378 0.9827905 -0.9140492 1.833666
-2.405984 -0.1419743 3.889169 5.25632 2.336949 2.816708 3.937153 3.687627 4.805665 5.627537 4.405563 4.061833 1.076764 -1.123972 2.204938
-2.329774 -0.2477611 4.014165 5.313781 2.261178 3.074678 4.343667 3.719063 4.754962 5.609863 4.696493 3.960383 1.398855 -0.8310612 2.260841
-2.447394 -0.124383 3.654837 5.150409 2.081216 2.71774 3.898149 3.452916 4.544983 5.457661 4.522698 3.960683 1.076859 -0.7550631 2.090122
-2.36227 -0.3659827 3.944972 5.160357 1.955334 2.588977 3.923982 3.476417 4.652472 5.577906 4.556663 3.898906 0.9997795 -1.006442 2.145461
-2.409149 -0.2614687 3.685775 5.061622 2.300428 2.556439 4.02109 3.696402 4.594209 5.418495 4.445812 4.1296 1.049626 -0.764671 2.067548
-2.192421 0.2053062 3.94837 5.38685 2.667669 3.172903 4.223282 3.978834 4.995714 5.793727 4.42124 4.213255 1.329574 -0.5851462 2.233147
-2.4125 -0.004635084 3.91681 5.164176 2.491014 2.774286 4.40354 3.776831 4.675122 5.595594 4.692013 4.38939 1.449649 -0.8094523 2.234691
-2.47366 -0.1129428 3.846879 5.227213 2.392279 2.810556 4.039732 3.475056 4.634995 5.257862 4.107067 3.701381 1.268103 -0.8363266 2.296144
-2.405556 0.001472773 4.011276 5.017021 2.432056 2.892189 4.174507 3.687764 4.720544 5.503915 4.672389 3.942638 1.441765 -0.765349 2.338584
-2.27436 -0.2260468 3.960797 5.345737 2.463684 2.828622 4.11214 3.715349 4.665852 5.561581 4.690427 3.904148 1.402916 -0.6085061 2.282045
-2.489614 -0.4751791 3.865373 5.290179 1.97314 2.753992 3.966974 3.404686 4.492913 5.312485 4.588294 3.925224 1.027481 -0.6953243 2.273542
-2.379059 -0.4283488 3.89183 5.064893 2.035301 2.450031 3.996073 3.530541 4.618274 5.400033 4.505164 4.021411 0.9614498 -0.9477727 2.178743
-2.176224 -0.2868791 4.231327 5.072964 2.585136 2.809891 4.289027 3.33298 4.441106 5.190357 4.403991 3.850709 1.071621 -0.9245123 2.463469
-2.334671 -0.09877887 4.007674 5.388667 2.501461 2.917184 4.19438 3.739582 4.794182 5.723965 4.347055 4.055347 1.024675 -0.7693036 2.483392
-1.915202 0.3384357 4.040894 5.445226 2.619895 3.007988 4.402133 3.885225 5.01529 5.971195 4.987468 4.355074 1.354822 -0.4954514 2.758295
-2.291051 -0.1499601 4.389126 5.451498 2.532919 3.010559 4.248248 3.906839 4.714317 5.687894 4.790346 4.259792 1.344867 -0.7494683 2.54361
-2.054875 0.327918 4.459171 5.550317 2.933633 3.345791 4.687455 4.219354 5.191805 5.927526 4.987302 4.54284 1.594565 -0.4115823 2.768403
-2.010677 -0.002481953 4.368996 5.709327 2.460823 3.184214 4.278325 3.709589 4.975121 5.872723 4.855164 4.345654 1.5112 -0.4742898 2.491276
-2.014151 -0.1571194 4.158241 5.447631 2.485322 2.928833 4.426143 3.811762 4.938783 5.727238 4.630529 4.24094 1.254371 -0.3633028 2.698193
-2.346813 -0.08312737 4.039132 5.361745 2.729388 2.705916 4.431186 3.744655 5.005983 5.760314 4.667785 4.334281 1.429898 -0.4630142 2.476914
-2.079675 -0.06033716 4.218283 5.347517 2.584871 2.731199 4.111682 3.761921 4.83457 5.948951 4.463987 4.213245 1.352165 -0.7467829 2.475347
-2.554734 -0.4942099 3.847848 4.928996 2.073604 2.528915 3.831679 3.321176 4.295453 5.454591 4.27889 3.867091 1.022886 -1.114802 2.246716
-2.32735 -0.6019299 3.820119 4.993293 2.159434 2.560175 3.789048 3.225989 4.581808 5.320599 4.117333 3.666947 0.8990725 -0.8640097 1.959893
-2.54589 -0.4345971 3.8854 4.985606 1.955067 2.563312 4.000395 3.555516 4.348322 5.294311 4.091389 3.656308 1.032027 -0.8153162 2.086356
-2.723131 -0.3590826 3.722221 4.917932 2.119503 2.42184 3.945403 3.306054 4.229025 5.377319 4.274543 3.709052 0.7944051 -1.010211 2.048336
-2.587522 -0.3236744 3.699049 4.726208 2.206707 2.646396 3.872791 3.44498 4.169087 5.26155 4.350094 3.876693 0.8486847 -0.8549341 1.908621
-2.614498 -0.4943531 3.683608 5.036779 1.990118 2.681205 3.855122 3.412171 4.399666 5.27338 4.329452 3.66087 0.7492608 -0.9527136 1.990795
-2.390818 -0.5003441 3.921435 5.01944 2.204963 2.489638 3.928895 3.11589 4.389323 5.312002 4.136085 3.762953 0.9528109 -0.8893684 1.868962
-2.539431 -0.6051933 3.784502 4.714604 2.198854 2.482513 3.748814 3.296433 4.49519 5.451527 4.204921 3.835573 0.9956133 -0.9570954 2.078742
-2.571976 -0.2827956 3.672828 4.805241 1.959607 2.541225 3.874312 3.296036 4.401951 5.270441 4.086162 3.614401 0.8419758 -0.8803475 2.012513
-2.445415 -0.2042289 3.804229 5.057095 2.299092 2.257235 3.944246 3.622556 4.458401 5.403444 4.4329 3.78418 1.176439 -0.9165843 1.988736
-2.787118 -0.4853754 3.52912 4.9161 1.867667 2.555823 3.882595 3.458665 4.350067 5.40063 4.248058 3.773019 0.9182515 -1.111176 2.096212
-2.45556 -0.2336583 3.450242 4.957283 1.934536 2.590947 3.990735 3.172068 4.540548 5.164645 4.197474 3.543711 0.8257385 -1.111797 2.012137
-2.753791 -0.5992777 3.745645 4.925671 2.141567 2.456157 3.663626 3.425672 4.275978 5.374636 4.171853 3.769882 0.7557259 -0.9336386 2.038207
-2.936536 -0.7975448 3.55218 4.719476 1.907661 2.280581 3.622501 3.233628 4.221363 5.085426 4.293617 3.861468 0.8505299 -1.279735 1.893903
-2.810185 -0.6798219 3.339156 4.912243 1.865729 2.269096 3.604607 3.305933 4.22291 5.066686 3.924546 3.740043 0.557351 -1.185515 1.819239
-2.949989 -0.434009 3.527676 4.749045 2.06748 2.654153 3.831591 3.320849 4.248622 5.312251 4.094338 3.759583 1.019866 -1.150421 1.789076
-2.735823 -0.779182 3.298963 4.744957 1.973331 2.183318 3.56916 3.426056 4.083704 5.115708 4.165357 3.594096 0.6208903 -1.262527 1.669431
-3.07423 -0.8944731 3.582301 4.715948 1.943956 2.096413 3.44848 3.139802 4.051335 4.858417 4.116451 3.514719 0.734296 -1.375118 1.74672
-2.945395 -0.7028283 3.293277 4.48708 1.839698 2.333424 3.462397 2.976186 4.003249 4.770009 4.116144 3.33143 0.7445335 -1.083782 1.722751
-2.919657 -0.3303701 3.552334 4.902024 1.782953 2.349104 3.662409 3.31926 4.075442 5.05612 4.314093 3.806763 0.8610794 -0.8945575 1.923064
-2.640532 -0.5274489 3.789752 5.01454 2.18494 2.562931 3.727145 3.318336 4.362054 5.223101 4.23713 3.756217 0.8837027 -1.261391 1.895336
-2.81737 -0.4252247 3.624191 4.749013 1.840429 2.43116 3.794939 3.405029 4.389817 5.278919 4.398117 3.715505 1.057399 -0.8198276 1.905036
-2.577487 -0.174566 3.543994 4.912706 1.980021 2.443832 3.725781 3.353276 4.229931 5.125389 3.996788 3.692553 0.8192565 -1.027299 1.882607
-2.6078 -0.3664324 3.807108 5.148174 2.185166 2.522134 3.987454 3.398193 4.600183 5.313725 4.383256 3.87831 1.038884 -0.9004891 2.233206
-2.572179 -0.3441536 3.772885 4.975881 2.154849 2.590888 3.97555 3.398296 4.716137 5.632123 4.271716 3.718163 1.009828 -1.027761 2.1
-2.368582 -0.07357847 3.871612 5.12347 2.504564 2.624948 4.150076 3.397242 4.446079 5.730479 4.463637 3.975729 0.9560985 -0.840795 2.146413
-2.477454 -0.564202 3.782712 5.240295 2.082355 2.565964 3.694214 3.445066 4.404384 5.263366 4.25333 3.740167 0.9451589 -0.9445745 1.981045
-2.656179 -0.2752673 3.810984 4.959121 2.070747 2.596694 3.910232 3.557655 4.297606 5.046048 4.257712 3.767331 0.9545563 -0.9746709 2.006783
-2.533963 -0.3430331 3.799252 4.877762 2.162334 2.44613 3.828594 3.391959 4.39644 5.367971 4.293313 3.916891 1.069691 -1.027023 1.995738
-2.536719 -0.2494618 3.811963 5.305149 2.216133 2.685851 3.905263 3.566415 4.4697 5.479208 4.434679 3.833933 1.089308 -0.876453 2.223923
-2.401765 -0.1710262 3.983722 5.179176 2.411206 3.055598 4.135041 3.605231 4.456938 5.438519 4.538599 4.066676 1.34497 -0.8152739 2.08642
-2.61929 -0.5473026 3.628383 4.97218 1.874906 2.514725 4.029107 3.400366 4.303287 5.276286 4.20647 3.743354 0.7727078 -1.064452 1.905841
-2.602152 -0.605251 3.66598 4.830654 2.125493 2.480336 3.865681 3.416748 4.43379 5.240282 4.1319 3.979781 0.8614874 -0.8679782 2.00255
-2.602335 -0.4717821 3.750666 4.917357 1.95296 2.487911 3.976584 3.535786 4.481609 5.330547 4.45462 3.949032 0.8580502 -1.036063 1.934891
-2.535019 -0.1887852 3.695636 5.012857 2.085292 2.75363 3.967266 3.356924 4.490921 5.409608 4.132779 3.761555 1.21321 -1.048876 1.944608
-2.326259 -0.2591778 3.907688 5.217304 2.20953 2.685457 4.034415 3.552613 4.470973 5.357651 4.528839 3.820456 1.010517 -1.00357 2.212636
-2.658817 -0.3921112 3.502037 4.935069 2.172127 2.51043 3.684517 3.214813 4.384908 5.272592 4.104136 4.139451 1.096983 -1.140831 2.173433
-2.736872 -0.7440285 3.693846 4.790901 2.140749 2.58944 3.920363 3.532167 4.367839 5.27823 4.234028 3.640094 0.8693832 -0.9523013 1.948025
-2.941053 -0.5653544 3.689063 4.653835 1.758601 2.443011 3.64435 3.079329 4.133388 4.923127 3.724877 3.524419 0.5378628 -1.459103 1.859155
-2.814479 -0.5470528 3.652315 4.708871 1.788276 2.133363 3.423813 3.236043 4.123592 4.999541 4.211977 3.327911 0.7593086 -1.217553 1.941431
-2.813474 -0.6312083 3.566522 4.537092 1.614562 2.319458 3.625022 3.264244 4.007172 4.999582 3.854864 3.525723 0.4611721 -1.404298 1.711875
-2.923224 -0.6522048 3.689295 4.91322 2.120657 2.300943 3.596229 3.357325 4.152932 4.957245 4.039719 3.407392 0.5422147 -1.078349 1.955825
-2.61752 -0.3478729 3.390578 4.541576 1.882333 2.328759 3.723684 3.16583 4.269112 5.1311 4.144537 3.361837 0.8276945 -1.207843 1.663923
-2.926048 -0.6151674 3.273654 4.6448 1.955489 2.040787 3.398326 3.237689 3.989158 5.044857 3.849709 3.34835 0.6445543 -1.275886 1.554731
-3.168145 -0.8264393 3.63923 4.726911 1.62005 2.252566 3.712883 2.943279 3.959251 4.694723 3.73113 3.45846 0.4473428 -1.35697 1.583962
-3.086344 -0.9261639 3.506774 4.664905 1.798532 2.105418 3.404211 3.00866 3.792932 4.765853 3.816771 3.288683 0.4193693 -1.634628 1.366383
-2.965086 -0.9618037 3.415391 4.511758 1.576925 2.131059 3.307499 3.107773 4.04134 4.887815 3.883978 3.374152 0.5346731 -1.453279 1.748584
-3.171544 -1.050079 3.404253 4.766308 1.598731 1.944473 3.394719 2.936939 3.916582 4.75468 3.613876 3.228057 0.5339197 -1.526584 1.607547
-3.082924 -0.8413531 3.228184 4.411362 1.569871 1.955565 3.246703 2.959787 3.895664 4.990637 3.808634 3.206779 0.3413422 -1.518673 1.50915
-3.192057 -0.7126505 3.240624 4.58057 1.425676 2.058919 3.456703 2.918574 3.7757 4.953922 3.636133 3.25934 0.4751188 -1.457732 1.658312
-3.465621 -1.20245 2.962205 4.32786 1.141787 1.802075 3.162339 2.794509 3.39088 4.492383 3.358735 3.045413 0.04122895 -1.642076 1.292127
-3.640748 -1.526231 2.55511 3.979228 1.014493 1.415719 2.706396 2.233043 3.29858 4.103568 3.392212 2.590162 -0.06531991 -2.018177 1.18147
-3.688142 -1.397954 2.515196 3.900691 1.197124 1.256678 2.847502 2.241563 3.13911 4.304116 3.120949 2.544762 -0.2539072 -2.15678 0.8679271
-3.322628 -1.245303 3.025405 4.176715 1.255599 1.790668 3.037232 2.711076 3.591371 4.52551 3.490535 3.086424 0.09277786 -1.753924 1.372373
-3.131281 -1.53275 3.078131 4.155324 1.338369 2.075136 3.08895 2.780307 3.732285 4.506824 3.570289 3.030117 0.2129853 -1.473758 1.296186
-3.497735 -1.283016 2.883427 4.242234 1.10734 1.68178 3.067449 2.558097 3.595941 4.488985 3.53784 2.900349 0.04587985 -1.996842 1.105628
-3.263619 -1.045934 3.037328 4.252607 1.265053 1.855304 3.326309 2.581925 3.471865 4.379897 3.503695 2.735434 -0.1178239 -1.611166 1.451797
-3.434867 -1.030396 2.906944 4.091022 1.247825 1.687965 2.878939 2.767203 3.658861 4.33153 3.644183 2.985684 0.1600698 -1.592246 1.333884
-3.470066 -1.061544 2.842584 4.111434 1.210504 1.632005 3.024992 2.676718 3.68284 4.314585 3.463094 2.851664 0.3231045 -2.025099 1.247567
-3.66906 -1.587296 2.687224 4.059099 1.036613 1.429233 2.831719 2.2184 3.086854 4.051555 3.37704 2.662403 -0.2325791 -2.078914 0.9915178
-4.02465 -1.735992 2.43948 3.797749 0.8991418 1.185863 2.47074 2.081145 3.004688 4.044672 2.907548 2.640367 -0.4178013 -2.354492 0.7647808
-4.187541 -1.908916 2.123988 3.378072 0.6846137 1.099549 2.323028 1.691734 3.022641 3.766756 2.62983 2.209072 -0.3981457 -2.669174 0.6186764
-4.246082 -2.220188 2.180305 3.585275 0.6685823 0.848269 2.12546 1.833182 2.900466 3.724142 2.702754 2.242263 -0.7396938 -2.6084 0.4616404
-4.12086 -2.078399 2.056587 3.109397 0.4001767 0.9057134 2.111831 1.633482 2.587979 3.650008 2.811309 2.238616 -0.5910231 -2.659183 0.3734125
-4.415963 -1.895938 2.063945 3.342366 0.6599524 1.004029 1.98537 1.787035 2.76217 3.71576 2.896426 2.250962 -0.6710945 -2.757025 0.604832
-4.322512 -2.026329 2.136245 3.230311 0.5922421 0.7772658 2.055114 1.691219 2.478426 3.819548 2.583288 2.05647 -0.9642571 -2.673386 0.09225363
-4.325361 -2.121551 2.108494 3.00582 0.4290804 0.7756503 1.915513 1.532528 2.790936 3.490325 2.796678 2.106958 -0.8541951 -2.671854 0.4656994
-4.118843 -1.72366 2.095023 3.423772 0.6106239 1.125904 2.329433 2.05264 2.459733 3.717557 2.51554 2.219198 -0.6780265 -2.52577 0.4982626
-4.098713 -1.933448 2.175779 3.475996 0.6243876 1.114107 2.256992 2.018539 3.013551 3.453265 2.791442 2.282241 -0.652227 -2.51457 0.6646106
-3.925973 -1.875535 2.523807 3.665593 0.7148098 1.192099 2.412094 2.301298 2.968543 3.839097 3.229605 2.501354 -0.3111579 -2.314821 0.704699
-3.879321 -1.629375 2.43343 3.901943 0.8320057 1.388163 2.855234 2.106876 3.153215 3.959844 3.29507 2.607808 -0.3183775 -2.469168 0.7015254
-3.900561 -1.735233 2.42918 3.516908 0.7906156 1.336866 2.732919 2.174346 3.124476 4.217682 2.885574 2.432362 -0.2537464 -2.301314 0.8536682
-4.154861 -2.000612 2.16435 3.658811 0.5973553 1.267681 2.340478 1.845987 2.90379 3.932725 2.716669 2.42103 -0.3171677 -2.647364 0.4183625
-4.182467 -1.995265 2.324237 3.371672 0.5351217 0.9531619 2.35074 1.984176 2.82578 3.825006 2.883334 2.329073 -0.4976779 -2.505304 0.5271084
-4.205499 -2.107311 2.303326 3.658427 0.7530995 1.318097 2.592891 1.894259 2.974172 3.647409 2.684253 2.330154 -0.3417956 -2.541285 0.5565924
-4.336501 -1.961961 2.07388 3.379057 0.4425918 0.8288729 2.287693 1.901959 2.681304 3.820385 2.678607 2.216912 -0.7015542 -2.711623 0.4861074
-4.198561 -2.201913 1.878737 3.23796 0.3240993 0.8361554 2.270694 1.5995 2.737786 3.82801 2.656216 2.117208 -0.7520552 -2.673884 0.457296
-4.212676 -2.253604 1.925654 3.364472 0.5432354 0.8529119 2.166424 1.780057 2.628841 3.567278 2.566794 2.003655 -0.4813975 -2.721104 0.1126475
-4.096313 -1.971794 2.132501 3.55467 0.5263768 0.9208159 2.271661 1.721212 2.740363 3.750114 2.653774 2.287106 -0.7002068 -2.521238 0.3684544
-3.936871 -1.921143 2.19343 3.425036 0.5503282 0.939053 2.266026 2.153186 2.844283 3.948707 2.888212 2.201796 -0.4675907 -2.579245 0.5311853
-4.119606 -2.128624 2.325019 3.390782 0.5010165 0.9543856 2.253769 2.053079 2.852664 3.718218 2.64407 2.170399 -0.6859332 -2.610025 0.4145296
-4.167696 -2.035922 1.920072 3.339525 0.4156854 0.9675691 2.251809 1.951018 2.991953 3.691716 2.669736 2.067124 -0.7848474 -2.698418 0.3385779
-3.980719 -1.835039 2.307404 3.536893 0.8757082 0.9563019 2.315081 2.192001 2.936173 3.834448 2.820896 2.415379 -0.403582 -2.597244 0.6050176
-4.021061 -1.834975 2.340365 3.313478 0.6315479 1.185985 2.563584 1.786449 2.834916 3.811335 2.821482 2.153865 -0.5848857 -2.365523 0.554436
-3.982349 -2.024722 2.265357 3.669171 0.9612341 1.277492 2.659625 1.862608 3.139459 3.960608 2.82118 2.350094 -0.4656313 -2.464047 0.6342619
-4.138427 -1.929905 2.228783 3.582425 0.7130367 1.087191 2.466788 2.000805 2.8729 3.82568 2.729525 2.243806 -0.4242079 -2.508078 0.6631855
-3.938715 -1.935032 2.139964 3.211969 0.5285728 0.8252616 2.260721 1.68186 2.684301 3.63965 2.661672 2.083395 -0.7051152 -2.649577 0.3861593
-3.929073 -2.175243 1.99266 3.153739 0.3960071 0.7987617 2.3313 1.730683 2.624953 3.549141 2.514125 1.943952 -0.7763556 -2.647861 0.4341098
-4.241418 -2.241589 1.921449 3.22382 0.18026 0.6588644 1.991219 1.535426 2.689724 3.581447 2.46531 2.108466 -0.8246617 -2.543365 0.1255086
-4.046135 -1.756249 2.36255 3.466388 0.6944479 1.009787 2.22827 2.013877 2.980046 3.866198 2.961351 2.298751 -0.5874532 -2.89965 0.2915016
-4.164634 -2.039692 2.28488 3.263471 0.5150548 1.152378 2.370151 2.047695 2.875142 3.82975 2.803613 2.366256 -0.5250601 -2.631215 0.3565934
-4.330056 -2.028435 2.010764 3.241359 0.1979093 0.6773477 2.087245 1.628997 2.513211 3.296792 2.572939 1.98999 -1.016648 -2.753494 0.1441057
-4.184522 -2.150494 1.999507 3.250043 0.1305371 0.8006484 1.783327 1.554838 2.294517 3.418839 2.529112 1.926666 -1.090289 -2.871826 0.3349883
-4.372656 -2.322529 1.984601 3.024357 0.295223 0.5317387 1.775383 1.313838 2.402574 3.491012 2.208499 1.772094 -0.7250245 -3.023459 0.07535259
-4.497007 -2.437036 2.070482 3.20698 0.1963893 0.4912629 2.254139 1.699291 2.752389 3.607134 2.604402 1.898994 -0.8270069 -2.700426 0.3276536
-4.484104 -2.543241 1.684935 3.148085 0.4602741 0.4644778 1.887176 1.668674 2.537666 3.465416 2.366866 1.989014 -1.058878 -2.974868 0.1831507
-4.228409 -2.362542 1.865001 3.057987 0.208712 0.5959295 1.948825 1.649474 2.443847 3.585551 2.206371 1.929044 -0.9590112 -2.964669 0.09720588
-4.803597 -2.685819 1.644572 2.719106 -0.1524598 0.1644694 1.696338 0.9820985 2.254702 3.144348 2.07816 1.474993 -1.561503 -3.083912 -0.2693631
-4.469755 -2.513396 1.401341 2.801596 -0.13654 0.3556512 1.44818 0.9655515 1.919209 2.890443 1.967805 1.485882 -1.343685 -3.250883 -0.4680224
-5.146193 -2.639697 1.207373 2.456433 -0.2476085 0.2771314 1.346864 0.7857647 2.070066 2.787774 1.944287 1.300683 -1.53235 -3.293434 -0.4645312
-5.043134 -2.686959 1.295305 2.4421 -0.2949836 0.2173632 1.33768 0.9560783 2.002889 3.106721 1.879722 1.486244 -1.444158 -3.34349 -0.3136894
-5.17552 -3.001722 0.9788631 2.543646 -0.2458685 0.08109007 1.427193 0.9070988 1.870578 2.566909 1.745503 1.223602 -1.462897 -3.398683 -0.3230931
-5.191415 -2.863128 0.9125569 2.190964 -0.535623 -0.009730238 1.245377 0.6428101 1.675873 2.602836 1.529926 0.919576 -1.67077 -3.638446 -0.578235
-4.888933 -2.534646 1.192767 2.295711 -0.1323807 0.06673876 1.461761 0.8910208 1.826558 2.617193 1.912643 1.001441 -1.620614 -3.565332 -0.4789045
-5.173349 -2.80332 1.174424 2.186657 -0.5718756 -0.01471958 1.206184 0.82006 1.896494 2.624501 2.116834 1.10658 -1.740237 -3.781113 -0.6750413
-5.032996 -3.087151 1.061247 2.311309 -0.6404175 -0.09273843 1.281478 0.6629547 1.692905 2.516202 1.629121 1.032478 -1.957405 -3.761111 -0.5190614
-5.369833 -3.206826 0.8163956 2.378879 -0.5457937 -0.1513002 0.9283434 0.5793204 1.545151 2.54915 1.374256 1.124712 -2.093117 -3.67769 -0.9231669
-5.81055 -3.326186 0.6710978 2.076719 -0.9066646 -0.4931756 0.7244022 0.3129592 1.320304 2.379766 1.271926 0.7733231 -2.065388 -4.042573 -1.078586
-5.833604 -3.697904 0.7326144 1.903568 -0.7600951 -0.6307353 1.089066 0.1281341 1.193803 2.014859 1.212241 0.7613743 -2.29217 -4.18247 -1.159831
-5.473404 -3.585328 0.8357707 1.948305 -0.9572888 -0.577119 0.9410819 0.1966285 1.462182 2.205706 1.252411 0.4731143 -2.109185 -4.014133 -1.044468
-5.472761 -3.545478 0.826592 2.090789 -0.7134045 -0.5812846 0.7183314 0.4149341 1.348751 2.183436 1.167039 0.7695133 -1.991214 -4.085917 -0.9129337
-5.717365 -3.397699 0.6941935 1.849055 -1.184529 -0.7429844 0.4650989 0.4249613 1.216619 2.109958 1.394102 0.5171817 -2.136236 -4.466271 -1.006613
-5.671171 -3.330607 0.7373761 1.963887 -0.7744777 -0.3528853 0.6080563 0.3776609 1.188316 2.182496 1.629219 0.4968052 -2.246077 -3.977378 -1.115157
-5.544623 -3.650547 0.6539179 2.065002 -0.9490397 -0.4241748 0.9379963 0.2639998 1.514789 2.053352 1.080048 0.7396011 -2.140649 -3.748808 -1.022208
-5.56248 -3.591448 0.5914448 2.031545 -0.9133007 -0.3207818 0.7641375 0.5609141 1.585131 2.28989 1.282133 0.7085133 -2.155424 -3.990006 -0.8233958
-5.563125 -3.286006 0.873936 2.088709 -0.9890312 -0.09393156 1.023408 0.4016351 1.450407 2.352518 1.512194 0.7279044 -1.826804 -4.098103 -0.895701
-5.376498 -3.352375 0.7551082 1.966976 -0.8463437 -0.4292009 0.7653215 0.5716671 1.488104 2.301463 1.507594 0.6750767 -2.21604 -4.085207 -0.7855595
-5.264836 -3.22797 0.9352751 2.316926 -0.746742 -0.2871257 1.205471 0.6552333 1.590876 2.312176 1.466797 1.062409 -1.792219 -3.842901 -0.9071743
-5.660464 -3.123446 0.9519684 2.323533 -0.4559824 -0.2568709 1.067341 0.6336027 1.52832 2.593609 1.259177 0.9829921 -1.86124 -3.914408 -0.6293625
-5.264101 -3.064264 0.9352178 2.10453 -0.841687 -0.06351035 1.047889 0.7178434 1.719557 2.304351 1.543857 1.128759 -1.668051 -3.738943 -0.4420403
-5.024465 -3.162968 1.22023 2.358477 -0.4948145 -0.03262645 1.391242 0.5861676 2.001727 2.631537 1.981048 1.550038 -1.611227 -3.339949 -0.1483171
-4.739245 -2.858997 1.44155 2.318367 -0.2330686 0.2120901 1.767973 1.061937 2.053912 2.971801 1.849207 1.476111 -1.377241 -3.302574 -0.2104164
-4.967709 -2.581296 1.207895 2.540291 -0.1884875 0.08363553 1.703279 1.131917 1.823767 3.034064 1.920904 1.327708 -1.306564 -3.375665 -0.5035454
-4.905698 -2.56402 1.455496 2.697451 -0.176344 0.266279 1.414789 1.138005 2.0282 3.081699 2.1175 1.710745 -1.327901 -3.229533 -0.1893506
-4.881231 -2.877454 1.413257 2.583461 -0.003096632 0.04046973 1.40063 1.077585 1.875958 2.896502 1.786823 1.448885 -1.364854 -3.465873 -0.3055468
-4.879992 -2.825117 1.474954 2.960175 -0.1131882 0.4423186 1.965343 1.174192 2.27831 3.177672 1.964422 1.458458 -1.178107 -2.99285 -0.2145848
-4.684474 -2.650756 1.416479 2.8569 -0.1390096 0.1956029 1.549988 1.147446 2.260501 3.045057 1.972822 1.67563 -1.306229 -3.215683 -0.2293117
-4.391053 -2.087814 2.066798 3.284716 0.3260227 0.8591335 1.972295 1.870541 2.55237 3.458972 2.739587 1.924216 -0.8785009 -3.192296 0.09637073
-4.011819 -1.816323 2.25998 3.70531 0.4859614 0.9074255 2.054418 1.772778 2.881618 3.669445 2.936302 2.425857 -0.7216174 -2.418314 0.4165072
-4.31879 -1.615715 2.052854 3.431642 0.4515833 1.032034 2.346795 1.757171 2.870041 3.596433 2.567532 2.021453 -0.5841844 -2.49413 0.4013377
-4.286637 -2.040242 2.012928 3.088016 0.4944045 0.8257288 2.087972 1.730931 2.594975 3.399818 2.521034 1.965802 -0.8386194 -2.865121 0.1744827
-4.567443 -2.336708 1.663082 3.066479 0.1446259 0.6618357 2.045678 1.528732 2.451613 3.215457 2.395025 1.60149 -1.094105 -3.001341 0.1645944
-4.555569 -2.17238 1.701679 2.901125 -0.03910123 0.5888787 1.605591 1.435842 2.384688 3.168642 2.312095 1.68337 -1.045186 -3.083224 0.2039136
-4.543657 -2.292038 1.842461 2.978342 0.2545692 0.6839662 2.185525 1.805913 2.578011 3.458357 2.31623 1.872516 -1.092417 -2.759696 0.1186143
-4.641497 -2.285269 1.623588 2.969441 0.06435199 0.6838217 2.055936 1.512862 2.51569 3.338546 2.316489 1.938152 -0.8880941 -2.688866 0.2695391
-4.746958 -2.55859 1.56675 2.751011 -0.0819963 0.5014364 1.641411 0.9395327 2.372192 3.151866 1.873272 1.484406 -1.15428 -3.163098 -0.2077814
-4.690156 -2.434709 1.573885 2.657717 -0.07350118 0.4564868 1.821339 1.284859 2.131404 3.217239 2.282323 1.77841 -1.059035 -3.098965 -0.0689694
-4.82458 -2.343822 1.776522 2.972117 0.08128422 0.6247857 1.865389 1.32328 2.604387 3.46141 2.2076 1.895395 -0.9169657 -2.754929 0.2601916
-4.692246 -2.481544 1.538944 2.751642 -0.0355706 0.5256882 1.700113 1.131697 2.246417 3.213354 2.291602 1.577457 -1.303956 -3.377822 -0.2541589
-4.665876 -2.63564 1.468543 2.87794 -0.1192209 0.2864001 1.674393 1.19476 2.128228 3.165146 2.372149 1.529622 -1.094606 -3.503223 -0.1265591
-5.036803 -2.836734 1.331563 2.602607 -0.1908709 0.09015226 1.833585 1.138545 2.146379 2.796335 1.935639 1.468565 -1.408866 -3.387204 -0.5008616
-5.207844 -2.581662 1.370356 2.546055 -0.5622467 0.007357026 1.58222 1.041682 2.102981 2.666572 1.809411 1.420033 -1.425019 -3.536128 -0.4760069
-4.94468 -2.855615 1.432204 2.633391 -0.04867512 0.05697006 1.574441 1.080082 1.952176 2.989876 1.731508 1.484271 -1.320456 -3.297817 -0.4423945
-5.155199 -2.784754 1.291997 2.454165 -0.4619733 0.05168573 1.526155 0.7576983 1.856161 2.639106 1.835556 1.313983 -1.598655 -3.458697 -0.4280248
-4.98706 -2.777495 1.444785 2.458661 -0.4980178 0.3190107 1.537626 0.998707 2.251064 3.021427 1.875361 1.310587 -1.51981 -3.426829 -0.5143952
-5.191656 -2.866469 1.043412 2.529679 -0.4199795 0.1348304 1.393226 0.7789033 1.738493 2.830442 1.504829 0.9887705 -1.861984 -3.854947 -0.5099811
-5.447737 -2.919097 1.066451 2.329067 -0.3984428 -0.2591276 1.384478 0.7951522 1.851305 2.686358 1.92642 1.069283 -1.64152 -3.530429 -0.6407843
-5.539691 -3.203451 1.216916 2.17543 -0.6165277 -0.1772922 1.073175 0.537579 1.857815 2.420163 1.520483 0.9407973 -1.977669 -3.769258 -0.5757681
-5.005253 -2.858595 1.045173 2.233123 -0.5416558 -0.1033207 1.382169 0.7683327 1.867232 2.672722 1.569845 1.432613 -1.533279 -3.43578 -0.4262998
-5.016468 -2.931682 1.379641 2.465647 -0.07626092 0.3065969 1.528648 0.9923606 2.113405 2.921906 2.128842 1.414498 -1.590896 -3.244028 -0.2406691
-4.597091 -2.321972 1.815801 2.858933 -0.09109565 0.1559229 1.767981 1.20545 2.308773 3.261488 2.278656 1.716977 -1.142389 -2.992391 0.02101256
-4.688775 -2.605581 1.620726 2.872548 -0.1731776 0.3604477 1.643627 1.256042 2.283785 2.947682 2.125904 1.677523 -1.150144 -3.253282 -0.198757
-4.800657 -2.468002 1.72361 2.780019 -0.2459147 0.4924413 1.887691 1.17206 2.092453 2.990471 2.038731 1.592191 -1.253826 -2.985422 -0.07528228
-4.591271 -2.546513 1.755489 2.808018 0.007671598 0.7276298 1.812927 1.391546 2.138592 3.360065 2.327566 1.751218 -1.234359 -3.001616 -0.07795815
-5.018397 -2.529645 1.670126 2.773493 0.02956044 0.3886217 1.834306 1.078338 2.249115 3.072779 2.125722 1.615907 -1.252327 -3.279068 -0.1953749
-4.643253 -2.61604 1.628767 2.845988 0.1098573 0.6563434 1.974937 1.337646 2.462257 3.146676 2.357603 1.61268 -0.9990543 -2.98098 0.06457509
-4.660661 -2.425939 1.655106 2.952686 0.1513888 0.4856365 1.754135 1.423148 2.311775 3.335211 2.142247 1.75714 -0.967916 -2.918691 -0.2482676
-4.592166 -2.587559 1.771855 2.895745 0.1274724 0.4269356 1.846993 1.457463 2.423783 3.303752 2.333131 1.613806 -1.109788 -2.891255 -0.0450404
-4.43475 -2.552925 1.750588 2.833388 -0.01422227 0.5439681 1.84942 1.232438 2.163975 3.214078 2.294889 1.618708 -1.161337 -3.028213 -0.1115315
-4.748322 -2.571217 1.693246 2.910481 0.1402672 0.5929345 1.821554 1.294106 2.382056 3.256351 2.264337 1.729386 -1.034554 -3.036426 -0.2497789
-4.662634 -2.348809 1.769093 3.056393 0.3634359 0.52078 2.01011 1.556771 2.441842 3.381419 2.258733 1.756771 -0.9137237 -2.938822 -0.02667304
-4.615324 -2.293768 1.799279 3.031511 0.2886113 0.9409286 2.122134 1.64574 2.468871 3.503411 2.27101 1.814018 -0.9163366 -2.72421 0.3534827
-4.251767 -2.443975 1.862051 2.93065 0.381061 0.8409278 2.053576 1.362959 2.409577 3.434422 2.625006 1.761343 -0.9040894 -3.040282 0.26053
-4.052392 -2.258763 1.959252 3.286203 0.2729804 0.8618018 2.040419 1.477324 2.735807 3.619578 2.600823 1.820019 -0.7916307 -3.005314 0.3813948
-4.161127 -2.175883 2.022655 3.337903 0.5929792 0.8121467 2.314678 1.507244 2.951201 3.385364 2.779012 1.888512 -0.8679187 -2.657228 0.3505187
-3.958073 -1.9107 2.095228 3.254311 0.5763894 0.9350542 2.335321 1.550845 2.647726 3.732917 2.852802 2.010174 -0.6641679 -2.857369 0.2358409
-4.26854 -2.041869 2.161848 3.23676 0.500326 1.113179 2.23649 1.841231 2.745596 3.517478 2.613808 2.08462 -0.7513292 -2.645753 0.2463484
-4.057519 -1.915497 2.32589 3.400887 0.4497525 1.074944 2.308605 1.843772 2.756441 3.582962 2.829658 2.191948 -0.5869051 -2.650522 0.3628064
-4.333925 -1.911091 2.327229 3.5899 0.6606619 0.957471 2.297324 1.658089 2.860588 3.759571 2.844375 2.245539 -0.538294 -2.429545 0.4146514
-4.273736 -1.902222 2.531445 3.698583 0.6222814 1.003135 2.434988 2.016586 2.981327 3.86495 2.844737 2.455734 -0.5808427 -2.446684 0.5459723
-3.920295 -1.582458 2.515354 3.79629 0.9923165 1.390884 2.638561 2.152042 3.276582 4.394954 3.071284 2.808097 -0.1316364 -2.132005 0.7574056
-4.0744 -1.905477 2.230147 3.495738 0.7403695 1.105084 2.438334 1.890166 2.94388 3.731855 3.039814 2.246784 -0.4080391 -2.357131 0.6401928
-4.009366 -1.913662 2.267746 3.695148 0.6746956 1.096331 2.204135 1.991806 2.88103 3.65784 2.605623 2.269897 -0.5810014 -2.594766 0.407459
-4.400038 -2.110256 2.175375 3.158294 0.3892617 0.9189247 2.251952 1.80962 2.598496 3.680547 2.624616 2.127994 -0.5768355 -2.61784 0.6169367
-3.902928 -1.97136 2.061015 3.454869 0.572427 0.8895761 2.293458 1.765767 2.946062 3.742621 2.763354 2.350969 -0.5919253 -2.643651 0.3468961
-4.115683 -2.152485 2.141121 3.451597 0.595369 0.9011116 2.318792 1.920157 2.650915 3.943868 2.593921 1.983594 -0.3298363 -2.414347 0.5106523
-4.286553 -2.301689 2.088748 2.933553 0.6349496 0.8085255 2.012301 1.794303 2.658432 3.593876 2.720449 2.199358 -0.8478309 -2.69757 0.460597
-4.245073 -2.307493 2.052148 3.186031 0.2367911 0.8703999 2.203652 1.666151 2.841565 3.523769 2.883294 2.170275 -0.8521881 -2.414538 0.1003588
-3.881849 -2.324493 2.046942 3.287586 0.5292274 0.7497908 2.170077 1.763049 2.599034 3.752382 2.683612 2.23949 -0.9292691 -2.530334 0.2681426
-4.040962 -2.134846 2.292796 3.318868 0.4246305 0.9852807 2.236271 1.854879 2.889005 3.747819 2.788488 2.365145 -0.3816812 -2.341179 0.6081329
-4.211193 -1.892888 1.947069 3.304698 0.6229938 0.9029132 2.110553 1.725519 2.721487 3.490661 2.711008 2.074985 -0.5814397 -2.90248 0.2371587
-3.963347 -1.754655 1.971497 3.517301 0.6355511 1.089035 2.23626 1.98742 2.672975 3.75299 2.896443 2.272307 -0.736502 -2.639269 0.4401983
-3.744021 -1.702099 2.564236 3.558979 0.7091852 1.231852 2.47792 1.894294 2.977351 3.870222 2.668244 2.364625 -0.3086495 -2.453255 0.7978271
-3.941331 -1.737253 2.435811 3.628344 0.8644534 1.282606 2.446425 2.098694 3.077003 3.960684 3.015073 2.758698 -0.4312885 -2.308743 0.6570428
-3.588578 -1.668822 2.756517 3.679323 1.185106 1.556671 2.695248 2.190916 3.169868 4.234112 3.219655 2.642938 -0.2655248 -2.220247 0.9697112
-3.705647 -1.534986 2.583315 3.680874 0.7768911 1.424557 2.579212 2.1998 3.307362 4.205772 3.430678 2.687293 -0.2598148 -2.166979 0.6010893
-3.921155 -1.59105 2.6858 3.731281 0.8382864 1.494303 2.673723 2.191227 3.138867 4.193754 3.296502 2.560973 -0.1866093 -2.134517 0.9086104
-3.951552 -1.243916 2.621081 3.778923 1.117679 1.527814 3.023422 2.349247 3.551334 4.386244 3.109932 2.57115 -0.03970268 -2.090153 0.7700367
-3.803193 -1.571217 2.593369 3.764712 0.9114844 1.49299 2.799643 2.360696 3.180667 4.218373 3.206962 2.742653 -0.1898231 -2.487476 0.8502152
-3.889787 -1.483281 2.600842 3.736605 0.5452236 1.396305 2.658522 1.926094 3.174028 3.821033 3.008102 2.477275 -0.3411601 -2.298148 0.5933981
-4.047828 -1.770433 2.321397 3.454437 0.7078541 1.153077 2.614288 2.066993 2.911839 3.732118 2.818028 2.252502 -0.1525294 -2.487062 0.8033188
-3.964239 -1.884014 2.060514 3.343555 0.4284108 0.9311071 2.143136 1.907029 2.804503 3.722802 2.846155 2.134637 -0.6177474 -2.489039 0.4273171
-4.063415 -1.832654 2.015027 3.60459 0.7169604 1.015287 2.437957 1.897751 2.919343 3.778118 3.02607 2.582329 -0.6709094 -2.60119 0.3898681
-4.184261 -1.973795 2.396379 3.636462 0.6809734 1.071767 2.291454 2.013245 3.082112 3.813978 2.626515 2.460185 -0.3604415 -2.262747 0.4203132
-3.879133 -1.994536 2.477218 3.473988 0.7715123 1.233131 2.383672 1.926656 3.04128 4.105737 2.935119 2.258431 -0.618769 -2.449936 0.6361267
-3.99477 -1.821797 2.39874 3.539196 0.7021481 0.9986241 2.455831 1.968117 2.99253 3.803484 3.118943 2.227673 -0.5874455 -2.615958 0.4269403
-3.976475 -1.828911 2.738108 3.680162 0.5790234 1.095979 2.568721 1.80104 3.128122 3.915536 3.081418 2.339281 -0.6227338 -2.365194 0.6150276
-4.198311 -1.846341 1.840063 3.395998 0.3746393 0.829851 2.271946 2.046475 3.012839 3.803599 2.748278 2.204205 -0.6003543 -2.634043 0.5613721
-3.775615 -1.635116 2.408599 3.568108 0.8092965 1.329262 2.404483 1.980097 2.996097 3.959205 2.843836 2.460094 -0.4379528 -2.434615 0.8321479
-3.732458 -1.643936 2.436587 3.738343 0.8675559 1.178156 2.631673 2.110394 3.164377 3.890087 3.412013 2.770149 -0.3742074 -2.470505 0.8119187
-3.560965 -1.753744 2.622017 3.746096 0.9478253 1.419156 2.776854 2.152041 3.244822 4.354478 3.159853 2.58713 -0.07002589 -2.110529 0.9997899
-3.822744 -1.247127 2.434988 3.545107 0.6610791 1.203611 2.895438 2.027419 3.076632 4.09924 2.91749 2.670664 -0.2023818 -2.065804 1.056345
-3.609501 -1.649298 2.467923 3.795784 1.072962 1.708954 2.577802 2.220925 3.315671 4.218656 3.286053 2.701969 -0.1748159 -2.297175 0.8036684
-3.968357 -1.519663 2.579999 3.698323 1.061159 1.298214 2.904725 2.286545 3.177799 4.161756 3.119259 2.269523 -0.3167644 -2.231623 0.7119161
-3.419039 -1.298596 2.650927 3.950252 1.285934 1.67483 2.818741 2.439881 3.53108 4.255873 3.500629 2.605047 -0.1419543 -1.954647 0.8877518
-3.573401 -1.53554 2.957723 4.142219 1.125264 1.722777 2.835802 2.387602 3.357081 4.20891 3.441429 2.876413 0.08956671 -2.05212 1.122853
-3.360228 -1.547857 2.780231 3.823689 1.170635 1.426816 2.880545 2.078068 3.451704 4.296027 3.302735 2.604351 -0.1244138 -1.903936 0.7224902
-3.675923 -1.393717 2.848242 3.872502 1.192241 1.574121 2.888874 2.387467 3.479018 4.073289 3.238637 2.669347 -0.06332466 -1.949338 1.130476
-3.492567 -1.559999 2.840569 4.134707 1.055403 1.472711 3.066209 2.45989 3.431344 4.190191 3.259693 2.85451 -0.2446517 -1.930941 0.9467518
-3.69954 -1.45377 2.528268 3.591025 0.7149691 1.161981 2.696217 2.33559 3.247692 4.22157 3.051203 2.608243 -0.2207072 -2.172018 0.9248004
-4.031613 -1.679078 2.556745 3.894452 1.251151 1.317229 2.916141 2.163484 2.967838 3.972515 3.009749 2.638391 -0.2629978 -2.257991 0.8084229
-3.716055 -1.758276 2.368883 3.523905 0.7105304 1.242867 2.441672 2.189405 2.949643 3.903564 2.846957 2.530944 -0.3617123 -2.404448 0.6676456
-3.882656 -1.82205 2.550536 3.640075 0.9270919 1.110623 2.411474 1.981552 2.880224 3.999491 3.079134 2.556391 -0.302453 -2.536463 0.7475421
-3.657599 -1.584624 2.553707 3.776874 0.8527471 1.358615 2.709498 2.275408 3.102851 4.242406 3.103991 2.730838 -0.222727 -2.250154 0.7468141
-4.148989 -1.843457 2.287636 3.473768 0.7521958 1.27968 2.61711 2.309974 3.172929 3.752376 3.115115 2.411951 -0.5904351 -2.427229 0.76151
-4.10559 -2.089911 2.006578 3.251043 0.4695928 0.9874795 2.237344 1.655705 2.662215 3.693125 2.818509 2.180412 -0.6355711 -2.539695 0.2138284
-4.470028 -2.177046 1.935822 3.284855 0.5779667 0.933809 2.196046 1.737288 2.669197 3.569844 2.650415 2.049662 -0.6391338 -2.731638 0.3929776
-4.34799 -2.096939 2.098969 3.401283 0.4156896 1.065707 2.184875 1.527805 2.700113 3.639307 2.5613 1.977182 -0.6901991 -2.73138 0.2376156
-4.232146 -2.088221 2.114817 3.139774 0.4043122 0.8853632 1.985009 1.590382 2.609995 3.2699 2.501884 2.245061 -0.8862843 -2.62564 0.2920997
-4.389388 -2.28248 1.811898 3.09674 0.09215353 0.7711904 2.032293 1.386829 2.314531 3.284791 2.433786 1.939278 -0.944399 -3.04364 0.09759575
-4.583271 -2.201793 1.848688 3.058489 0.1006257 0.6492241 1.898339 1.616723 2.584562 3.457726 2.374709 1.721487 -0.9411886 -2.991035 0.1245212
-4.513296 -2.35706 1.88973 2.944165 0.2545539 0.6784261 1.903913 1.618184 2.583187 3.3883 2.560093 1.827999 -1.03706 -2.773504 0.1607603
-4.432667 -2.173948 1.963843 3.038696 0.3439542 0.6110407 2.021204 1.716569 2.579464 3.724723 2.563224 2.01382 -0.7884395 -2.693933 0.2411926
-4.140148 -2.287864 2.080631 3.443273 0.4374944 0.8198469 2.294966 1.650244 2.769413 3.586978 2.64259 2.137495 -0.5921119 -2.476386 0.1274853
-4.122971 -1.870728 2.159025 3.423022 0.5098675 1.068601 2.221749 1.816814 3.087637 3.718885 2.554964 2.181858 -0.5740464 -2.480204 0.5422407
-4.04028 -1.942299 2.23149 3.506912 0.4957731 1.358012 2.466037 1.802011 3.063691 3.882477 2.896245 2.18377 -0.5100673 -2.440112 0.6935172
-3.988954 -1.734634 2.257726 3.367572 0.5856065 1.134833 2.439417 1.892831 2.888526 3.704023 2.626346 2.092967 -0.4803345 -2.480292 0.5590432
-4.352291 -2.203796 1.942634 3.269759 0.454215 0.7386493 1.993706 1.402427 2.578894 3.290307 2.395181 2.036655 -0.8504729 -2.88268 0.2364076
-4.698024 -2.24688 1.853299 3.132791 0.4925292 0.6595714 2.315909 1.706571 2.482085 3.532947 2.61267 1.944683 -0.7786172 -2.611912 0.1819756
-4.165906 -2.319409 2.000555 3.186599 0.5599609 0.788252 2.084953 1.593929 2.435939 3.375535 2.447316 2.025919 -0.7588093 -2.667769 0.3118227
-4.497432 -2.090982 2.006313 3.238664 0.2970856 0.8563328 2.130106 1.49087 2.89486 3.403441 2.556767 1.950904 -0.850334 -2.60928 0.5598071
-4.183619 -2.082718 1.951321 3.268129 0.4510843 0.8257907 2.077323 1.722479 2.656247 3.656828 2.615714 2.194278 -0.4511813 -2.555166 0.4109885
-4.012973 -2.125137 2.199173 3.589194 0.5711665 0.6990176 2.208969 1.632074 2.907373 3.551248 2.289891 2.258275 -0.8072318 -2.68131 0.2395754
-4.009514 -1.961427 2.398641 3.541812 0.6256476 1.07261 2.425382 1.969444 2.970979 3.992528 2.799764 2.280964 -0.5757642 -2.310304 0.7304177
-3.7446 -1.557636 2.560045 3.777896 0.8707692 1.478566 2.310341 2.343661 3.05699 4.008211 3.268899 2.501377 -0.4727758 -2.219285 0.5040798
-3.764852 -1.794459 2.646592 3.850612 0.7056915 1.532593 2.522753 2.20433 3.372074 4.098414 3.145072 2.626102 -0.1641527 -2.325371 0.987217
-3.697216 -1.656776 2.495071 3.690894 0.944816 1.658837 2.729596 2.444568 3.285993 4.167469 3.409754 2.742501 -0.1507106 -2.168784 0.7038585
-3.988102 -1.597659 2.331547 3.851558 0.9305808 1.216787 2.65999 2.094928 3.052306 4.111753 3.126069 2.402582 -0.3020871 -2.349366 0.8557526
-4.03366 -1.746343 2.509441 3.650226 0.7361438 1.384527 2.498299 2.163173 3.002387 3.809488 2.940927 2.487684 -0.2314322 -2.652736 0.6711671
-4.089341 -1.713065 2.372849 3.638906 0.8440492 1.104399 2.680676 2.22716 3.209493 4.089218 2.911133 2.500554 -0.5980528 -2.073129 0.8476188
