probIn scale
0.4108841 0.1308776
0.3940067 0.1221876
0.337378 0.1349057
0.2538088 0.1348351
0.2601696 0.1204912
0.2828073 0.1197536
0.2240147 0.110875
0.2430578 0.1157924
0.2681255 0.1127166
0.2618916 0.1020449
0.3269641 0.101542
0.3269358 0.09550771
0.3655235 0.07896238
0.3339419 0.079674
0.307316 0.08904364
0.2995832 0.08689103
0.2840062 0.08778965
0.2129222 0.09185048
0.1858088 0.0854916
0.1776804 0.08884576
0.1827123 0.08297304
0.2516353 0.08353367
0.2668819 0.07978539
0.2799015 0.08378713
0.2474973 0.09151936
0.2905356 0.09578371
0.3103836 0.09052198
0.3850274 0.08059353
0.3533808 0.07262616
0.3224983 0.06885445
0.3270222 0.06204934
0.411404 0.05959603
0.4217332 0.06139877
0.3930183 0.05696199
0.3606064 0.05397637
0.3202814 0.0544102
0.3579554 0.048275
0.2905358 0.0483637
0.2790685 0.04660678
0.3299063 0.04284405
0.3223153 0.04176061
0.3193909 0.04444396
0.4310523 0.04826667
0.4201665 0.04997913
0.4057376 0.04580762
0.4347088 0.04756739
0.4704095 0.04423162
0.434607 0.04304435
0.3864597 0.04528605
0.3622163 0.04320586
0.3854983 0.04610927
0.3787304 0.04698595
0.4463715 0.04825068
0.4517745 0.04876025
0.5052473 0.04848869
0.4637804 0.04817368
0.5051647 0.04942172
0.5950896 0.04492654
0.5844281 0.04366093
0.5724142 0.04699215
0.514181 0.04411717
0.5206733 0.04315235
0.4563612 0.04124351
0.4360967 0.03928522
0.4484624 0.03672801
0.5452396 0.03903697
0.5925696 0.04147272
0.5065895 0.03975798
0.5387181 0.0371846
0.5592057 0.03681466
0.5076305 0.03702737
0.537928 0.03605593
0.5105661 0.03582174
0.4371754 0.0353163
0.4425543 0.03442634
0.4994896 0.03467411
0.4457556 0.03648387
0.4057351 0.03761623
0.4207049 0.03847904
0.4555455 0.04089408
0.4318725 0.04001515
0.4363569 0.04073163
0.4581792 0.04000198
0.3364944 0.04142485
0.3766602 0.04000771
0.3648634 0.03995276
0.4181734 0.04005775
0.3964257 0.03711538
0.4478041 0.03981293
0.4105851 0.03736974
0.4466647 0.03770834
0.4366059 0.03815816
0.4058141 0.0372183
0.4047668 0.04081279
0.3967736 0.04108126
0.3837461 0.04208242
0.3750856 0.04260189
0.4208135 0.0408597
0.4332601 0.03904187
0.4331689 0.04114792
0.4995055 0.04168372
0.482808 0.04058504
0.4815264 0.04148684
0.4794001 0.03749979
0.4494187 0.03745641
0.5038587 0.03400268
0.4912202 0.03335449
0.5159648 0.03399351
0.4593725 0.03587465
0.5350475 0.03633366
0.6064421 0.04010762
0.5693705 0.03261518
0.578024 0.03490696
0.4512291 0.03459866
0.4581023 0.03392337
0.4175373 0.0371096
0.3550449 0.04029773
0.4032459 0.03760824
0.4423881 0.04007969
0.4670692 0.03987718
0.3902944 0.04087969
0.5171644 0.04371444
0.5034164 0.05037321
0.5555575 0.04678854
0.4556112 0.04652929
0.4292473 0.04490064
0.3881175 0.04767881
0.3406656 0.04421976
0.421586 0.04238726
0.4646609 0.04441283
0.4582175 0.04215552
0.4645378 0.04400862
0.4093762 0.04289961
0.4099776 0.04041841
0.3962966 0.04024295
0.3334768 0.03581782
0.3707828 0.03737027
0.3474601 0.0421889
0.3896533 0.03870891
0.3880665 0.04086164
0.4013558 0.03874591
0.4540162 0.03970677
0.4849247 0.04287634
0.5056097 0.04068975
0.5361671 0.04007667
0.5531293 0.04097468
0.5339055 0.04442985
0.6138023 0.04588849
0.5907946 0.05053272
0.544985 0.0455136
0.5775703 0.04627213
0.5881702 0.04189676
0.5823181 0.04245737
0.6162163 0.04236399
0.5634156 0.0408776
0.6019061 0.04332549
0.6752836 0.04069137
0.6378834 0.04249958
0.6577726 0.04123867
0.6529243 0.04215499
0.5518129 0.04328382
0.542773 0.04170185
0.5312472 0.04140229
0.543109 0.04172081
0.5346195 0.0395916
0.5079155 0.04121218
0.5163188 0.04001534
0.5283179 0.0407656
0.5665454 0.03546395
0.6412176 0.03643019
0.5905419 0.03611734
0.5065943 0.03487294
0.4793317 0.03546377
0.4854963 0.03554391
0.4702191 0.03381208
0.4816566 0.03381311
0.497418 0.03403918
0.512383 0.03670784
0.5213326 0.0352439
0.5103176 0.03698029
0.4154416 0.04049456
0.4160771 0.0439634
0.4924314 0.04216735
0.5141123 0.0465538
0.5696665 0.04614036
0.4540543 0.0455692
0.4509276 0.04642557
0.46414 0.04605106
0.4141815 0.04678091
0.4854533 0.04645148
0.5333798 0.04459209
0.5414992 0.04026387
0.497195 0.0411428
0.5048533 0.04379641
0.4382315 0.04523657
0.5514837 0.04574559
0.5463897 0.04573954
0.5438059 0.04298318
0.5393229 0.0435256
0.5384437 0.04176319
0.469306 0.04113827
0.4595485 0.03661153
0.4119181 0.03830896
0.4380713 0.04260542
0.4517863 0.04534956
0.4032 0.04874166
0.4547671 0.05394173
0.403953 0.05293948
0.4599102 0.05130187
0.5151852 0.05011602
0.4704003 0.04749356
0.422752 0.04793129
0.3952689 0.04992299
0.4328746 0.05107596
0.4283428 0.04651592
0.4722908 0.04686391
0.468331 0.04760618
0.5045511 0.04889562
0.4235332 0.04911621
0.4394014 0.05549518
0.4762131 0.05541182
0.406662 0.05594247
0.397049 0.05574529
0.3769479 0.05542737
0.3901604 0.0565507
0.3627738 0.05687409
0.343199 0.05819365
0.3347923 0.05531148
0.305199 0.05446269
0.3070645 0.05229328
0.3031764 0.05468209
0.3667003 0.05200904
0.3763157 0.0474112
0.3377532 0.04445902
0.3721512 0.04806299
0.4028333 0.04822256
0.4377081 0.04949272
0.4075192 0.05084686
0.3768568 0.05349603
0.3928271 0.05312888
0.403944 0.05542264
0.4048374 0.05874335
0.4133632 0.06079117
0.434422 0.0590162
0.4365612 0.0604076
0.4500919 0.0622302
0.4219889 0.05981175
0.4320677 0.05547747
0.4661515 0.06064049
0.433222 0.0558635
0.4332569 0.04984428
0.4264849 0.05139279
0.3876968 0.04714717
0.4276988 0.04827703
0.4279038 0.05068876
0.3364949 0.04981631
0.2900945 0.04864205
0.2245448 0.05141572
0.279841 0.04992023
0.2733571 0.05019731
0.3615833 0.04460626
0.3628992 0.04453686
0.3442375 0.04586597
0.439604 0.04526347
0.428349 0.04358851
0.4504954 0.04473964
0.4603237 0.04666562
0.4090421 0.05329683
0.384683 0.05256567
0.4157343 0.05286312
0.4702626 0.05467821
0.4867413 0.0527216
0.4815653 0.05364559
0.4773495 0.04924522
0.4232195 0.0498408
0.4097177 0.05078055
0.4320664 0.05758655
0.3484777 0.05860197
0.3234623 0.05798672
0.285599 0.05442689
0.3355995 0.05641663
0.2861894 0.05761022
0.2444827 0.05714796
0.2736379 0.0565111
0.3571767 0.05331452
0.3535201 0.05340218
0.4142627 0.05521839
0.3830579 0.0519254
0.4515768 0.04546722
0.4512379 0.04586563
0.5569962 0.04493597
0.5575708 0.04687635
0.5992936 0.04615051
0.5831289 0.04484998
0.5786943 0.04792755
0.5204847 0.05244949
0.4525599 0.05560665
0.4014029 0.06015017
0.3224067 0.06586349
0.3243532 0.06792487
0.2853536 0.06687444
0.3671658 0.06524224
0.3967375 0.07157966
0.4202689 0.06769005
0.4494663 0.06730091
0.4471845 0.06163851
0.3852226 0.06328838
0.348611 0.06751034
0.3587952 0.06658198
0.285795 0.06749342
0.2475821 0.06704026
0.3006587 0.0621567
0.3304234 0.06525388
0.2976949 0.06216036
0.2262208 0.06563485
0.2204911 0.06616424
0.2454317 0.06401124
0.2700612 0.06162199
0.2351849 0.06068211
0.2645688 0.06095126
0.2489627 0.05856521
0.3029484 0.05869923
0.3320506 0.05478728
0.3543731 0.05313328
0.4098601 0.05421224
0.3774323 0.05346618
0.400741 0.05811484
0.4583636 0.05622454
0.4674399 0.05600621
0.4417509 0.0522128
0.4186921 0.05112544
0.3963798 0.0470254
0.427697 0.04529604
0.4240664 0.04444337
0.4481337 0.04113237
0.3725566 0.03904746
0.3866637 0.04011849
0.4061643 0.04268096
0.4064396 0.04245197
0.4976497 0.04350859
0.4937846 0.0420168
0.5548961 0.04469704
0.553484 0.04479607
0.5899473 0.04207924
0.5631891 0.04260312
0.5600876 0.04195225
0.5325026 0.04633122
0.5333124 0.04918751
0.567163 0.04796487
0.5385277 0.04539251
0.506544 0.04312396
0.4202821 0.04131106
0.412789 0.04513377
0.4531523 0.04220454
0.5056251 0.04312627
0.5321188 0.04513824
0.5255701 0.04003494
0.4027991 0.03931077
0.4257951 0.04003602
0.3784822 0.04283605
0.3237933 0.04258199
0.379336 0.04324236
0.3298648 0.04562857
0.4022088 0.04220394
0.4414428 0.04606833
0.4520837 0.04921798
0.4419907 0.05020924
0.4600051 0.04888007
0.465458 0.0506629
0.3821177 0.05067552
0.4373088 0.05680944
0.476471 0.05761495
0.4940716 0.05919135
0.494969 0.05830237
0.4415229 0.057083
0.3935334 0.05821351
0.3890599 0.06040421
0.3834234 0.05575653
0.3968984 0.05448147
0.4631267 0.05322498
0.4036449 0.05346251
0.3954034 0.05572031
0.3486785 0.05160877
0.4047516 0.05527657
0.512211 0.05616589
0.486222 0.05748992
0.5840491 0.05535062
0.4876234 0.05686975
0.5176655 0.06000949
0.5278815 0.06026969
0.5257984 0.05696713
0.5725693 0.05299671
0.5385542 0.05326571
0.5099193 0.05797752
0.5251403 0.05493114
0.4891772 0.05402631
0.5130392 0.05086382
0.4971149 0.05199216
0.3907983 0.05277507
0.4456773 0.05393107
0.4246902 0.04912318
0.3207207 0.0466322
0.3064902 0.04402414
0.2674853 0.04541211
0.2689832 0.0453399
0.3252816 0.04862948
0.319015 0.05071881
0.3122304 0.05260288
0.3461926 0.0504487
0.3997514 0.05606093
0.4070677 0.04783564
0.391059 0.04886017
0.4251467 0.04992822
0.4161705 0.04972417
0.3913676 0.0503604
0.4118019 0.05244511
0.4513015 0.05289363
0.4999471 0.05767749
0.459901 0.05541854
0.4946493 0.05600187
0.5188932 0.05958012
0.5183459 0.05696239
0.4514264 0.05322422
0.4835346 0.05603857
0.4199517 0.0572708
0.3888393 0.06164591
0.3827104 0.06109492
0.4002374 0.06401252
0.4194987 0.06502905
0.3681831 0.06274565
0.2944106 0.06170308
0.2635105 0.05658747
0.2879808 0.05022745
0.364869 0.049914
0.3446124 0.04984701
0.4145637 0.04883023
0.4431172 0.05047648
0.4807655 0.05000186
0.4083395 0.05123074
0.3813617 0.05861083
0.3437646 0.05677309
0.2452726 0.05725083
0.2770347 0.05889278
0.2603567 0.05772028
0.2022263 0.05815842
0.2566316 0.05993016
0.2506479 0.05483549
0.2694617 0.05222033
0.3613025 0.05515496
0.4200877 0.05304625
0.4560472 0.05405639
0.3306317 0.05012452
0.3582028 0.0462609
0.3132892 0.04691575
0.2957956 0.04540159
0.3594889 0.04263225
0.410214 0.04200307
0.4395254 0.03969598
0.4448535 0.03770918
0.3944753 0.03415589
0.3690585 0.03484835
0.3514605 0.03436345
0.2821446 0.03714177
0.2917341 0.03651663
0.3095503 0.03565153
0.409794 0.0381035
0.4100454 0.03483171
0.4361776 0.03438361
0.448039 0.0339677
0.5323896 0.02979303
0.6318325 0.03107619
0.5095307 0.02816612
0.4676464 0.02741754
0.5368564 0.02391586
0.5544158 0.02281349
0.5628009 0.02156702
0.5536311 0.02345859
0.5270482 0.02383919
0.4953175 0.02561405
0.478271 0.0253423
0.4832849 0.02518504
0.5288632 0.02595476
0.5031448 0.02441171
0.4295448 0.0263251
0.50238 0.02824557
0.46078 0.02761805
0.3899409 0.0315747
0.3669128 0.03145123
0.3779561 0.02697211
0.3701087 0.02923801
0.4758923 0.02950631
0.4504849 0.03488873
0.4690003 0.03352149
0.4967985 0.03396802
0.5176372 0.0349612
0.5251334 0.03376038
0.5763863 0.03328555
0.5697653 0.03456063
0.5596679 0.03602191
0.597961 0.03399891
0.5425596 0.03385209
0.5585717 0.03728234
0.5171558 0.03769069
0.5241341 0.03828944
0.501855 0.03462385
0.5147442 0.0355445
0.510567 0.03615651
0.4826239 0.035864
0.4749673 0.03401323
0.5428169 0.03182647
0.5513109 0.03175584
0.5289375 0.03286708
0.5209501 0.03290883
0.5675604 0.03067021
0.5519655 0.03114679
0.6205083 0.0333261
0.6497241 0.03157702
0.7126228 0.02991742
0.7171342 0.03207099
0.6787065 0.02791549
0.5842134 0.0255228
0.6147322 0.02612767
0.5266194 0.02710879
0.536205 0.02680385
0.5433417 0.02714764
0.5377049 0.02492219
0.5143637 0.02418375
0.4934365 0.02417263
0.5242416 0.02518499
0.5084483 0.02753558
0.5054041 0.02788666
0.5381948 0.02611264
0.547089 0.0289545
0.4630139 0.02714266
0.4767094 0.02685027
0.5474393 0.0265201
0.5984379 0.02671433
0.5035881 0.03040425
0.5022809 0.03019375
0.5666028 0.02994946
0.5954626 0.02848341
0.5352525 0.02777143
0.5415432 0.03028002
0.5957264 0.0293159
0.6045944 0.02995798
0.6215807 0.02951683
0.7018826 0.03061044
0.6357036 0.03246951
0.606897 0.03258548
0.6344218 0.03346926
0.702746 0.03495604
0.6003847 0.03443415
0.5860795 0.03528111
0.5787692 0.03404818
0.5442114 0.03230983
0.5451101 0.03234634
0.5624481 0.03300455
0.5241676 0.03410427
0.454268 0.03300674
0.4491361 0.03273232
0.4617494 0.03977324
0.5340786 0.04312762
0.4857971 0.04062622
0.3623833 0.04466609
0.4469812 0.04293657
0.5048197 0.0389853
0.5077568 0.04162827
0.563401 0.04266817
0.5372919 0.04702374
0.533825 0.0467823
0.5339659 0.04354227
0.6085623 0.04275559
0.5974153 0.0413344
0.6438096 0.04231943
0.5723313 0.04322622
0.4996089 0.04056984
0.5019974 0.03893665
0.4875847 0.03577032
0.4784107 0.03573764
0.4738608 0.03754889
0.4822338 0.03667212
0.5153915 0.03786604
0.5191294 0.03726964
0.548713 0.03667479
0.5094613 0.03454266
0.4978193 0.03505844
0.5570641 0.03595358
0.5384856 0.03583672
0.5686199 0.03291943
0.5451952 0.03370488
0.5912745 0.03258115
0.5477958 0.03363621
0.4773164 0.03717043
0.4617759 0.03807924
0.4781716 0.03802146
0.4778824 0.04204868
0.43821 0.04651136
0.4492396 0.04504557
0.526166 0.04427634
0.5638101 0.04651129
0.5021826 0.047806
0.4712695 0.05093115
0.4778858 0.04726321
0.511275 0.04472604
0.5018183 0.04757072
0.4885408 0.04488273
0.496297 0.04353133
0.5196402 0.04721406
0.4839893 0.04567452
0.5525015 0.04694078
0.5301923 0.04298682
0.5182585 0.04405003
0.4559359 0.04666403
0.4213134 0.04613592
0.4445423 0.04468413
0.4505076 0.04445751
0.5084596 0.04518451
0.5389225 0.04899534
0.5304961 0.0475214
0.516613 0.04502
0.4414569 0.04308863
0.380867 0.04515837
0.3252906 0.03992772
0.375817 0.03855859
0.4393815 0.03897988
0.4118107 0.03813216
0.3901443 0.03974238
0.4049188 0.04070041
0.4491141 0.04106273
0.4711806 0.04464995
0.5128619 0.03856202
0.5329885 0.03496809
0.4911853 0.03528852
0.5054501 0.03499896
0.5092693 0.03661877
0.5270371 0.03544852
0.4144207 0.03815101
0.4407622 0.04257256
0.453194 0.04728864
0.4632659 0.05149089
0.5364651 0.05007514
0.4789927 0.05199782
0.4531201 0.05059749
0.4648509 0.04597219
0.4020622 0.04755573
0.5398762 0.04829305
0.5388009 0.04750755
0.5973678 0.05197735
0.5118081 0.05251404
0.5080666 0.0550884
0.5593578 0.05181085
0.5512353 0.05135169
0.5425896 0.05398305
0.4296702 0.05470081
0.5523354 0.05213523
0.4958468 0.04783605
0.5642727 0.05013048
0.5229009 0.04988827
0.5109915 0.0523999
0.4851189 0.049335
0.4895553 0.04690375
0.4920252 0.04133845
0.4750881 0.03986151
0.4593591 0.04027403
0.4460463 0.03897312
0.5041908 0.03808682
0.4300258 0.04086888
0.4308197 0.04103104
0.4242546 0.04669807
0.486007 0.05095128
0.5098753 0.05322564
0.5052501 0.05406727
0.5468192 0.05139561
0.5707897 0.04745097
0.547274 0.04545455
0.5383022 0.04531273
0.5810841 0.04099561
0.6131533 0.04326413
0.5565807 0.04195635
0.575392 0.0423611
0.6633489 0.04265626
0.5633157 0.04137569
0.5802858 0.04540331
0.6501548 0.048069
0.6502489 0.04406058
0.6467768 0.04795303
0.5932557 0.04558224
0.5240044 0.04357271
0.5423488 0.0413527
0.5239633 0.0419243
0.5816801 0.04240743
0.5669836 0.03914315
0.5545407 0.03957295
0.5586464 0.04210476
0.5880115 0.04457675
0.5365178 0.0461359
0.5744152 0.04681755
0.5059588 0.04985564
0.5341253 0.04793234
0.5262245 0.04652801
0.4609554 0.04444907
0.4512718 0.04427236
0.4208464 0.04662104
0.4650846 0.04577995
0.5368503 0.04293524
0.5564347 0.0404263
0.5775639 0.04052274
0.4954232 0.04537656
0.5003487 0.0457604
0.4537785 0.04463139
0.4882075 0.04170786
0.5367725 0.04188737
0.5734322 0.04249657
0.5892826 0.04565465
0.5673637 0.04153569
0.4561884 0.03871045
0.4982485 0.03889915
0.5984265 0.03943722
0.6518006 0.03821831
0.6057381 0.03822121
0.5407893 0.03635359
0.4050571 0.03580863
0.4525459 0.03701196
0.3798559 0.04179311
0.4170732 0.04130681
0.4625983 0.03890576
0.4736197 0.0363648
0.4883152 0.03586207
0.5340487 0.03370564
0.5047274 0.03680968
0.4942284 0.03767565
0.4999475 0.03846008
0.5274136 0.03846881
0.6117802 0.04185215
0.6338637 0.04544441
0.5727326 0.04486933
0.5230729 0.04572858
0.5141547 0.04603952
0.490147 0.04577649
0.5180578 0.04383935
0.3991348 0.04503837
0.4340659 0.04690279
0.4811299 0.0528323
0.5046545 0.05299787
0.5648624 0.05469576
0.6020572 0.053296
0.5688676 0.05225268
0.5065927 0.05255153
0.5008339 0.05267728
0.4509947 0.04984026
0.3967496 0.05749028
0.3274802 0.0527609
0.3541755 0.05539497
0.3506715 0.0549241
0.3775208 0.05259562
0.3929643 0.04959989
0.4229392 0.04527114
0.4468237 0.04436021
0.4415059 0.04528653
0.4851026 0.04397914
0.5385785 0.04193126
0.529711 0.03820224
0.5529119 0.03925129
0.5837866 0.03795519
0.6101647 0.03524892
0.5501012 0.03361871
0.5642756 0.03435797
0.4455895 0.03557068
0.3872968 0.03804442
0.3555138 0.04059794
0.402809 0.04291409
0.4468229 0.04250402
0.4413667 0.04797606
0.4906185 0.04723106
0.4789458 0.04995794
0.5296376 0.05792612
0.5394897 0.05577894
0.5538786 0.05296154
0.5690226 0.05244787
0.580284 0.04973
0.5589542 0.04823773
0.486475 0.04740958
0.475319 0.05136979
0.5093666 0.04995122
0.4762659 0.05020189
0.4891879 0.04711294
0.4894917 0.04091098
0.4292819 0.04127084
0.4657649 0.04208886
0.5283961 0.04115248
0.5283765 0.03819284
0.5336799 0.0404592
0.5213383 0.03848762
0.5191688 0.03969575
0.5379413 0.04114269
0.4880304 0.0416745
0.4240471 0.03894949
0.4131858 0.03420511
0.4253658 0.03527259
0.4843573 0.03608639
0.5321439 0.03852478
0.4870642 0.0398474
0.3819445 0.03616866
0.4467544 0.03740719
0.4461237 0.03367259
0.5033194 0.03270829
0.5118629 0.03609543
0.4803845 0.03861065
0.540021 0.04089578
0.5542103 0.04024434
0.485409 0.03787266
0.5211113 0.03924495
0.4288957 0.04077572
0.4301668 0.03873547
0.4190592 0.04003619
0.560801 0.03800684
0.4560609 0.03702543
0.4715445 0.03854675
0.3856099 0.03973276
0.371099 0.03882358
0.4298105 0.04027847
0.4385759 0.03714348
0.47808 0.03850327
0.4285827 0.04055338
0.4344593 0.0430635
0.4037207 0.04444522
0.4130879 0.04848049
0.4312173 0.04928219
0.4169783 0.04945966
0.46664 0.04933447
0.5584605 0.04820313
0.5528694 0.05062088
0.5549056 0.04879648
0.6010022 0.05056753
0.5146128 0.05067535
0.3840646 0.05587531
0.3616429 0.05799195
0.4206407 0.0523749
0.3536549 0.05316213
0.4353152 0.04558651
0.4418714 0.04169397
0.4688095 0.04181354
0.4062751 0.03930279
0.4170769 0.03615317
0.4257209 0.03732278
0.4529349 0.03954517
0.4700138 0.03854457
0.4951678 0.0434372
0.4420989 0.04138384
0.4027221 0.04021494
0.3982266 0.0371657
0.4863653 0.03416967
0.4819394 0.0381397
0.5243655 0.03706357
0.5397409 0.03757062
0.4801108 0.03760965
0.5507117 0.03796769
0.6144939 0.04142651
0.5896986 0.04015442
0.5899344 0.03942644
0.5580429 0.04234609
0.5633253 0.04253123
0.4733149 0.04059398
0.4617194 0.04318104
0.4470038 0.04019888
0.4074549 0.03919071
0.3749144 0.03766073
0.3853145 0.03779527
0.3921875 0.03837429
0.4333702 0.03797722
0.4334334 0.03640253
0.4817671 0.04034043
0.4865039 0.03672598
0.4140319 0.03951537
0.449216 0.03796385
0.5028453 0.03798331
0.5165337 0.03531787
0.5667533 0.03430421
0.5872218 0.03110571
0.6147261 0.02984802
0.6807257 0.0310797
0.6539353 0.03016004
0.6576338 0.02673094
0.6126289 0.02471969
0.6293276 0.02680727
0.5772294 0.02847795
0.5984487 0.02861594
0.5197442 0.02966361
0.6031182 0.02967897
0.5853834 0.03231303
0.6004965 0.03084703
0.6113603 0.03141569
0.5232245 0.03090564
0.5679906 0.03386673
0.5671814 0.03649514
0.5018642 0.03695113
0.4469054 0.03741437
0.4597687 0.04321837
0.4364164 0.04036819
0.463406 0.04123438
0.4775576 0.04355383
0.6009449 0.04445803
0.5879961 0.04804809
0.6558175 0.05183703
0.7204719 0.0501894
0.7081275 0.04976825
0.6921449 0.04891006
0.7547695 0.04330941
0.6644751 0.03963883
0.6473933 0.04167218
0.6425263 0.04113231
0.5540831 0.04118625
0.5538607 0.03955637
0.5690363 0.03648025
0.5910977 0.0344712
0.5786369 0.03738394
0.5236491 0.0365024
0.54461 0.04039761
0.5739881 0.03996576
0.5384045 0.03479668
0.6454884 0.03388354
0.6746543 0.03535251
0.6890005 0.03459208
0.6741055 0.0324205
0.6898362 0.03311022
0.6936951 0.03067669
0.7152927 0.03159804
0.6885483 0.0319314
0.6901713 0.03135345
0.7109689 0.03275521
0.7269911 0.0341594
0.6522505 0.0372821
0.6896175 0.03706335
0.723484 0.03474434
0.6981466 0.03722116
0.7018044 0.03428398
0.6558745 0.03673926
0.6388664 0.03625512
0.5952869 0.0363136
0.5740037 0.03355696
0.6522175 0.03467887
0.6856263 0.03683771
0.6822754 0.0355095
0.6932693 0.03847504
0.6630928 0.03933444
0.6404116 0.03538771
0.6094618 0.03763682
0.5893922 0.03530115
0.6263487 0.03648753
0.6380358 0.03446393
0.5941522 0.03440864
0.6264558 0.03313521
0.6628948 0.03524657
0.5997348 0.03846246
0.5541593 0.03458803
0.5327966 0.03296651
0.4946353 0.03678011
0.5256794 0.0381006
0.4898844 0.03780077
0.5281141 0.0385491
0.5455006 0.03694137
0.5226159 0.04041412
0.5105696 0.04046684
0.4597313 0.0381077
0.4179787 0.04113607
0.3725398 0.03877939
0.3685132 0.03892429
0.3879895 0.03721727
0.3854382 0.04083198
0.3529175 0.03830767
0.297502 0.03699141
0.2675909 0.03400812
0.28008 0.03453151
0.3459447 0.03107291
0.3330906 0.03055393
0.3148414 0.02928769
0.2698796 0.03198355
0.3399539 0.03263513
0.373658 0.03482315
0.3686077 0.03364091
0.4036627 0.03575402
0.4681948 0.0372696
0.472298 0.03727479
0.5085389 0.03678149
0.5575431 0.03830626
0.5394465 0.03973709
0.473308 0.04539172
0.4190882 0.04427907
0.5489734 0.04146887
0.555596 0.03954743
0.5546322 0.03933405
0.5196115 0.03910841
0.5334126 0.0397157
0.5190559 0.03352361
0.5319597 0.03650261
0.4414824 0.03422752
0.3843417 0.03421706
0.3823143 0.03753641
0.375562 0.03390902
0.4517655 0.03425801
0.398189 0.0332983
0.4473074 0.03658308
0.4392637 0.03773593
0.5179653 0.03952976
0.5594812 0.03665175
0.5932435 0.03524863
0.5636529 0.03420627
0.5051531 0.03435274
0.5154937 0.03445371
0.4787835 0.03356928
0.5243217 0.03171577
0.5804507 0.03011289
0.5926974 0.02917088
0.6085456 0.0281902
0.6090928 0.0280521
0.560206 0.02628054
0.5801741 0.02883115
0.518251 0.0298493
0.5848255 0.03517389
0.6327455 0.03441741
0.5564382 0.03395233
0.6096227 0.03500362
0.5813594 0.03595817
0.5482034 0.03570013
0.6023077 0.03365763
0.5799622 0.03318719
0.6131707 0.03008264
0.6838334 0.03074089
0.6713643 0.02945496
0.6702479 0.03146311
0.6626969 0.02951728
0.6862845 0.02891225
0.6770303 0.02956481
0.6397128 0.0295479
0.67053 0.02753998
0.6199827 0.0283729
0.6761207 0.02886573
0.6101837 0.03345729
0.6541462 0.03461147
0.6169803 0.03356068
0.5995504 0.03956246
0.5274162 0.03680105
0.5025346 0.03785478
0.5263023 0.03945636
0.5937228 0.03831483
0.5941713 0.0367024
0.5605944 0.03409016
0.5739259 0.03384779
0.5587136 0.03238711
0.5180805 0.03088546
0.6333803 0.02892476
0.5959581 0.02617064
0.5944367 0.02564656
0.5626844 0.02634211
0.574167 0.02441269
0.5952789 0.02788944
0.635624 0.02918065
0.5776382 0.03029239
0.59991 0.03185839
0.6415385 0.03063754
0.568919 0.03214285
0.5595274 0.03186825
0.5774565 0.03075779
0.6133874 0.03072687
0.6094694 0.0324573
0.5669692 0.03200095
0.5504821 0.03307253
0.5305876 0.03308061
0.5887366 0.02630761
0.5334126 0.02609722
0.5314835 0.02713701
0.5925579 0.02573531
0.4938533 0.02875234
0.5426799 0.02781888
0.5951388 0.02990327
0.6530185 0.02963639
0.6663761 0.02824508
0.6357075 0.02688765
0.6790013 0.02612737
0.5913076 0.02696296
0.6555741 0.02587302
0.5825992 0.02725125
0.6265789 0.0282791
0.5649421 0.02674231
0.4516844 0.02910707
0.4704987 0.02974157
0.5335836 0.02871455
0.5088768 0.02500553
0.5003552 0.02528913
0.5570851 0.02525953
0.5615235 0.02527276
0.5845594 0.0248653
0.5904417 0.0245548
0.618209 0.02558409
0.6642546 0.02659391
0.6424048 0.0231121
0.6567566 0.02300976
0.7011651 0.02384131
0.7597635 0.02246882
0.6340871 0.02362427
0.5969842 0.02413446
0.6404492 0.02336804
0.6291922 0.02295034
0.6739815 0.02523634
0.7051082 0.02455417
0.7902435 0.02602608
0.7650979 0.02515898
0.7819595 0.02268934
0.7919951 0.02473713
0.8287191 0.02506769
0.7831886 0.02814965
0.7722041 0.0253142
0.7523144 0.02453722
0.73198 0.02498509
0.7166634 0.02458089
0.7559816 0.02376378
0.7162976 0.02272921
0.8066651 0.02012391
0.8369302 0.02010206
0.8482391 0.01830739
0.8481137 0.01878872
0.8186056 0.01903236
0.7995408 0.01778926
0.7691017 0.01830659
0.716659 0.02018249
0.7397411 0.02224756
0.745649 0.0226263
0.7987159 0.02360262
0.7895535 0.02244791
0.7363474 0.02110104
0.7589763 0.02055238
0.6735178 0.01962965
0.6437125 0.02147647
0.6527991 0.0220148
0.6205348 0.02306483
0.66129 0.0223689
0.6698608 0.02089817
0.6114317 0.02071418
0.5520168 0.01987998
0.5547798 0.01932099
0.5611598 0.02075422
0.5874829 0.02125962
0.5761183 0.02206149
0.6666903 0.02224246
0.6024065 0.02307519
0.6328977 0.02287561
0.6596904 0.02141829
0.5695719 0.02376566
0.5618393 0.02242456
0.6510231 0.0227606
0.6433939 0.02188262
0.6885921 0.02419057
0.6676288 0.0248853
0.6745446 0.02555352
0.7415157 0.02608905
0.725921 0.02583932
0.7038875 0.02586186
0.762689 0.02534144
0.709451 0.02485514
0.6521075 0.02530483
0.6319703 0.02569296
0.6204928 0.02727276
0.5701858 0.02857386
0.5534606 0.0278726
0.64411 0.02836758
0.6697085 0.0287134
0.6776479 0.02687872
0.6726765 0.02765526
0.5662449 0.02733276
0.5815788 0.02594899
0.5915273 0.02748711
0.5508972 0.02654053
0.5685999 0.02599293
0.5230466 0.02540959
0.5758419 0.02436783
0.5714724 0.02652392
0.6032863 0.0295591
0.6434529 0.02811848
0.7072536 0.02666885
0.650397 0.02963697
0.6033678 0.02853148
0.5985111 0.02937647
0.6376635 0.02988632
0.6489197 0.03019074
0.6207044 0.03241577
0.5717 0.03181958
0.6712647 0.0306666
0.6416085 0.03216907
0.6056197 0.03418639
0.6073756 0.03144341
0.5610369 0.03372804
0.6228676 0.03458913
0.549163 0.03544744
0.5494224 0.03611879
0.6157382 0.0359205
0.5783487 0.0360995
0.5789307 0.03841679
0.535938 0.04401169
0.5228313 0.04597838
0.4784582 0.04683851
0.5545245 0.04602342
0.5284902 0.0409453
0.5973627 0.03865117
0.5700908 0.0391624
0.5325778 0.034994
0.5040741 0.0391117
0.4411217 0.036385
0.5015078 0.03460908
0.485425 0.03595754
0.5532672 0.03558363
0.5605337 0.03447166
0.5168674 0.03805442
0.5653916 0.04011792
0.5385974 0.03852393
0.4583072 0.04027961
0.4667614 0.0437219
0.4351202 0.0425395
0.3538684 0.04002264
0.3733651 0.04207537
0.2818398 0.03973422
0.2784327 0.0437657
0.307225 0.044516
0.3596095 0.04552057
0.3366772 0.05014439
0.2741027 0.04861233
0.2662873 0.04828397
0.2881243 0.04788741
0.2882742 0.04685052
0.2933122 0.0473041
0.3386632 0.04772031
0.3131236 0.051404
0.3550305 0.05771982
0.2824989 0.05475211
0.263422 0.05388291
0.1776397 0.06229451
0.2197129 0.0627149
0.1926359 0.06000863
0.2425517 0.0598112
0.3238528 0.06133592
0.2867106 0.05746468
0.3042796 0.05714461
0.3112127 0.05441452
0.3395773 0.05586095
0.3284014 0.05865728
0.3239933 0.06236649
0.3264232 0.06564522
0.3426945 0.06628638
0.3484834 0.06057935
0.3398354 0.05994267
0.3291486 0.05998789
0.3156954 0.0572152
0.2870012 0.06242961
0.3404847 0.06365658
0.2911559 0.06326142
0.3089861 0.06672178
0.2812378 0.06509815
0.3307213 0.06553423
0.3239811 0.06508054
0.3106155 0.0594344
0.3376689 0.05800742
0.3332693 0.06080634
0.3506651 0.06550627
0.3645729 0.06720591
0.3782856 0.06401698
0.3610826 0.06106087
0.4616346 0.05663766
0.4499959 0.05592216
0.3858415 0.05433569
0.4145024 0.05650528
0.3734602 0.05796971
0.3478078 0.06218664
0.3061554 0.05596867
0.2752602 0.05603311
0.3342524 0.05376777
0.3052596 0.05489226
0.3467706 0.05556369
0.295075 0.05837184
0.2821492 0.05848543
0.3949312 0.06438802
0.39168 0.05942349
0.4287182 0.05714596
0.4270267 0.05527994
0.3850927 0.05801585
0.3927381 0.05824613
0.3972649 0.0578837
0.3349603 0.05522475
0.3451176 0.05581493
0.400425 0.05469406
0.4278317 0.05514345
0.457826 0.05573918
0.4918996 0.05291812
0.4937195 0.0542486
0.5229502 0.0520348
0.4605719 0.05001507
0.4878871 0.05225178
0.5359367 0.05428605
0.4396165 0.05520116
0.4713297 0.05881679
0.4535113 0.05598837
0.434594 0.0549769
0.4892972 0.06036432
0.4279415 0.06716138
0.4265133 0.07874513
0.3973596 0.08279912
0.3936725 0.07671071
0.4371063 0.07624609
0.4592851 0.06764892
0.4082158 0.05914701
0.3826414 0.05348362
0.3670516 0.05106223
0.3886394 0.04551668
0.3697308 0.0476857
0.3371155 0.05258087
0.3333158 0.05564071
0.3157536 0.0579483
0.3289133 0.05229084
0.3436207 0.05538177
0.4033008 0.05067944
0.4680874 0.05738595
0.480017 0.0576704
0.4896094 0.05898706
0.4780527 0.052359
0.5398191 0.05226349
0.5155366 0.04654686
0.5624447 0.04416688
0.5805666 0.04628677
0.6038378 0.04513385
0.6040018 0.04552918
0.5990366 0.04988477
0.5660822 0.04817193
0.5869506 0.04675928
0.5839039 0.04755091
0.5201755 0.05106951
0.5191111 0.04837947
0.5108765 0.05188914
0.5270997 0.05010794
0.5188878 0.0531665
0.5335269 0.05561192
0.4934056 0.06136983
0.5206496 0.05882874
0.4650979 0.0566996
0.4469905 0.06102215
0.5577391 0.06122913
0.5341846 0.05773736
0.4969413 0.05773487
0.4558443 0.05824123
0.432587 0.05873456
0.3793139 0.06375716
0.3595112 0.0625081
0.3185913 0.06805576
0.3801708 0.06565785
0.3867431 0.06337878
0.4287556 0.06303783
0.4297711 0.06400387
0.4666859 0.05840734
0.4977966 0.05688286
0.4701497 0.05632002
0.4808926 0.05964346
0.5188485 0.06164196
0.4751857 0.060909
0.4558109 0.05948117
0.4214668 0.05872541
0.4450724 0.05370066
0.3754118 0.04929496
0.4086426 0.04947995
0.4218826 0.04629408
0.405201 0.04689231
0.3740151 0.04903187
0.4123748 0.04604712
0.3827041 0.04772491
0.438027 0.05219482
0.4806395 0.04886521
0.4798767 0.04582857
0.5792514 0.0457839
0.5867937 0.04412917
0.4784002 0.04529581
0.4464016 0.04223433
0.5231088 0.04112048
0.609271 0.04182081
0.5746984 0.04522068
0.4619403 0.04333767
0.4939862 0.04019123
0.5435721 0.04449823
0.4937353 0.04900333
0.4905162 0.04895778
0.4678005 0.04829062
0.4876133 0.04883678
0.3887482 0.04848079
0.4262668 0.05000572
0.4305304 0.04546308
0.4019946 0.04805387
0.4210944 0.04935934
0.4600108 0.05162767
0.4429059 0.05197122
0.42196 0.04819628
0.4230293 0.05056823
0.4427364 0.05223344
0.396039 0.05028667
0.4483305 0.04963213
0.427844 0.04604522
0.4820236 0.04515649
0.48149 0.04557643
0.5245466 0.04545888
0.5125763 0.04633376
0.4782418 0.04848033
0.4202161 0.05105098
0.4910093 0.05080147
0.4988787 0.05045464
0.4769563 0.04984347
0.5078565 0.04586567
0.5557978 0.05075317
0.6203753 0.04900339
0.6456994 0.04422297
0.6372993 0.04407319
0.6180689 0.04282377
0.5676466 0.04445328
0.6614748 0.04559451
0.6181082 0.04130738
0.5466181 0.03808584
0.5003733 0.03579588
0.4911067 0.03710081
0.4252001 0.03514371
0.4121398 0.03146859
0.3799084 0.03395842
0.3697823 0.03834613
0.3356742 0.03329271
0.4518063 0.0319353
0.4838955 0.03252922
0.4182956 0.03257081
0.4342278 0.02968568
0.4965009 0.03165602
0.5369024 0.0306415
0.5374041 0.02776676
0.5299758 0.0261774
0.5726468 0.02944465
0.4555395 0.03009693
0.53213 0.03049729
0.5259646 0.03082598
0.4920273 0.03144847
0.5435662 0.03195809
0.518114 0.02928433
0.5112146 0.03115551
0.5615666 0.03361262
0.5369722 0.03540346
0.5336065 0.03594418
0.5808463 0.03304961
0.5129937 0.03198016
0.5174089 0.03292804
0.5748706 0.03160052
0.6134357 0.03226394
0.5441959 0.03074961
0.6135981 0.03340424
0.5908801 0.0339127
0.5823565 0.03273993
0.581771 0.03336226
0.5438393 0.03346984
0.5994419 0.0353548
0.673368 0.03531011
0.6376662 0.03329778
0.5857776 0.03462896
0.5559809 0.03306248
0.5407161 0.03373329
0.5110612 0.03353023
0.5968853 0.03358621
0.5450152 0.03093001
0.6215862 0.03029347
0.6363368 0.03059827
0.6461237 0.03049868
0.6683342 0.03052502
0.6611084 0.03191027
0.6637357 0.03273298
0.6444824 0.03289338
0.5313623 0.03565338
0.4752371 0.03533885
0.470404 0.03242232
0.4549361 0.02935212
0.442938 0.03017327
0.5351256 0.02718466
0.5687601 0.02858708
0.5904483 0.03061695
0.5778555 0.0308743
0.5246068 0.03284728
0.4602371 0.03044671
0.4414007 0.02934899
0.3838901 0.03591851
0.4136191 0.04014072
0.4154143 0.04648538
0.4395807 0.04652824
0.4805633 0.04491268
0.4327582 0.04382421
0.4301437 0.04423198
0.410023 0.0424606
0.4373834 0.04258602
0.408322 0.04045524
0.3616199 0.03978758
0.407148 0.03954548
0.4051197 0.03884124
0.4650532 0.03747868
0.46561 0.037455
0.5445211 0.03592184
0.5847655 0.03562194
0.5923081 0.03347543
0.5749036 0.03517717
0.5418269 0.03395513
0.5454262 0.0361539
0.5955132 0.03699483
0.6570026 0.03486658
0.6989338 0.03283002
0.7057288 0.03283636
0.6795289 0.03415909
0.7024521 0.03037716
0.6960436 0.02963163
0.6627399 0.02847047
0.6947054 0.02550379
0.6781773 0.02366817
0.6832005 0.02365355
0.6179562 0.02443285
0.5264521 0.02310559
0.5405559 0.02480582
0.518998 0.02277608
0.5570599 0.02333678
0.5789867 0.02276022
0.67445 0.02637889
0.6033916 0.02833746
0.6408985 0.02819134
0.6996324 0.02719336
0.7119917 0.02621431
0.6505738 0.03082705
0.669629 0.03312559
0.7043929 0.03127679
0.6913504 0.03026841
0.6125429 0.03131125
0.5975905 0.03015687
0.5286135 0.03081994
0.4688661 0.03402432
0.6014063 0.03500272
0.540733 0.03622545
0.5731999 0.03761291
0.6015137 0.03561795
0.647097 0.0333821
0.5838621 0.03367692
0.6282863 0.03764127
0.6907482 0.03700572
0.6403604 0.03347546
0.6597559 0.03033111
0.6863535 0.02888384
0.6805046 0.02780246
0.6562084 0.02589193
0.644668 0.0240155
0.6250079 0.02618845
0.6438344 0.02631408
0.636238 0.02532975
0.6108741 0.0254613
0.5605607 0.02385553
0.520849 0.02743347
0.4629373 0.02890878
0.4559659 0.0280246
0.4591676 0.02784588
0.4616138 0.03011866
0.4655032 0.02959706
0.4283194 0.0306096
0.459634 0.03069822
0.4507203 0.0309042
0.4811318 0.03123516
0.4615771 0.0294312
0.488356 0.02862887
0.5223656 0.02948294
0.5807052 0.0295678
0.6025789 0.02875725
0.5814704 0.02818935
0.6335918 0.03039293
0.6155179 0.02714679
0.6224912 0.027931
0.5977079 0.0278601
0.6349578 0.02785243
0.6025493 0.02999952
0.572255 0.02968162
0.6206527 0.03010443
0.5631552 0.03118897
0.6448428 0.02886435
0.5372461 0.03021518
0.5271963 0.03236838
0.5267747 0.03172991
0.5521501 0.02960797
0.4932408 0.03053656
0.4828361 0.03045445
0.5351784 0.02860984
0.5431566 0.03165647
0.4724637 0.03380596
0.4750064 0.03440341
0.5490275 0.03257683
0.5658246 0.03322582
0.6156912 0.03325079
0.6298544 0.03350486
0.6486403 0.03316606
0.699802 0.03373977
0.7379921 0.03420624
0.7543101 0.03369671
0.7122506 0.03169182
0.6922456 0.03174759
0.6612026 0.03257288
0.7014576 0.03116535
0.7212908 0.03182289
0.6506513 0.03122386
0.6498631 0.02951019
0.5849235 0.03100333
0.6205692 0.02823805
0.6695635 0.02819165
0.7396246 0.02703211
0.8046546 0.02958807
0.8103957 0.02795454
0.8167565 0.02829936
0.7346558 0.02774297
0.7654151 0.02605812
0.6785179 0.02682012
0.6179895 0.02399751
0.5709145 0.0252741
0.5445914 0.02372256
0.5404914 0.02320301
0.4578355 0.02384354
0.4440604 0.02309933
0.4607085 0.02368891
0.4754642 0.0234261
0.4915324 0.02156748
0.5204001 0.02161535
0.4365566 0.02200139
0.5019874 0.02407722
0.532487 0.02335242
0.5941177 0.02493291
0.5607008 0.02600597
0.5788818 0.0236673
0.5572042 0.02261907
0.5899097 0.02062226
0.5597888 0.01979446
0.6218802 0.01902814
0.5582508 0.01915153
0.5585488 0.018227
0.5149884 0.01819368
0.4888879 0.01813948
0.4851607 0.01962372
0.5341099 0.02079501
0.6688971 0.022046
0.6705266 0.02077845
0.6032004 0.02393174
0.5897201 0.02304686
0.6198555 0.02267398
0.589795 0.02231526
0.5466399 0.02321195
0.5163853 0.02224611
0.4891773 0.02444895
0.3735457 0.02582049
0.3547618 0.0280412
0.3749072 0.02714381
0.3330891 0.02864969
0.2978889 0.02949115
0.4078874 0.0295025
0.444235 0.02728888
0.436249 0.02938366
0.5283609 0.02915746
0.554588 0.03083032
0.5830286 0.03343042
0.5920457 0.0319224
0.5636881 0.03214956
0.5864781 0.03441224
0.6920681 0.03482053
0.5936202 0.03484586
0.600026 0.03147722
0.5736237 0.03156505
0.657443 0.03357723
0.6774416 0.03326237
0.7074302 0.0333393
0.6754816 0.03356351
0.6376021 0.03274671
0.6883425 0.03457735
0.6193751 0.03782972
0.5998662 0.03519322
0.5602525 0.03672775
0.5790652 0.03764271
0.5157121 0.03458436
0.5688198 0.03851228
0.5302094 0.03750737
0.5535258 0.03858977
0.6117162 0.03851772
0.6182945 0.04222231
0.6201659 0.04124698
0.5749324 0.04463699
0.551734 0.04607481
0.5445527 0.04385174
0.5484177 0.04118945
0.5638684 0.04332346
0.4773972 0.04051885
0.4917244 0.03938242
0.5391474 0.03948254
0.5758247 0.03638691
0.4979018 0.03397524
0.5492217 0.03051277
0.6065763 0.03019611
0.6172828 0.02878067
0.558097 0.03053453
0.5325226 0.03211701
0.5554008 0.03149681
0.5865966 0.02852064
0.5740147 0.02884433
0.5766979 0.02935748
0.5535509 0.02842231
0.5302622 0.02962424
0.5124492 0.03183523
0.5431821 0.03451681
0.5677767 0.034756
0.5400202 0.03352891
0.5431014 0.03257237
0.5642905 0.03361967
0.5440391 0.0333591
0.529214 0.03247453
0.5204161 0.03411117
0.5483437 0.0369297
0.5272038 0.03495844
0.5662307 0.03753302
0.5187644 0.03776637
0.4795692 0.03498348
0.4481127 0.03475406
0.4147383 0.03575584
0.4806659 0.03742106
0.4400471 0.03978471
0.4676644 0.04162801
0.4753117 0.03783817
0.573975 0.04064774
0.5217049 0.04223378
0.4726825 0.03851996
0.5018227 0.03716299
0.5710222 0.03658974
0.588749 0.03197123
0.5910234 0.03143391
0.5607097 0.02831878
0.5481216 0.02944815
0.6042118 0.03056129
0.5931514 0.03246423
0.5948057 0.03182307
0.609522 0.03475117
0.5253013 0.03417073
0.4846862 0.03561911
0.4767899 0.03418394
0.4796354 0.03605724
0.4675449 0.03936839
0.4320379 0.04280098
0.4264193 0.04332065
0.4094024 0.04245139
0.4117638 0.04164263
0.4548235 0.04194517
0.4839825 0.05002653
0.4293505 0.05068595
0.4211965 0.05172455
0.4428157 0.05097044
0.4857557 0.0531648
0.5023594 0.0495881
0.5795984 0.0431923
0.5540983 0.041635
0.590652 0.04172488
0.5829479 0.04207993
0.5406273 0.04075931
0.4763922 0.04676818
0.4070425 0.04958225
0.3705287 0.04431815
0.3404725 0.04407709
0.4114137 0.04638667
0.4358225 0.04203954
0.4867762 0.04110287
0.5252576 0.04635598
0.5049802 0.04843729
0.487589 0.03961951
0.4503403 0.04230039
0.4704194 0.0456517
0.4550722 0.04480196
0.406654 0.04499753
0.3593384 0.04374161
0.3294243 0.04843133
0.3405923 0.05292879
0.3522301 0.05116541
0.4069749 0.04984782
0.346534 0.0482075
0.310977 0.04928949
0.2598019 0.05410948
0.219978 0.05101403
0.2845055 0.04958812
0.2961024 0.04722938
0.32744 0.05044192
0.3225911 0.04974774
0.4084749 0.0507297
0.4800732 0.05198302
0.5189004 0.05464635
0.5419012 0.05134092
0.5079062 0.05317456
0.5433657 0.0505691
0.4635565 0.05181715
0.4707995 0.05338314
0.448577 0.05451235
0.3784188 0.05385285
0.3302855 0.05464233
0.3508914 0.05245554
0.2715703 0.04890142
0.2627306 0.05163153
0.2979162 0.05136649
0.2945932 0.05046797
0.3286 0.05487436
0.3164102 0.05422465
0.3234507 0.05337583
0.3535716 0.05467352
0.3633838 0.05040022
0.333947 0.05190087
0.3224952 0.04921351
0.2572613 0.04700817
0.3068599 0.05012544
0.2938915 0.05305911
0.260813 0.05454666
0.3433766 0.05227076
0.2990157 0.05784365
0.3692097 0.05686358
0.2979645 0.05115786
0.2621286 0.04906775
0.2727193 0.05285796
0.2381515 0.05643432
0.2657061 0.05880753
0.216795 0.06116189
0.2262623 0.06280952
0.3119298 0.06285615
0.3568781 0.06014064
0.3701018 0.05963836
0.3527861 0.05609711
0.3782679 0.05205638
0.3781038 0.05236552
0.3425664 0.05354005
0.2967701 0.05629074
0.3406832 0.06024969
0.3431306 0.0608061
0.3243908 0.06209628
0.2988163 0.06409133
0.3659436 0.06360419
0.3312512 0.06384634
0.2642502 0.05850882
0.3107595 0.06521997
0.2741755 0.06155851
0.294753 0.05877501
0.2804231 0.06056058
0.2500572 0.0540996
0.323004 0.05421022
0.3386583 0.05720977
0.3409826 0.04834784
0.3898491 0.04551504
0.3913421 0.04527814
0.3962143 0.04501078
0.3770361 0.04331501
0.426809 0.04081273
0.4229282 0.04402923
0.4725784 0.04926575
0.4519319 0.04858595
0.4280466 0.04910522
0.5056782 0.04597048
0.504855 0.04214505
0.5654463 0.0405782
0.5334924 0.03606442
0.5713994 0.0366273
0.5612035 0.0337828
0.6364835 0.03303451
0.6221136 0.03499666
0.6250411 0.03734492
0.5787117 0.03657853
0.5436703 0.03895714
0.557949 0.03738564
0.5437945 0.03642903
0.4810996 0.03947485
0.5695836 0.03842226
0.5318749 0.03998432
0.5003592 0.03988469
0.4497598 0.04177164
0.4230312 0.04067684
0.4460104 0.03553394
0.4280578 0.03690037
0.462031 0.03367826
0.4476113 0.03607844
0.4800284 0.03304205
0.5260023 0.03678316
0.5259054 0.0350557
0.4699155 0.03599183
0.4442847 0.03541241
0.4312837 0.03461469
0.3993116 0.03153709
0.4660767 0.03060822
0.5278537 0.03048716
0.4930184 0.03515988
0.5741739 0.03113077
0.5496484 0.03071496
0.6261255 0.02839066
0.6646187 0.02919573
0.6841982 0.03032403
0.6306264 0.03145634
0.5925108 0.02834151
0.4703811 0.02555545
0.468477 0.02845895
0.4951896 0.02830088
0.4989415 0.02722115
0.5415233 0.02424269
0.5966855 0.02352487
0.5618404 0.02510369
0.5249777 0.02565444
0.5025042 0.02644749
0.4785548 0.0269101
0.4185342 0.02552331
0.374335 0.02707211
0.4331041 0.0276076
0.4582617 0.02859492
0.4274966 0.02863822
0.5330151 0.03058162
0.5426022 0.02947442
0.5661389 0.02853253
0.5543233 0.03128008
0.5499614 0.03319041
0.5769287 0.0337299
0.51694 0.03231114
0.5730853 0.03322156
0.5615797 0.03470597
0.5792331 0.03342978
0.5294966 0.03241356
0.4429572 0.0316903
0.4793893 0.03513104
0.4362941 0.03372309
0.4350719 0.0332764
0.4778868 0.03171901
0.5293329 0.03077635
0.5178144 0.02993884
0.5329883 0.03119434
0.4959349 0.03157009
0.442071 0.03155414
0.3607874 0.03029992
0.3775167 0.03294233
0.3852041 0.03122521
0.3902818 0.03466134
0.3380266 0.0352598
0.3701805 0.03283498
0.3416204 0.03397082
0.3915264 0.03618387
0.3956282 0.03479257
0.3813106 0.03828265
0.3350289 0.0374877
0.3637156 0.03993854
0.4091173 0.0382699
0.4097926 0.03764607
0.4682828 0.03785415
0.4688643 0.040083
0.5309201 0.04058451
0.5514401 0.04266973
0.6213104 0.03994512
0.6497096 0.04301148
0.5924682 0.04032942
0.646089 0.0380951
0.6172403 0.0399045
0.6060305 0.04066896
0.5869389 0.04242302
0.5477329 0.03963272
0.624275 0.04001571
0.578494 0.03878612
0.5298327 0.0393196
0.5228064 0.03992175
0.5788912 0.04521929
0.5975546 0.04286456
0.6027249 0.0409051
0.5030914 0.04355231
0.5068946 0.04121771
0.5325637 0.04403049
0.4919362 0.04548823
0.5057611 0.04628364
0.4643784 0.04877804
0.4358096 0.04574481
0.4776946 0.04520371
0.4281537 0.04203775
0.3888776 0.04224936
0.3820125 0.03710996
0.4021116 0.03825769
0.3769084 0.03823777
0.4297074 0.04119321
0.4659539 0.04348901
0.5002658 0.0456591
0.5690179 0.04089666
0.5323833 0.03941007
0.4968674 0.03623238
0.5088087 0.03571775
0.5242689 0.03430091
0.4264227 0.03927041
0.4623437 0.04087933
0.4378722 0.04551063
0.47526 0.04357592
0.4786578 0.04919295
0.466092 0.04338751
0.4715906 0.04145786
0.5756889 0.03826168
0.6370835 0.03858741
0.5635917 0.04135083
0.5484497 0.0392914
0.5697131 0.03874868
0.5151204 0.0403687
0.5390191 0.04574825
0.5338991 0.0458778
0.4605172 0.04862483
0.4941615 0.05144796
0.5103209 0.05381378
0.5019683 0.05586693
0.4786691 0.05424799
0.3797463 0.05168114
0.3816118 0.04882493
0.3145701 0.05035736
0.2721332 0.05035541
0.2266016 0.0493966
0.2580701 0.04874923
0.2654305 0.04505899
0.3273713 0.04583183
0.3903722 0.04608594
0.4227234 0.04981286
0.381176 0.05622827
0.4254356 0.05649476
0.3742477 0.05659986
0.3918073 0.05939505
0.4395331 0.05733925
0.4136377 0.05554927
0.3857442 0.06104036
0.3646025 0.06741084
0.3759368 0.07167014
0.4120687 0.06825206
0.3731223 0.06964327
0.3639151 0.07240982
0.3298226 0.07094509
0.3556259 0.07220088
0.3255432 0.06422288
0.2877651 0.06589335
0.2907408 0.0644391
0.2100039 0.07012525
0.2505617 0.06656984
0.2212289 0.06751918
0.2242962 0.06197005
0.2497292 0.06006782
0.2983642 0.06044489
0.2832223 0.0576809
0.2827392 0.05777079
0.3719256 0.05906938
0.3396178 0.06056861
0.3390369 0.06021186
0.3265469 0.06285939
0.3095496 0.06674623
0.3527074 0.06559799
0.3070887 0.06883672
0.2595061 0.06696436
0.3239348 0.0693541
0.2698858 0.07057468
0.2710612 0.07335421
0.2780965 0.07388981
0.2313678 0.07620353
0.2381254 0.07833915
0.2699019 0.08286578
0.3133651 0.08060465
0.2950342 0.07838251
0.3606968 0.07339645
0.4017356 0.07252473
0.309609 0.06848222
0.2891907 0.06407201
0.3146837 0.06625561
0.3413389 0.0675501
0.3046956 0.06425588
0.2799351 0.0654748
0.224179 0.05996437
0.266601 0.05843475
0.2903546 0.06110342
0.3093261 0.05280025
0.4601573 0.05423029
0.3969425 0.05526707
0.4419216 0.05867141
0.3928484 0.06320762
0.3386923 0.05703691
0.3329532 0.06199876
0.3481022 0.06454736
0.3533818 0.06516088
0.4251792 0.06746615
0.4150624 0.06489248
0.4793581 0.06878888
0.4138896 0.06967002
0.3120023 0.06623449
0.2867453 0.06368964
0.2193734 0.06797991
0.2391445 0.06410916
0.1741946 0.07032142
0.2466742 0.07195825
0.3574963 0.06766496
0.3850625 0.06822754
0.3554659 0.07400363
0.3288384 0.07068061
0.3543127 0.06979509
0.3539639 0.06633724
0.3361448 0.06433159
0.4089362 0.05920114
0.4553784 0.06102044
0.4429853 0.05995838
0.4360315 0.06255301
0.4104909 0.06373975
0.4583258 0.06049738
0.4798394 0.05783372
0.481524 0.0550815
0.4497519 0.06063177
0.451871 0.05900407
0.4646627 0.05742345
0.5026812 0.05702977
0.3861661 0.05961527
0.4022147 0.05901844
0.3043658 0.06744296
0.2493447 0.06253001
0.2652441 0.06495548
0.3071245 0.0655055
0.2628663 0.06048109
0.2986863 0.06784032
0.2390765 0.07182467
0.3121764 0.06835474
0.3195027 0.06627763
0.3445814 0.06510375
0.3066132 0.06372343
0.3292973 0.06594194
0.2852598 0.0617373
0.3317459 0.06358704
0.3375523 0.06132902
0.3050012 0.05433287
0.277049 0.05308209
0.298555 0.05576588
0.3275244 0.05360839
0.3898442 0.05578132
0.4009689 0.05746477
0.4155421 0.05375941
0.4212884 0.05529948
0.4145612 0.05431469
0.437179 0.05622724
0.370195 0.05768305
0.33215 0.05237057
0.3472082 0.05650072
0.3427952 0.05497862
0.3397682 0.05477797
0.3930768 0.05260692
0.3779786 0.05297371
0.3899544 0.0560015
0.3056978 0.05439948
0.2996076 0.06051969
0.2947654 0.05701746
0.2836014 0.05164512
0.3407774 0.05904126
0.3408453 0.062045
0.3615251 0.06478713
0.3077071 0.06902067
0.2762319 0.07297312
0.2194077 0.07852831
0.2119071 0.07756954
0.2271874 0.07781683
0.2086722 0.0860649
0.2507044 0.08061055
0.2075204 0.07813581
0.211136 0.08412369
0.2165048 0.07382865
0.2633903 0.07696417
0.3093173 0.07590358
0.318726 0.06299813
0.3269052 0.06329516
0.3212721 0.066204
0.322082 0.06598256
0.2775673 0.05987048
0.3100617 0.06463535
0.2575246 0.06612577
0.253104 0.06832253
0.2435135 0.0680429
0.251882 0.07427992
0.2185698 0.07449604
0.2600896 0.07834357
0.290407 0.07625068
0.2847468 0.07907933
0.336102 0.07531515
0.2839084 0.07313
0.2832029 0.07403632
0.2496761 0.07938502
0.2675485 0.07815792
0.2129194 0.0765858
0.2282006 0.07526423
0.2205408 0.0795993
0.2756551 0.0787097
0.2698634 0.08405523
0.2467514 0.08512531
0.1981138 0.08825093
0.2136354 0.0843346
0.2620158 0.08558692
0.2403436 0.09331324
0.2753071 0.09030128
0.2664002 0.09422744
0.2431609 0.09707932
0.201738 0.1070771
0.2053108 0.1056059
0.1911519 0.1012576
0.2232871 0.0973436
0.2010099 0.1012421
0.1776395 0.09808896
0.1990635 0.09814826
0.2117332 0.112612
0.2524529 0.1050775
0.2411188 0.1033515
0.2187961 0.1014462
0.2081918 0.09534121
0.2523113 0.08909574
0.200021 0.09238417
0.1725362 0.09424905
0.1792145 0.0917764
0.1662338 0.1010152
0.1732586 0.1039071
0.2195888 0.1082043
0.268667 0.1054836
0.2175371 0.1008826
0.2342323 0.09312072
0.257231 0.09272549
0.2467097 0.1015566
0.3057321 0.09705563
0.3907982 0.09696997
0.2600937 0.09945847
0.3109613 0.09473194
0.2704404 0.0905108
0.2909673 0.09917845
0.3213783 0.09898728
0.3289245 0.09667492
0.3055646 0.09373001
0.325609 0.09018712
0.2974905 0.08439324
0.3320355 0.07939136
0.2526223 0.08428124
0.2498532 0.07325327
0.3033499 0.07255222
0.2857382 0.07642721
0.2245128 0.07204443
0.2704274 0.07019901
0.2953824 0.06905141
0.2491786 0.06884793
0.2043061 0.07173323
0.25016 0.07670522
0.2322475 0.07566686
0.2563493 0.08141538
0.2495486 0.08371442
0.3057857 0.07963095
0.285802 0.0813321
0.3418666 0.08181356
0.3482425 0.08337457
0.2905908 0.0751481
0.3047309 0.08009001
0.2780405 0.07953091
0.3426769 0.08962305
0.3681254 0.09190165
0.3746083 0.09730979
0.3571684 0.08093656
0.3356614 0.07729796
0.3208136 0.07585465
0.2690912 0.07864352
0.2857828 0.07402528
0.2857629 0.07773779
0.2885706 0.07649471
0.2272894 0.07650197
0.1898616 0.08081561
0.1921883 0.07628362
0.1941529 0.07573738
0.2660172 0.08002908
0.3045708 0.07950369
0.3198359 0.0800833
0.3728058 0.07554643
0.3144156 0.07690915
0.2751179 0.06990489
0.25663 0.0687337
0.3229502 0.06542113
0.260831 0.06471843
0.2545028 0.06639212
0.2326903 0.06658563
0.2076287 0.06670233
0.2440935 0.060449
0.238325 0.05591381
0.2494631 0.05485881
0.3242594 0.05572471
0.3916211 0.05872551
0.4383839 0.06055409
0.4177309 0.06209639
0.4364882 0.06287645
0.4362349 0.06150951
0.3777062 0.05992593
0.4378621 0.06208445
0.439294 0.05771675
0.4025851 0.05321428
0.4529275 0.0502535
0.4419515 0.04790863
0.4777677 0.05138173
0.4800363 0.05062657
0.5490939 0.05282239
0.4134915 0.05633922
0.4118893 0.05973209
0.4092264 0.0600137
0.4095921 0.06187183
0.3910857 0.0585182
0.3745294 0.06075183
0.2699594 0.05715008
0.3165807 0.0604404
0.2819885 0.06701558
0.3209422 0.06934658
0.2943189 0.06788509
0.2907252 0.06802421
0.3284581 0.06840994
0.3354824 0.06596817
0.3233024 0.07265446
0.3369615 0.06642168
0.2442196 0.06330711
0.2641619 0.0646269
0.2876947 0.06446032
0.3212145 0.06678585
0.3517675 0.0630048
0.3543358 0.06456369
0.4118138 0.06397782
0.4060131 0.06489374
0.4236925 0.06324791
0.4032701 0.06243892
0.2882613 0.06789228
0.218259 0.06971972
0.3182916 0.07219335
0.3322761 0.07573145
0.2940072 0.07842295
0.2895503 0.07494773
0.2774822 0.07949908
0.2632806 0.07404222
0.243107 0.07342687
0.272369 0.06735272
0.3071185 0.06083061
0.3349285 0.06227155
0.3472056 0.06353943
0.3745827 0.05834666
0.3008425 0.05611622
0.2844173 0.0545465
0.2058535 0.05194645
0.2246689 0.05550982
0.2685349 0.05727387
0.2500001 0.05813883
0.2764691 0.06341099
0.3219607 0.059773
0.3408359 0.05522894
0.3483339 0.05652693
0.4100672 0.05415653
0.3972963 0.05355055
0.488552 0.05157675
0.469705 0.05198005
0.4720856 0.05156141
0.4695771 0.05227094
0.4460963 0.05718982
0.3974776 0.05033224
0.3458615 0.05147431
0.3843947 0.05422763
0.3781292 0.0556584
0.4532678 0.0573842
0.4382842 0.05823047
0.4226425 0.05937811
0.3973474 0.05689475
0.3954059 0.05366007
0.3558286 0.05282017
0.3441329 0.05116056
0.416734 0.0491615
0.4799643 0.04956592
0.4294777 0.05136202
0.3904134 0.04845504
0.3594445 0.04951349
0.3236518 0.05242048
0.3394916 0.05467343
0.3387676 0.0538083
0.3329409 0.0555242
0.3332216 0.05020384
0.2935273 0.0560003
0.3025117 0.05204457
0.3226303 0.05178959
0.3191193 0.0525555
0.3282229 0.05069008
0.2751314 0.05246097
0.2854295 0.05936398
0.3568767 0.05965809
0.3316768 0.05786915
0.315577 0.0677797
0.3370884 0.07132664
0.2567157 0.0644454
0.2472465 0.06715287
0.2397867 0.06689783
0.2626841 0.07103873
0.287599 0.06769145
0.3657765 0.07325034
0.3493433 0.07388662
0.387263 0.07783942
0.4024825 0.07238619
0.3850491 0.079751
0.3714523 0.07944701
0.3373602 0.08661303
0.2021143 0.08320614
0.2397848 0.08148581
0.2369834 0.08276829
0.2517267 0.08843784
0.2274132 0.08410208
0.1841859 0.09036241
0.1846585 0.09598773
0.189978 0.09643774
0.2538626 0.09431763
0.2049495 0.09269515
0.2102055 0.09520463
0.2293643 0.1050088
0.1654047 0.1080895
0.2178181 0.1023007
0.1884674 0.1041116
0.1925228 0.09878654
0.2733982 0.1057495
0.290011 0.1139466
0.2595931 0.1150016
0.2811466 0.1114443
0.1974215 0.1157086
0.2011318 0.1042503
0.255782 0.1069987
0.3015694 0.1009206
0.2902479 0.09857391
0.2973866 0.1000754
0.2734789 0.1062469
0.2389381 0.1041279
0.2906589 0.1040041
0.2831626 0.1107979
0.2521118 0.1075108
0.1863913 0.1121976
0.1618555 0.109452
0.1911438 0.1105409
0.2279214 0.1224939
0.2717655 0.1116041
0.2008417 0.1158637
0.211692 0.1315574
0.2467134 0.1221593
0.2529657 0.1167197
0.2647416 0.1165104
0.2533248 0.1149377
0.2592774 0.1178931
0.2247167 0.1187748
0.2233351 0.1120899
0.2402301 0.09811222
0.2812775 0.1003501
0.264874 0.103384
0.230294 0.09692595
0.245567 0.09126198
0.2294274 0.09340942
0.2570407 0.08836775
0.3202554 0.08866118
0.2577722 0.0911257
0.3024646 0.09958448
0.3095737 0.0994768
0.2768221 0.1054343
0.2541039 0.1104627
0.2143744 0.1051005
0.215158 0.1006862
0.2462149 0.1025495
0.2432728 0.1052599
0.2168545 0.1050123
0.2379561 0.1138027
0.2160773 0.1134119
0.2044496 0.1242721
0.2431218 0.1181288
0.2036858 0.1242314
0.13041 0.1274851
0.07661453 0.1317705
0.09832619 0.1352411
0.1343837 0.1453327
0.1846946 0.1447106
0.1950973 0.1450455
0.2103117 0.1406688
0.2708493 0.1385271
0.2676802 0.1354546
0.2889313 0.1313927
0.2106168 0.1259059
0.2204398 0.1336854
0.2649182 0.1349717
0.2408206 0.1292414
0.2677727 0.1200691
0.2821767 0.1138791
0.2581043 0.1210316
0.2319793 0.120505
0.2167849 0.1359877
0.1790588 0.1310485
0.1955501 0.1322031
0.1723773 0.1282504
0.1620558 0.1267035
0.1205379 0.1379404
0.1808017 0.1407504
0.1772821 0.147892
0.2037222 0.1491791
0.2832517 0.1572698
0.2274231 0.1438
0.1813507 0.1317695
0.1515963 0.1220074
0.2152817 0.1226166
0.1620808 0.1246798
0.1857904 0.1308287
0.2820975 0.1264973
0.268228 0.1232919
0.2237365 0.1235682
0.180691 0.122791
0.1664 0.1256592
0.1776698 0.1337853
0.1409126 0.1310693
0.1382243 0.1308633
0.1292861 0.1341767
0.1447871 0.1436442
0.1837505 0.1403464
0.242308 0.1349512
0.3201319 0.1224532
0.3127496 0.11595
0.2223038 0.1102452
0.2166929 0.1119558
0.2525422 0.1152042
0.2480356 0.1115402
0.2596402 0.1040628
0.2525316 0.1081132
0.2554139 0.1146769
0.2327927 0.1127874
0.2212344 0.1171176
0.160452 0.1082572
0.1995628 0.1175802
0.2295008 0.122333
0.2174379 0.1186179
0.2446543 0.1165835
0.2548552 0.1155971
0.1855499 0.1243554
0.1848644 0.1200501
0.2029806 0.1250013
0.1768412 0.1288625
0.1459178 0.1232673
0.1652778 0.1202095
0.08865109 0.1269993
0.1439848 0.1364781
0.1440128 0.1420516
0.1353335 0.1487928
0.1609593 0.147655
0.1913255 0.150739
0.1995299 0.1484901
0.1967202 0.1590517
0.1804934 0.1668753
0.1638367 0.1531345
0.1984597 0.1581083
0.1697275 0.1525428
0.1766826 0.1483845
0.1409718 0.1530824
0.1133622 0.1597041
0.139019 0.1535214
0.1994839 0.1515129
0.2157732 0.1627895
0.2160003 0.1717883
0.1781777 0.1614257
0.1566711 0.1712712
0.1487472 0.1553133
0.1753598 0.1490673
0.2069819 0.1593204
0.2029582 0.1574269
0.1772428 0.1701215
0.1351533 0.1809101
0.1542302 0.1950339
0.1155053 0.1915018
0.142307 0.1847952
0.1564689 0.198618
0.1616956 0.1949594
0.1191687 0.2143273
0.1168865 0.1976039
0.1082422 0.1889358
0.1193184 0.214517
0.1313537 0.2234439
0.1131936 0.2215614
0.1293057 0.2209641
0.1443147 0.2177927
0.1283702 0.2252805
0.1488798 0.2331287
0.1775101 0.2361389
0.1515436 0.2189288
0.1586608 0.2578497
0.1389495 0.2408442
0.1286638 0.2497626
0.1556783 0.2581674
0.1892676 0.2586201
0.184871 0.2557997
0.1452793 0.2490342
0.1558536 0.2421325
0.1585315 0.2334908
0.1447434 0.2269312
0.1111794 0.2340695
0.08716314 0.2289106
0.1024458 0.2403641
0.0960567 0.2793792
0.1045978 0.2762892
0.07085429 0.2471387
0.1005083 0.2458641
0.1504868 0.2277733
0.1205545 0.2160682
0.1449054 0.2149371
0.1460298 0.204829
0.1097253 0.210256
0.09677251 0.2239486
0.07448689 0.230893
0.07604423 0.2440757
0.09926524 0.2468425
0.09677838 0.2486857
0.09558373 0.2468474
0.08947424 0.2733223
0.1061672 0.2529126
0.09462076 0.2673979
0.1134395 0.2505573
0.1404435 0.2620384
0.1290833 0.2505813
0.1154489 0.2535472
0.1051538 0.2355481
0.1116018 0.235886
0.1263602 0.2326667
0.1078144 0.2185866
0.1236594 0.2263657
0.1134103 0.2336238
0.09012859 0.2421575
0.1023948 0.2503494
0.1158732 0.2451986
0.1116769 0.2315287
0.120677 0.2259782
0.08387721 0.2285648
0.07666267 0.2265794
0.1215394 0.2375537
0.1279357 0.2358705
0.1296036 0.2446983
0.1290114 0.2684625
0.1332282 0.2888871
0.1187433 0.3005504
0.08879938 0.2906764
0.1048705 0.2872988
0.08538541 0.2769983
0.0696565 0.3319639
0.06479251 0.3959229
0.1149041 0.3790088
0.08786187 0.3871014
0.09516634 0.3713852
0.0703814 0.3696364
0.06470376 0.3518381
0.09793612 0.3772539
0.0868761 0.3810283
0.1100936 0.3796936
0.09807733 0.3800328
0.06447579 0.3671062
0.08548077 0.3555497
0.08869489 0.3746519
0.09013806 0.3918788
0.07319219 0.4050577
0.1010478 0.4043172
0.07393967 0.372998
0.06069225 0.3801213
0.06602928 0.3631001
0.05384163 0.3728819
0.0596274 0.395474
0.1071108 0.4087229
0.08320163 0.4447597
0.05982444 0.4729142
0.0534987 0.4592461
0.1000233 0.4748375
0.06461851 0.4409263
0.08535934 0.4680376
0.0729727 0.4302705
0.08267096 0.3894304
0.07900336 0.3915892
0.09917602 0.3890333
0.1103091 0.3620042
0.08746676 0.3571463
0.09239874 0.3688105
0.09790878 0.3806483
0.08971237 0.3862295
0.07011353 0.4230339
0.07269835 0.4140621
0.06382054 0.3783701
0.08693627 0.4039348
0.06304546 0.3811878
0.09525774 0.3676747
0.07981746 0.3383574
0.1105923 0.3295606
0.1117071 0.3339041
0.05351391 0.3648823
0.05718378 0.3563311
0.05601532 0.3268676
0.05228747 0.2991627
0.04406876 0.2833575
0.07503308 0.2695439
0.09777752 0.2505098
0.1164483 0.2333775
0.1313327 0.2251338
0.1277405 0.2223391
0.1316272 0.2035957
0.1109017 0.2093664
0.1275111 0.2029765
0.1141422 0.2214156
0.1079954 0.2293237
0.1181002 0.2286402
0.08370046 0.2130813
0.1290019 0.2132709
0.1141985 0.2122046
0.08595163 0.2200064
0.06289849 0.2232968
0.09115297 0.2313144
0.1119812 0.2284177
0.116625 0.2192676
0.122092 0.2372658
0.1033711 0.2357112
0.1067312 0.2362127
0.1057168 0.2357107
0.1012323 0.261103
0.1588796 0.2706254
0.1481342 0.2821269
0.145683 0.2727751
0.1175313 0.2704989
0.1138503 0.2890614
0.09865105 0.294515
0.125112 0.283323
0.124737 0.2542481
0.1462716 0.2415925
0.1143875 0.2300521
0.1082512 0.2160807
0.1399242 0.225369
0.1032 0.218235
0.1496938 0.2349491
0.1393641 0.241377
0.173868 0.2629765
0.1378519 0.250491
0.1245904 0.2354053
0.1477723 0.2241289
0.1471113 0.2088404
0.1292456 0.2184903
0.1024391 0.2116761
0.09844404 0.215663
0.1031002 0.199612
0.09815701 0.2057107
0.1514198 0.1995237
0.1098999 0.2164617
0.1252071 0.2128517
0.1115664 0.2001139
0.1255529 0.2098475
0.1129866 0.2094583
0.1452204 0.2183026
0.175262 0.212721
0.1445306 0.1937369
0.1201513 0.1812919
0.1217967 0.1822766
0.09701241 0.1718736
0.1086151 0.1865895
0.1314642 0.1759672
0.1248305 0.1823395
0.1081422 0.1931132
0.1046508 0.1946069
0.1322555 0.199355
0.1448134 0.2040437
0.1636385 0.1967616
0.1426738 0.1919561
0.1444928 0.2002122
0.1423851 0.1911458
0.1727262 0.2094556
0.1875842 0.2105109
0.1746356 0.210069
0.1211257 0.200566
0.1282626 0.2068225
0.1802867 0.2080827
0.157058 0.2260293
0.1661215 0.215969
0.1516534 0.2134308
0.110265 0.2185199
0.1301434 0.2153757
0.1285065 0.2202008
0.1403506 0.2040985
0.1496085 0.2024551
0.09588601 0.2081975
0.128045 0.2325521
0.09555554 0.2234156
0.1257024 0.2105946
0.1049196 0.2119052
0.1035082 0.2243678
0.1133052 0.2180494
0.1323184 0.2212198
0.1236425 0.219866
0.09170068 0.2057403
0.110318 0.1923053
0.1176396 0.2006188
0.1269804 0.2006833
0.1506726 0.1973804
0.1808635 0.2015515
0.1730455 0.1846678
0.1815636 0.183948
0.145443 0.2018916
0.1091611 0.2122826
0.1752981 0.1899201
0.2009242 0.1708622
0.1946113 0.1844673
0.1671343 0.1800397
0.1436128 0.1714287
0.1583708 0.1706765
0.1557829 0.173431
0.1168032 0.1814761
0.1411464 0.1821994
0.1281591 0.2016014
0.151491 0.2008591
0.170579 0.2045658
0.1459828 0.2115315
0.1139663 0.2061483
0.136438 0.2403393
0.171324 0.2169589
0.1389298 0.2176942
0.1038677 0.2309546
0.1524054 0.2439928
0.1779074 0.2292185
0.1045874 0.2138652
0.08853122 0.2376865
0.06747243 0.233185
0.09265868 0.2274548
0.1050188 0.2263843
0.1113646 0.2369165
0.0962637 0.2632225
0.1064409 0.2524786
0.07030402 0.2626344
0.0839099 0.265122
0.08925971 0.2392525
0.1231185 0.244065
0.1135947 0.2604081
0.1074158 0.2701744
0.1184093 0.2543615
0.114203 0.2945795
0.09436873 0.2949902
0.09357434 0.2788712
0.09906728 0.2840917
0.1055566 0.3025182
0.07675046 0.3056605
0.09053816 0.3093834
0.07227504 0.2907571
0.07851818 0.2962673
0.09364541 0.3265594
0.1283069 0.3459389
0.08740663 0.3670824
0.09827613 0.4003937
0.05089923 0.4057872
0.06891377 0.394313
0.08537637 0.405349
0.08968572 0.3798001
0.09663968 0.3598191
0.07717658 0.3950207
0.05351334 0.3842256
0.08539879 0.3663719
0.08390696 0.3646964
0.06648532 0.3712732
0.06811283 0.3925758
0.07388907 0.3829006
0.07193287 0.3707434
0.0519428 0.4122587
0.0481088 0.3927486
0.08094496 0.3476737
0.08379288 0.3713143
0.06586383 0.3624444
0.07935334 0.3455525
0.05808324 0.3351108
0.06953799 0.345984
0.08928995 0.3326923
0.09108529 0.3196082
0.1009104 0.3267277
0.08721079 0.3046282
0.06671196 0.2995902
0.08294752 0.2907135
0.1002771 0.2882172
0.1459694 0.2915866
0.1268891 0.2783734
0.1342257 0.298946
0.1295066 0.3171433
0.1097538 0.3187372
0.1469711 0.2831816
0.1247918 0.2865896
0.1725779 0.2805987
0.1029333 0.2985188
0.08894596 0.3046857
0.08318274 0.3149594
0.06032417 0.3152295
0.08765323 0.3202135
0.09874125 0.3391526
0.09236483 0.3395922
0.09561539 0.3454498
0.1193245 0.3386286
0.09623742 0.342615
0.09272299 0.356616
0.06647053 0.3679242
0.0556465 0.3591362
0.08584168 0.3431358
0.110205 0.3838472
0.08600843 0.373027
0.08340249 0.3560985
0.08365097 0.3298535
0.09836199 0.3534544
0.0833647 0.3697614
0.07427755 0.3576569
0.0596197 0.3545075
0.08182249 0.3646373
0.100186 0.3533036
0.09496783 0.3486745
0.1045607 0.3498613
0.1043973 0.3253315
0.06498208 0.3419965
0.09872357 0.3261685
0.1005683 0.3180848
0.1149348 0.3236123
0.08920613 0.3234805
0.07501382 0.3210479
0.05325212 0.3231328
0.07200812 0.3269401
0.07002263 0.3679274
0.09964448 0.3782206
0.06951299 0.3697178
0.07181433 0.3798522
0.1000377 0.3750195
0.07214969 0.3714129
0.1008633 0.3329998
0.134002 0.3452495
0.1185512 0.336053
0.09991731 0.3304031
0.07159265 0.306472
0.1055183 0.3213547
0.09868047 0.3354236
0.09534668 0.3462291
0.101749 0.3301517
0.1041245 0.3305272
0.07583849 0.3163891
0.0768749 0.3115389
0.06674448 0.288303
0.06929557 0.2837374
0.08795254 0.2725418
0.1284124 0.2585227
0.121658 0.2355015
0.1470106 0.2221175
0.1628714 0.2325086
0.09039293 0.2415893
0.126186 0.2252834
0.1123829 0.2383439
0.1314356 0.2591176
0.09208931 0.2608133
0.1568071 0.2423751
0.1453386 0.2377486
0.1376745 0.2427367
0.1208203 0.2239277
0.1118513 0.2353604
0.1067714 0.2142118
0.1068951 0.2137564
0.1342748 0.1899415
0.1475432 0.1745
0.1670502 0.1599521
0.1822311 0.1771487
0.2140106 0.1665146
0.2151648 0.1734381
0.1706338 0.1494034
0.2021916 0.1396065
0.2777393 0.1355639
0.2656773 0.1313112
0.2191594 0.1182577
0.2237342 0.1322703
0.215896 0.1358916
0.2022493 0.1442032
0.2002152 0.1491036
0.1399876 0.1360175
0.1484885 0.1362282
0.1432526 0.1358671
0.15117 0.138106
0.1759397 0.151528
0.1891159 0.1617507
0.1737152 0.1603412
0.1503329 0.1507838
0.164935 0.143655
0.1755741 0.154218
0.1903561 0.1591599
0.221647 0.1763446
0.1718323 0.1756484
0.141181 0.1736128
0.1452632 0.1678925
0.1321494 0.2018555
0.1074643 0.1960985
0.07635111 0.1982552
0.09646479 0.1637797
0.1252487 0.1605473
0.1005072 0.1821879
0.1177553 0.1637944
0.1439613 0.1560706
0.1975833 0.1572172
0.2191846 0.1572354
0.2077749 0.1626762
0.1674874 0.1545575
0.1959897 0.155554
0.1582307 0.1519052
0.1881963 0.1566782
0.1310496 0.1503692
0.1585445 0.1414513
0.1763485 0.1469474
0.2216121 0.1471431
0.2301685 0.1483223
0.2185668 0.1554205
0.2568831 0.1494013
0.2438977 0.1491996
0.2072914 0.1536693
0.1687359 0.1590063
0.1828707 0.1485864
0.1870989 0.1529875
0.1582729 0.1466627
0.1406907 0.1474628
0.1429063 0.1339611
0.1741807 0.138504
0.2300922 0.1318102
0.2264732 0.1329766
0.2209901 0.1386659
0.2053901 0.1365698
0.2168283 0.1301729
0.2141313 0.1355245
0.2127379 0.1330718
0.2023976 0.1300143
0.1440138 0.1263492
0.1638701 0.1175446
0.1203644 0.1152543
0.1254731 0.1183848
0.1616872 0.1190742
0.1981123 0.1181798
0.178124 0.1310715
0.1325947 0.1305147
0.1928556 0.1287994
0.2369815 0.1293044
0.2259609 0.1217676
0.2152788 0.1320764
0.2073153 0.130035
0.2063085 0.1283427
0.2138618 0.1313866
0.2236163 0.1165973
0.1862756 0.1140877
0.2020518 0.1046979
0.1803474 0.1140918
0.166699 0.1160739
0.1556149 0.1159312
0.114483 0.1159303
0.1243224 0.1090499
0.1192596 0.1153534
0.125907 0.1182743
0.1260419 0.1283233
0.1884779 0.1313839
0.2165423 0.1255515
0.2268627 0.1299115
0.2599943 0.1248896
0.2121576 0.1215792
0.1990464 0.1254009
0.1957735 0.1201865
0.2930845 0.1156344
0.2715717 0.116677
0.3112313 0.1126681
0.2928426 0.1106709
0.2555308 0.1054721
0.2464668 0.1195031
0.2275236 0.1288932
0.206405 0.1320102
0.2431392 0.1388947
0.1908862 0.142465
0.1674433 0.1314535
0.1686798 0.1287118
0.1852122 0.1211675
0.1777602 0.1174894
0.2200186 0.1249748
0.2034529 0.1250878
0.1480686 0.1223674
0.1908298 0.1183218
0.2178434 0.1292106
0.2163282 0.1379461
0.1811113 0.1469693
0.1601899 0.1485934
0.2078061 0.1578946
0.1642476 0.148499
0.1539938 0.1396294
0.1636499 0.1264497
0.146182 0.1228917
0.1448462 0.1212885
0.1599849 0.1361817
0.1721481 0.146495
0.1635347 0.1512918
0.1408742 0.1402234
0.167022 0.1353892
0.1692253 0.1463353
0.1498144 0.1384256
0.1870254 0.1329258
0.1620394 0.1237544
0.1957838 0.1175759
0.2453816 0.1226246
0.2344968 0.1210145
0.2660922 0.1265394
0.3032086 0.1240241
0.2269167 0.1130834
0.2221534 0.1108323
0.2560866 0.1003049
0.1903156 0.1016727
0.190785 0.0970167
0.1488996 0.09979909
0.1837217 0.1016669
0.2035541 0.1060411
0.1925891 0.1113399
0.1372154 0.1131618
0.1726029 0.1092581
0.185815 0.1171897
0.1325134 0.1163899
0.1885284 0.1209974
0.2202383 0.1187194
0.2354871 0.1205672
0.2661912 0.1162409
0.2438425 0.106032
0.2482813 0.1024669
0.2504801 0.1045256
0.2262407 0.1109955
0.2849026 0.1116902
0.2274158 0.1112268
0.1824814 0.09140295
0.2426437 0.09057683
0.2332616 0.08935983
0.2493749 0.08417591
0.2621396 0.08002594
0.2740278 0.07341479
0.3371056 0.07441919
0.2707149 0.07138366
0.2484578 0.07335007
0.2876174 0.06980609
0.2711058 0.07527742
0.3653854 0.0711871
0.385041 0.06609665
0.4130974 0.06502325
0.3602897 0.0652927
0.3412907 0.07143934
0.3171029 0.07573263
0.3115326 0.08334637
0.2555092 0.09142004
0.2274131 0.08668581
0.2282591 0.08070172
0.2664529 0.07493666
0.336945 0.07023088
0.33579 0.07008801
0.3316823 0.06888414
0.3339966 0.06886824
0.3812141 0.06626587
0.4164975 0.07197029
0.3973424 0.07381383
0.4116243 0.07593692
0.36784 0.08568227
0.2875617 0.09383724
0.238821 0.1074276
0.2164025 0.1091114
0.2025964 0.1060974
0.248837 0.1089511
0.2387689 0.1080451
0.2896522 0.1131685
0.2973736 0.1031717
0.3395585 0.1057633
0.2781461 0.1143963
0.3075862 0.1145465
0.3228923 0.112972
0.33688 0.1060848
0.3035152 0.09776195
0.3504939 0.09766698
0.3804167 0.08422868
0.3619306 0.07813336
0.3549573 0.0776771
0.402652 0.07478763
0.4418445 0.07449763
0.4753283 0.0674864
0.5162919 0.06416508
0.516687 0.0636216
0.4292796 0.06385389
0.4346848 0.06557953
0.3433534 0.06439768
0.3351169 0.06575016
0.3411203 0.06567831
0.2978457 0.06825884
0.2474644 0.071574
0.3069535 0.07375364
0.4428293 0.06841752
0.4385216 0.0703697
0.4345226 0.06881482
0.4127528 0.06702862
0.4193427 0.0670434
0.4108448 0.06792328
0.4160931 0.06098341
0.2970711 0.065316
0.317677 0.05983225
0.3133095 0.05829419
0.3803177 0.0582902
0.4511043 0.05991456
0.5232598 0.05671343
0.491712 0.06025654
0.5428498 0.05941121
0.4835472 0.05609986
0.493072 0.04645794
0.4605741 0.04595957
0.473847 0.04349052
0.4372856 0.04386608
0.4542643 0.04110439
0.411038 0.0411365
0.4546627 0.04106891
0.4561184 0.04499979
0.5249382 0.04476956
0.4955441 0.04431119
0.4750083 0.04308215
0.4040686 0.04026862
0.5019447 0.04127495
0.4674514 0.0437199
0.4217759 0.04845391
0.3963593 0.04274811
0.3835853 0.03929691
0.4283189 0.04000449
0.479357 0.03705145
0.4776554 0.03481572
0.4168155 0.03598709
0.4877858 0.03617329
0.426398 0.03507459
0.4173333 0.03795759
0.364284 0.03623334
0.34908 0.03843552
0.388162 0.03805468
0.429324 0.03994378
0.4233117 0.04180126
0.4416752 0.04120912
0.4283248 0.03916622
0.4298053 0.04079869
0.4101917 0.0416931
0.5073259 0.0400834
0.5443865 0.03681024
0.4604533 0.03748163
0.4462177 0.03689366
0.4305539 0.03777344
0.4948726 0.03576592
0.4641674 0.03420262
0.4776359 0.03532927
0.5333402 0.03612069
0.4507693 0.03614445
0.3978697 0.03582188
0.4488 0.03524247
0.4774223 0.03561995
0.4724357 0.03368801
0.5822868 0.03603482
0.5753901 0.03575565
0.5909817 0.03602518
0.6061724 0.03667749
0.5486103 0.03485167
0.5679197 0.03271102
0.5476027 0.03286785
0.640636 0.03575663
0.6244897 0.03629907
0.6672409 0.03501874
0.6855517 0.03443932
0.615105 0.03579884
0.5705143 0.03477405
0.5751849 0.03463049
0.5642348 0.03676953
0.6012295 0.03969998
0.5968485 0.04097344
0.5763582 0.04352492
0.5304581 0.04302137
0.6350042 0.04535473
0.6104888 0.04408367
0.5307261 0.04590325
0.591122 0.04769837
0.6009589 0.04745644
0.6384643 0.044605
0.6435721 0.05012824
0.6120498 0.05415521
0.5698463 0.0582372
0.6273112 0.06210614
0.5392101 0.06153759
0.4952418 0.06051069
0.4807625 0.06398729
0.4338464 0.05748803
0.4378067 0.05353371
0.4581999 0.05234024
0.4235005 0.05511638
0.39231 0.05777791
0.3946484 0.05978692
0.4008835 0.05459882
0.4739081 0.05550684
0.4385306 0.05439335
0.4258048 0.05302384
0.4649562 0.05545451
0.4175746 0.05527803
0.3653669 0.05508433
0.3309488 0.05258827
0.3227605 0.05115795
0.3587578 0.0499246
0.341536 0.0496327
0.2846253 0.04889548
0.3046437 0.04816724
0.3864705 0.04392719
0.4408877 0.0420695
0.3919086 0.04595068
0.431417 0.04568454
0.4512724 0.0388768
0.4221996 0.03566202
0.4063417 0.03421775
0.3852195 0.03202496
0.4338213 0.03314135
0.5092652 0.03562985
0.5316672 0.03752098
0.49849 0.04351184
0.5227337 0.0415716
0.5209098 0.03941702
0.5057599 0.03975664
0.5327943 0.04097706
0.495041 0.04233719
0.5525548 0.04150133
0.4687698 0.04193926
0.4504763 0.04157047
0.4580802 0.04177258
0.491355 0.04120325
0.5112 0.04037366
0.5226867 0.04329141
0.418949 0.04712228
0.5105548 0.04684258
0.4094292 0.04820036
0.4209756 0.04853974
0.3978472 0.0507081
0.4430264 0.05355622
0.393028 0.05356455
0.4178425 0.05050412
0.3986695 0.0451011
0.3827401 0.04834822
0.4413938 0.04596097
0.4247456 0.04748112
0.445966 0.050565
0.4865492 0.05124112
0.5217214 0.05904358
0.5027527 0.05364746
0.4915214 0.05440867
0.4650891 0.05524634
0.420995 0.05813794
0.3848309 0.05219561
0.36408 0.05681781
0.3405836 0.06083617
0.2721578 0.06643899
0.3196629 0.06529583
0.3470321 0.06536991
0.4098379 0.06424913
0.4666809 0.06679899
0.508788 0.05885876
0.4423775 0.05957444
0.4829593 0.05466073
0.472058 0.05113926
0.5221202 0.05107539
0.4563998 0.0482473
0.4574949 0.04837359
0.4160529 0.05533484
0.4349151 0.05676889
0.4689863 0.05281718
0.4461576 0.05355927
0.5259471 0.04729496
0.5263118 0.0453962
0.6111046 0.04649372
0.6085086 0.04811067
0.5851277 0.05136203
0.597681 0.05104075
0.515838 0.04743745
0.4334464 0.05100864
0.4486613 0.04472975
0.5568336 0.04584858
0.4672712 0.04884978
0.4994367 0.04899999
0.4591936 0.05010757
0.4846436 0.05289474
0.5124691 0.05372699
0.4367174 0.05428457
0.4516432 0.0480036
0.5025608 0.04922298
0.5263024 0.05016833
0.4801323 0.04936551
0.5552958 0.05155433
0.5121909 0.05796232
0.5934564 0.05825074
0.6218898 0.05610237
0.6888747 0.05167404
0.5788404 0.04657285
0.5360941 0.0431928
0.5518793 0.04250695
0.4858269 0.04531599
0.4641295 0.04504187
0.4585257 0.04322418
0.4787267 0.04059534
0.5195229 0.04204725
0.4628861 0.03740587
0.3527178 0.04219311
0.4213763 0.04078172
0.4188127 0.03713831
0.3992547 0.03727518
0.4191175 0.03734226
0.375637 0.03732217
0.352192 0.04111578
0.4082591 0.04107247
0.3491585 0.04621443
0.3740076 0.04625761
0.3710045 0.05241066
0.3677029 0.05440557
0.3319786 0.05116814
0.2732496 0.04831893
0.3175281 0.04740219
0.3382929 0.05038069
0.3194858 0.05231633
0.3420952 0.05484455
0.3216309 0.05316681
0.2808256 0.05749009
0.2847302 0.05603009
0.3560038 0.05252781
0.2924964 0.0550059
0.3607607 0.05553705
0.4308962 0.05257448
0.4069616 0.0542573
0.3983119 0.05685723
0.3810123 0.05490435
0.2522793 0.05106076
0.293796 0.05020077
0.290906 0.0499188
0.3276759 0.0476457
0.3657403 0.05015691
0.3017642 0.05005453
0.2798465 0.04973741
0.3261503 0.0454621
0.4356172 0.04583484
0.3840232 0.04681663
0.3247145 0.05281913
0.3686179 0.05051612
0.3362131 0.05337307
0.3276691 0.05247588
0.3759902 0.04709783
0.3732114 0.04667243
0.414847 0.04047062
0.4301364 0.04346522
0.4020811 0.04545757
0.3678579 0.04303025
0.3738955 0.04129879
0.3842638 0.03764582
0.3883201 0.04413823
0.3762811 0.04510627
0.3988379 0.04258942
0.3722112 0.04346708
0.4261591 0.04823491
0.406517 0.04878086
0.3734719 0.04473366
0.3336262 0.04736942
0.3207471 0.04667571
0.295519 0.04514698
0.3563101 0.04936846
0.3705426 0.04922083
0.3446924 0.05274337
0.3466491 0.05279235
0.388024 0.06164512
0.3749816 0.05957028
0.3910716 0.05621977
0.3984547 0.05673921
0.391901 0.05676203
0.4660779 0.05636087
0.532057 0.05083091
0.5721 0.04951808
0.5672574 0.05315955
0.5630935 0.05257621
0.5174705 0.05596941
0.5295664 0.0581197
0.4239688 0.06157087
0.4223902 0.05951574
0.4379714 0.05843216
0.4437481 0.06079911
0.4710318 0.06395818
0.4277332 0.05975586
0.3559706 0.05964796
0.2984971 0.06064737
0.2918815 0.0606928
0.2794234 0.06717878
0.272226 0.06518658
0.3296026 0.06539334
0.3037907 0.06608787
0.3863681 0.07251969
0.3121955 0.06940943
0.3266762 0.07935734
0.3779498 0.07601268
0.330134 0.07617696
0.3062417 0.08096648
0.2458709 0.08387385
0.2425573 0.08852524
0.3179111 0.08722406
0.3838158 0.08264024
0.3679815 0.07790513
0.3336517 0.0740743
0.3604525 0.07732977
0.3210699 0.07139814
0.3187102 0.074227
0.2854638 0.07298864
0.3168805 0.07274255
0.3206624 0.0749714
0.3077411 0.07656878
0.3797716 0.07024414
0.3375975 0.06580539
0.2791427 0.06419788
0.3445859 0.06726364
0.3554841 0.06355948
0.4095358 0.06842241
0.3322373 0.06778193
0.2568686 0.06262375
0.2907297 0.06078275
0.3136528 0.05656177
0.2887643 0.05452543
0.3130512 0.0515009
0.3229798 0.05038166
0.4131295 0.04779318
0.4201105 0.04754465
0.3691146 0.05154078
0.3959794 0.05351495
0.3040419 0.05139934
0.3272488 0.04945226
0.3059862 0.05265274
0.4042654 0.0519246
0.4485133 0.05284071
0.3847374 0.05377075
0.3048123 0.05590723
0.3691955 0.05563969
0.3523615 0.05535369
0.3795099 0.05605593
0.3365617 0.0514189
0.3611819 0.0488817
0.415946 0.05475085
0.3945514 0.0476621
0.4351733 0.04407258
0.4011001 0.04234099
0.3913553 0.03966744
0.4389707 0.04300717
0.4357581 0.04144037
0.4507789 0.0377355
0.5090734 0.03841922
0.5054329 0.03777362
0.5331674 0.03811
0.5663021 0.03421565
0.5468441 0.03290597
0.5056531 0.03502637
0.5233145 0.03653218
0.5569358 0.03621709
0.5110752 0.03540647
0.4408766 0.03381437
0.5223019 0.03612453
0.5553514 0.0357066
0.6613815 0.03470112
0.6732309 0.03329838
0.6194841 0.03084002
0.5541555 0.03183036
0.6363668 0.03223684
0.5912286 0.03056823
0.5860657 0.02956936
0.6347926 0.02620989
0.5829601 0.02577509
0.5995801 0.02584543
0.5342845 0.02505746
0.4206448 0.02541889
0.3904244 0.02825499
0.4226573 0.02768251
0.4054757 0.02735911
0.4063253 0.0302509
0.3426534 0.03059929
0.428422 0.02897434
0.3937392 0.02796542
0.3963992 0.0298125
0.3987867 0.02773102
0.3687541 0.02806146
0.3345073 0.02741653
0.3058538 0.02899712
0.3793539 0.02990772
0.358596 0.03297446
0.381662 0.03294636
0.39063 0.03416882
0.5178334 0.03639658
0.4883273 0.03496253
0.5247664 0.03367201
0.5921397 0.03376613
0.5757993 0.03704354
0.5357994 0.03535952
0.4937529 0.03309318
0.5675367 0.03314236
0.5759653 0.02922708
0.5393282 0.02845072
0.5123807 0.02657367
0.5073295 0.0269855
0.4852086 0.02896506
0.4995224 0.03031505
0.481365 0.03000004
0.4768481 0.02775797
0.5895137 0.02809676
0.5183731 0.0281997
0.5418586 0.02858677
0.5513068 0.02789803
0.5211149 0.0323602
0.4806814 0.03217539
0.4840294 0.03206044
0.4296314 0.03232856
0.4584424 0.03476593
0.4592798 0.0343577
0.4177165 0.03514512
0.4189348 0.03756945
0.4688817 0.03720858
0.5068881 0.03775276
0.5178438 0.03681119
0.4611152 0.03715825
0.4449998 0.03858851
0.4375751 0.04338197
0.4468015 0.03997858
0.4370811 0.03649781
0.3714704 0.03748543
0.3781192 0.03674254
0.3325604 0.0361363
0.3539085 0.03742811
0.3590593 0.03719757
0.4044731 0.03801911
0.4411497 0.0395061
0.4673862 0.03989634
0.4787224 0.03942498
0.5576031 0.03498093
0.586376 0.03395859
0.5499565 0.03266447
0.5303173 0.0350022
0.5526547 0.03564025
0.5394081 0.03139783
0.5481789 0.03229882
0.5122468 0.03565235
0.4985227 0.03258186
0.4072666 0.03251184
0.45659 0.03033022
0.5230876 0.03061851
0.5556072 0.0328453
0.6077396 0.03208589
0.5961233 0.03133965
0.5782095 0.02857661
0.6476007 0.02702093
0.6199522 0.03052897
0.672093 0.02933682
0.7589428 0.02809872
0.6967062 0.02975745
0.7172424 0.03147734
0.7739312 0.02958111
0.7548054 0.02945768
0.7305219 0.02768678
0.7858674 0.02834726
0.7105916 0.02998016
0.7135061 0.02892632
0.6370052 0.02754697
0.5685026 0.02735712
0.5002056 0.02779961
0.5471739 0.02475158
0.5988348 0.02475596
0.6592028 0.02408466
0.730469 0.02293298
0.7445029 0.02317863
0.7464774 0.02267811
0.7168802 0.02262561
0.70036 0.01993724
0.7513457 0.01893127
0.7215639 0.02028377
0.6960988 0.01768179
0.698843 0.01639163
0.7460511 0.01705194
0.6924608 0.01804343
0.6230672 0.01872874
0.635913 0.0189963
0.6605376 0.01949148
0.7191865 0.01989549
0.7163561 0.02064339
0.6904348 0.02269571
0.6917272 0.02376296
0.6408894 0.02364318
0.6623225 0.02342315
0.7839383 0.02309539
0.7539061 0.02241041
0.6885202 0.02327042
0.6691512 0.02329916
0.6882692 0.02292742
0.7557571 0.02132037
0.7660913 0.01956681
0.7431464 0.01998126
0.7067895 0.01977864
0.7122634 0.02090792
0.7472375 0.02222861
0.7463419 0.02411545
0.7399616 0.02345329
0.6839063 0.02104827
0.6563236 0.02150684
0.6547051 0.02277527
0.7113657 0.02305874
0.722897 0.02126662
0.7149495 0.02113878
0.7594115 0.02068802
0.7606966 0.01936228
0.7701988 0.01931175
0.7653363 0.01956316
0.7439266 0.0218979
0.7685793 0.02110583
0.773399 0.02048726
0.7869166 0.02140379
0.7987907 0.02130503
0.7659811 0.02246835
0.7853373 0.02203557
0.7765674 0.02097716
0.7533051 0.02161037
0.7584762 0.0209783
0.7485582 0.02001646
0.7098512 0.01954794
0.7028782 0.01955711
0.6777688 0.01856577
0.6785436 0.0192659
0.6414185 0.01900173
0.6793053 0.01784393
0.7163655 0.01991746
0.7272296 0.02163397
0.7016294 0.02165003
0.6217207 0.02212629
0.580945 0.02252714
0.6270371 0.02268684
0.6151155 0.02397682
0.6247411 0.0237179
0.6222593 0.0232596
0.6117917 0.02459889
0.5704017 0.0225465
0.5846827 0.02191806
0.5903932 0.02400239
0.5312348 0.02636746
0.5822864 0.02299051
0.5977904 0.02408706
0.5977657 0.02592391
0.6341176 0.02637071
0.6923773 0.02659561
0.6603909 0.02487905
0.6766725 0.02478665
0.665515 0.02413932
0.6357102 0.0258759
0.6725455 0.02510568
0.6950309 0.02661527
0.6663127 0.0282008
0.6667764 0.03137299
0.7077426 0.0327357
0.7054881 0.03269647
0.6691417 0.03160988
0.6117708 0.03261546
0.638385 0.0318324
0.6732714 0.03076417
0.7013902 0.03141094
0.6914952 0.03219776
0.7564127 0.03173376
0.7767323 0.02957114
0.788778 0.02924706
0.7746832 0.02840147
0.7624381 0.02912575
0.698427 0.02852108
0.8096791 0.02730494
0.8443901 0.02761226
0.8534417 0.02766953
0.8227426 0.02741399
0.7603221 0.02884288
0.7536849 0.02744942
0.7033553 0.0274102
0.6855828 0.02995825
0.6949009 0.03143285
0.6887742 0.0282814
0.6845462 0.02989223
0.6736874 0.02693119
0.7239949 0.02801901
0.6138939 0.0276861
0.5892613 0.02828982
0.5676514 0.02694336
0.5661115 0.02507263
0.6005782 0.02466532
0.5287076 0.02407931
0.5699785 0.0247998
0.6191 0.02382214
0.5842375 0.02413325
0.5370005 0.02546398
0.4845876 0.02516092
0.4394878 0.02716003
0.4306328 0.02786402
0.4512648 0.02689087
0.4907916 0.02878454
0.4691651 0.02813243
0.4714334 0.02797865
0.4639077 0.02841697
0.5140199 0.02759394
0.5647241 0.02713577
0.5191005 0.02780148
0.4968283 0.02724497
0.403956 0.0316528
0.393026 0.03083183
0.3384204 0.03195044
0.3336503 0.03254013
0.2908369 0.0311011
0.3509726 0.0317967
0.3692402 0.03404792
0.4233259 0.03235736
0.4924798 0.02999031
0.5307358 0.02705075
0.5570519 0.02897594
0.5435493 0.02717978
0.55807 0.02896255
0.5818798 0.02907724
0.5370794 0.02891297
0.4672903 0.02773038
0.4732436 0.03066356
0.4922896 0.02904206
0.5408988 0.03237046
0.458064 0.03090888
0.4501049 0.03013044
0.5220969 0.0281262
0.4855139 0.02607745
0.5210992 0.02971099
0.524231 0.02974162
0.5595902 0.03022813
0.5160299 0.03104492
0.5430865 0.03080251
0.5786268 0.03131188
0.5281322 0.0284314
0.5888911 0.02955521
0.6194588 0.02830833
0.6529377 0.0279571
0.6957058 0.02719188
0.6445334 0.02706507
0.6775466 0.02774333
0.6437317 0.02603323
0.583363 0.02710898
0.5683151 0.02882341
0.6088833 0.02980211
0.5363456 0.03112391
0.5609785 0.03083333
0.5751966 0.02906966
0.5604326 0.02760757
0.5724962 0.02712016
0.5875145 0.02809677
0.609441 0.02560111
0.6202006 0.02645303
0.5625557 0.02536159
0.487463 0.02543814
0.5448951 0.02679805
0.5615192 0.02720791
0.6569794 0.02650377
0.6937711 0.02658182
0.6546212 0.02571208
0.6462191 0.02281581
0.6216958 0.02492927
0.6004486 0.026068
0.6100842 0.02433086
0.6085297 0.02423577
0.585982 0.02434072
0.5947354 0.02621854
0.5303391 0.02436649
0.5406035 0.02297471
0.4964253 0.02389474
0.4797337 0.02616227
0.4789948 0.02532165
0.4625605 0.0264298
0.4349184 0.02545786
0.4762844 0.0254213
0.4685844 0.0244767
0.4953431 0.02445813
0.5422505 0.02466144
0.5634313 0.02609866
0.5192705 0.02747777
0.4995391 0.02789023
0.5215698 0.02643782
0.5222356 0.02581884
0.6134836 0.02635617
0.6498078 0.02349923
0.6452721 0.02298047
0.5816257 0.02415534
0.5744257 0.02498395
0.554235 0.02689393
0.5327777 0.02798531
0.5431959 0.02916378
0.514103 0.0302637
0.4965392 0.03125949
0.4658624 0.03443086
0.5001914 0.03545809
0.4202034 0.03509453
0.3960869 0.03434757
0.4050707 0.03344836
0.3593543 0.03579573
0.3283015 0.04197974
0.3567775 0.04367162
0.3793307 0.04271304
0.4202962 0.04266944
0.4137587 0.04342757
0.3874525 0.04494193
0.3994185 0.03975261
0.4036252 0.03999777
0.4476093 0.04029833
0.4765056 0.04131918
0.4316966 0.04418833
0.4287818 0.0406563
0.4067108 0.03980745
0.4640313 0.03868003
0.5490703 0.04097666
0.4956482 0.04375326
0.5046428 0.04382737
0.4957742 0.04197539
0.4652002 0.04039309
0.5429576 0.03956291
0.5027125 0.04084328
0.554235 0.03984549
0.5361395 0.04109947
0.4971421 0.03819199
0.4966602 0.03655741
0.4892172 0.03712852
0.5020473 0.03428719
0.5295711 0.03277522
0.5526716 0.03066544
0.5167123 0.03013904
0.5015985 0.03126593
0.5550129 0.03300221
0.5126622 0.03095565
0.4711389 0.03031044
0.4402458 0.03007919
0.4281297 0.02972762
0.4327347 0.02986164
0.4702272 0.03249428
0.5558198 0.03281006
0.6576445 0.02936069
0.6603776 0.03123545
0.7123516 0.03153935
0.6915402 0.02816583
0.7407391 0.03087122
0.7025671 0.03202791
0.7105782 0.03519538
0.7464113 0.03113208
0.6733808 0.03051251
0.7335809 0.02767569
0.7155263 0.02667412
0.7324779 0.02694972
0.7838223 0.02484602
0.8284026 0.02318762
0.7950685 0.02205047
0.7195128 0.02274546
0.6733931 0.02404036
0.6564296 0.02416084
0.614153 0.0225395
0.6363646 0.02210422
0.6782388 0.02296483
0.7438215 0.02728803
0.7897535 0.02732793
0.7911446 0.02573425
0.7913783 0.02427848
0.7824448 0.02445226
0.7660669 0.02539985
0.772579 0.02577644
0.7357185 0.02827836
0.7492086 0.02864331
0.8288324 0.02689579
0.7912472 0.02444286
0.7343592 0.02520325
0.7664824 0.02449512
0.7526749 0.02481869
0.8055737 0.02452251
0.8255332 0.02471048
0.8409201 0.02509213
0.847823 0.02618135
0.7677265 0.02642228
0.7470351 0.02689313
0.7499367 0.02682403
0.6841204 0.02716588
0.5722445 0.0245413
0.5409711 0.02154096
0.5641991 0.02143581
0.5896547 0.02215157
0.6649173 0.02143982
0.695516 0.02138411
0.6543644 0.02137611
0.7335645 0.0209063
0.7584474 0.02215717
0.7608634 0.01979243
0.7857552 0.02014571
0.72432 0.01914879
0.72671 0.01956004
0.7048586 0.01980275
0.6839019 0.01980099
0.6903543 0.02095613
0.6866197 0.02210411
0.6912753 0.02183727
0.7548086 0.02126701
0.7235284 0.02391658
0.763936 0.02395102
0.7442547 0.02358226
0.6729815 0.02309602
0.6890214 0.02154142
0.677784 0.02104768
0.6154187 0.01988097
0.5655721 0.01985818
0.5550623 0.02131589
0.5483422 0.01967848
0.6056196 0.02146957
0.6724179 0.01993986
0.6966163 0.02063203
0.7192483 0.02174411
0.7448742 0.02085534
0.7632883 0.020511
0.7340528 0.01881256
0.7310237 0.01729642
0.6810927 0.01808889
0.5752153 0.01781119
0.5264989 0.01987794
0.5337142 0.02008447
0.4904162 0.01862978
0.4856276 0.0159633
0.5108967 0.0152486
0.5414267 0.01680172
0.5086533 0.01745028
0.4692945 0.01934284
0.5049461 0.01842839
0.5347069 0.01899781
0.4440517 0.02015315
0.4497159 0.019849
0.5042574 0.01908378
0.4766147 0.01878509
0.3844966 0.01863242
0.4783627 0.02044718
0.4897007 0.01906049
0.5115889 0.01931048
0.5312711 0.01978146
0.5502051 0.01918978
0.6065583 0.01967097
0.6374853 0.02078024
0.6741347 0.0214674
0.6336614 0.02071753
0.7247454 0.02014074
0.7501629 0.02106175
0.6933553 0.02133178
0.7204741 0.02041461
0.6954908 0.02145421
0.7109123 0.02310992
0.6666295 0.02263423
0.6731224 0.02212634
0.632077 0.02162794
0.573115 0.0233507
0.6728303 0.02064221
0.6623044 0.02199831
0.6364502 0.01973503
0.6313872 0.02078864
0.737004 0.01994816
0.7374343 0.01811627
0.7807493 0.01892385
0.7712808 0.0200324
0.6743568 0.02061501
0.6775451 0.01771171
0.6390251 0.01772409
0.5992883 0.01821541
0.5829934 0.01885385
0.637614 0.01670933
0.6651851 0.016337
0.6538969 0.01531617
0.6782171 0.01392281
0.7221697 0.01446794
0.7094139 0.01452536
0.7157067 0.01610749
0.6850504 0.01484593
0.6823502 0.014978
0.7016749 0.01562626
0.7223661 0.0168737
0.6940034 0.01767863
0.6892728 0.01901875
0.6994862 0.01889281
0.6454398 0.01888783
0.6621203 0.01800331
0.7248428 0.01934543
0.6799476 0.01807054
0.6761764 0.01612293
0.639841 0.01655547
0.6475147 0.01609412
0.6380719 0.01543279
0.575192 0.01687235
0.6282262 0.01699539
0.67756 0.01844831
0.7452349 0.01892419
0.713314 0.01745849
0.633651 0.01618139
0.6629557 0.01752376
0.6551521 0.01819779
0.6622741 0.01944931
0.6703038 0.02035061
0.6683107 0.02169378
0.6928151 0.02151287
0.6390631 0.01982282
0.7161027 0.0200055
0.7286212 0.01789069
0.8051865 0.01945699
0.7978232 0.02030836
0.8133933 0.01972788
0.78059 0.01899139
0.8225049 0.0200733
0.7670214 0.02247749
0.7679504 0.02291625
0.7845791 0.02120152
0.7175683 0.02108824
0.5941008 0.02142827
0.5867326 0.02247008
0.5823685 0.02414436
0.5502288 0.02426072
0.5282225 0.02572631
0.5658872 0.02546535
0.5202309 0.02742703
0.5369929 0.02860778
0.5534488 0.02843595
0.5119186 0.02985398
0.5217706 0.02935717
0.5014351 0.02767128
0.4749927 0.03002713
0.4999365 0.02804456
0.5293852 0.02566761
0.5881596 0.02477832
0.5675728 0.02670808
0.5955741 0.02792451
0.5967225 0.02649792
0.6687555 0.02734572
0.5832268 0.02844983
0.618139 0.02690454
0.6693173 0.02804739
0.7511874 0.03084192
0.7018025 0.02850258
0.6930171 0.02988597
0.6756976 0.02824248
0.6859161 0.02824565
0.73028 0.02565686
0.7337729 0.02667467
0.7358061 0.0277574
0.7169274 0.02944071
0.7179702 0.03138793
0.7008562 0.03259202
0.6787845 0.03103808
0.6894917 0.02907625
0.6833896 0.02811783
0.6457766 0.02863566
0.6479574 0.02702896
0.6313432 0.02752307
0.5249199 0.02663338
0.5262616 0.02508859
0.4996289 0.02430076
0.5261401 0.02432663
0.6336084 0.02621175
0.6433878 0.02673723
0.5959396 0.02842894
0.6150166 0.02814527
0.596797 0.02847645
0.6062523 0.0271735
0.6013997 0.02696308
0.6665847 0.02701009
0.6658112 0.02545993
0.7135209 0.02510426
0.753064 0.02643041
0.7396765 0.02651092
0.6944399 0.02629163
0.7243825 0.02766831
0.7269181 0.02458592
0.7427655 0.02583728
0.7185344 0.0255569
0.7082607 0.02564728
0.7110539 0.02622111
0.6967991 0.02839705
0.6563764 0.02964944
0.635158 0.02795183
0.6620527 0.02847375
0.6086143 0.02620608
0.6484444 0.02468918
0.6300369 0.02313785
0.668383 0.02352512
0.6819276 0.02464609
0.7265958 0.02485685
0.7554402 0.0258537
0.8154309 0.0250111
0.7724924 0.02475995
0.7060075 0.02548409
0.7024576 0.0244188
0.6046777 0.02376045
0.5794981 0.02354541
0.5977847 0.02518172
0.6591586 0.02489002
0.7226207 0.02644609
0.7555494 0.02427092
0.7613707 0.0261003
0.7036595 0.02854762
0.6815966 0.0277751
0.6213032 0.02850048
0.6030896 0.03040247
0.6305401 0.03147541
0.6650528 0.02983468
0.720334 0.03018071
0.6612753 0.0297475
0.6502176 0.03055577
0.6476404 0.0284422
0.634628 0.02623557
0.5754713 0.02611898
0.6185825 0.02756576
0.6818624 0.0261495
0.6551574 0.02718508
0.6930892 0.02766475
0.7247248 0.02974666
0.7485701 0.0293473
0.7084261 0.03015839
0.693583 0.02996652
0.7000648 0.03113351
0.6973876 0.03013498
0.6054411 0.03520627
0.6175437 0.03334999
0.5317683 0.03226117
0.5503574 0.03056714
0.6097664 0.02983115
0.6594097 0.02806636
0.6711034 0.02635141
0.6934119 0.02541076
0.6289343 0.02710774
0.699855 0.02563052
0.6614075 0.02494954
0.6474802 0.02327215
0.7372107 0.02200845
0.6954511 0.02317357
0.6697534 0.02768382
0.5899369 0.02968584
0.6263166 0.02861988
0.6345349 0.03106081
0.6591694 0.03226169
0.6070587 0.03010497
0.5787083 0.03011367
0.5719864 0.03245111
0.5770178 0.03257896
0.6086446 0.02991486
0.6654379 0.03072552
0.7057006 0.03063731
0.8125407 0.03021054
0.7984933 0.03078698
0.7258832 0.03381223
0.7373273 0.03320098
0.6817528 0.0309725
0.6370279 0.0312275
0.665132 0.03137929
0.6596627 0.03011655
0.5439788 0.02912258
0.4591364 0.02987216
0.426257 0.02949344
0.4158907 0.02642571
0.4728218 0.02539571
0.4210137 0.026191
0.5296525 0.0259996
0.5784431 0.02682221
0.6395022 0.02697231
0.6644337 0.0276787
0.6908732 0.02797369
0.6493229 0.02778612
0.579841 0.0291412
0.5333815 0.02840808
0.4433394 0.02720508
0.4733092 0.02334715
0.5024784 0.02377523
0.5514473 0.02275041
0.5570895 0.02271408
0.5686532 0.0206997
0.5936489 0.01943973
0.5349154 0.02022777
0.4811278 0.02112051
0.538981 0.01958095
0.547158 0.02035352
0.5803965 0.02073421
0.5504788 0.02129372
0.5584024 0.02138044
0.591765 0.02260782
0.614072 0.02201669
0.6923102 0.02302601
0.6879036 0.02514957
0.7065884 0.02626208
0.6641875 0.02302773
0.634624 0.02298892
0.6393403 0.02534094
0.6683109 0.02634194
0.6744448 0.02418152
0.668342 0.02418004
0.6320856 0.02591989
0.5689512 0.02554368
0.5400483 0.02712435
0.5689944 0.0267635
0.5385572 0.02465363
0.5244652 0.02409588
0.5205366 0.02577801
0.4719361 0.02537781
0.5131344 0.02300878
0.492421 0.02412521
0.5249691 0.02602499
0.5840071 0.02842236
0.5811373 0.02700954
0.5897032 0.0288581
0.6694548 0.02811025
0.693177 0.02849437
0.7515446 0.02590123
0.7320342 0.0273475
0.7437049 0.02379946
0.745305 0.02565743
0.7426402 0.02511595
0.8033816 0.02609783
0.7495071 0.02412656
0.7326498 0.02714244
0.6870833 0.02757673
0.6639651 0.02579456
0.6683973 0.02556693
0.693659 0.02620266
0.7379049 0.02458715
0.7196389 0.02562644
0.7381072 0.02633848
0.7661957 0.02800171
0.7885875 0.02711529
0.8445623 0.02876607
0.7880162 0.02758757
0.8000958 0.02858471
0.8367306 0.02612622
0.8461943 0.02877023
0.7510522 0.02878507
0.8075317 0.02922517
0.813232 0.03038484
0.7486719 0.02896916
0.7808451 0.02740162
0.811792 0.02594791
0.7301631 0.02766919
0.7265496 0.02782393
0.7477156 0.0293683
0.7433994 0.02666473
0.7341492 0.02856228
0.7871127 0.03017882
0.8018466 0.02873618
0.7189606 0.02936875
0.7145358 0.03230856
0.6734395 0.0340319
0.5601436 0.03685944
0.5173842 0.03440504
0.4811008 0.03503575
0.454448 0.03246639
0.4268019 0.03674919
0.4029038 0.03277949
0.4529202 0.03280812
0.4907863 0.03313244
0.5986224 0.03082649
0.6095075 0.03125307
0.6299936 0.03073549
0.5715349 0.03141012
0.5537377 0.02950797
0.5441655 0.0321677
0.4571285 0.03598724
0.5178314 0.0350607
0.5134244 0.03714019
0.5304622 0.03514388
0.5140544 0.03723007
0.5175713 0.03906536
0.6235685 0.03791865
0.6689616 0.03986332
0.5987402 0.03898336
0.572925 0.03932633
0.5421193 0.03718306
0.5140367 0.03497623
0.5384081 0.03604248
0.5520484 0.03743792
0.5542922 0.03646435
0.5627716 0.0366025
0.5348602 0.03481124
0.5154162 0.0344451
0.5991036 0.0327179
0.617063 0.02986722
0.6245458 0.03394135
0.6344735 0.03487558
0.5683426 0.03776874
0.5614063 0.03779975
0.587356 0.03717774
0.605832 0.03384323
0.5741465 0.03405146
0.5791351 0.03647533
0.5948854 0.03743804
0.5849044 0.04054025
0.5344624 0.0432474
0.5759318 0.04067961
0.6538716 0.0417108
0.6670534 0.03951189
0.6869182 0.03959361
0.6467535 0.03897136
0.6207688 0.04085152
0.5433077 0.04413863
0.4620475 0.04360302
0.3883947 0.04084657
0.3224339 0.04493626
0.339039 0.04583547
0.3846837 0.04384972
0.4318851 0.04654349
0.4215426 0.04670766
0.3913953 0.04888998
0.4156921 0.05065797
0.4568015 0.0488446
0.4866656 0.05247992
0.4062931 0.05502636
0.3555135 0.05245174
0.4040105 0.04944984
0.4366285 0.04551548
0.472533 0.04373523
0.5361307 0.04581782
0.4434507 0.0519064
0.4532449 0.05614028
0.4020841 0.05720124
0.365467 0.0573482
0.3642889 0.05604476
0.4535132 0.05097452
0.4257283 0.04957024
0.5418794 0.04400874
0.5086895 0.0439266
0.5247265 0.04310905
0.5272674 0.04104234
0.5327872 0.03881229
0.5425252 0.03932744
0.555182 0.03941463
0.5757456 0.03967125
0.5840527 0.03927764
0.5062745 0.04405768
0.4967203 0.040877
0.4837587 0.04200778
0.5441593 0.04178536
0.5567651 0.04587008
0.5072694 0.04466185
0.5115991 0.04821486
0.4242836 0.04622415
0.4303999 0.04379143
0.443057 0.04216419
0.3802306 0.04348693
0.4533864 0.03957942
0.4849509 0.0405681
0.4323915 0.04296824
0.4134464 0.04518876
0.5060481 0.04727273
0.5091633 0.04590725
0.5148742 0.04860839
0.50374 0.04774856
0.4307766 0.04844182
0.4193645 0.05041317
0.4136576 0.05236255
0.3594469 0.05130934
0.3681837 0.05053905
0.410904 0.05013638
0.3553917 0.05111532
0.4043063 0.05074225
0.3781197 0.05219346
0.3814051 0.05066043
0.3616963 0.04697638
0.3097028 0.05094404
0.3440214 0.05181228
0.3378608 0.05086155
0.3904506 0.05210136
0.4309829 0.04836845
0.5030055 0.04885307
0.4979199 0.0463135
0.4950149 0.04469441
0.411023 0.04543058
0.3606166 0.04491025
0.3289374 0.04241358
0.3997888 0.04425616
0.3401545 0.04240731
0.3103874 0.0447095
0.4013322 0.04167748
0.3863182 0.04182121
0.3320312 0.03887111
0.3355972 0.03955393
0.3562779 0.04282723
0.4111496 0.03700774
0.427362 0.03981957
0.4197805 0.03951133
0.464079 0.03417178
0.4932106 0.03382456
0.4885027 0.03245781
0.5599653 0.0302936
0.4935442 0.02951729
0.4990373 0.02895617
0.6272433 0.02931706
0.563776 0.03125452
0.5670421 0.03127075
0.6907182 0.03248571
0.7136305 0.03406273
0.6645294 0.03307208
0.6245638 0.03197073
0.6372102 0.03394643
0.6069582 0.03536413
0.6088875 0.03294307
0.6484974 0.03208138
0.6787532 0.02968672
0.6494939 0.0291847
0.6287771 0.02840632
0.5943389 0.03179564
0.4995991 0.03348858
0.5367748 0.03405663
0.4460661 0.03593001
0.3897493 0.03563212
0.3549528 0.03462672
0.3432461 0.0332103
0.3537074 0.03201551
0.3623806 0.03172391
0.4640865 0.03269144
0.5226664 0.03047129
0.5604335 0.03030952
0.6007237 0.03343839
0.5629373 0.03362319
0.5681213 0.03470546
0.5518925 0.03073519
0.6015027 0.03064972
0.5705646 0.03133957
0.5793959 0.02919332
0.5614685 0.02784718
0.5777109 0.02621073
0.6393856 0.02671097
0.6455348 0.02530493
0.6313627 0.02325888
0.6238164 0.02498782
0.630518 0.02503505
0.6482303 0.02495201
0.6671102 0.02639125
0.6120396 0.02570193
0.6012325 0.02584529
0.6130441 0.02404256
0.626683 0.02721366
0.6478064 0.02911679
0.5726021 0.02941143
0.548508 0.02824986
0.4936509 0.02915207
0.508826 0.03113363
0.5035541 0.03147311
0.5680452 0.03174785
0.5156895 0.03262622
0.5789224 0.03374944
0.6293964 0.03209515
0.6192631 0.03164605
0.6666497 0.03269417
0.6276798 0.0313032
0.5164107 0.03181442
0.4887753 0.03366791
0.5726474 0.03193913
0.4905084 0.03273322
0.4963699 0.0297771
0.5382546 0.02843833
0.4732301 0.02809255
0.5680605 0.02704955
0.5183428 0.02885915
0.5307162 0.02801706
0.5456613 0.03092127
0.5131803 0.03343083
0.5435963 0.03256604
0.5769118 0.02773214
0.5671005 0.0292358
0.5773831 0.02913742
0.5686229 0.02800349
0.6401113 0.02931345
0.6365147 0.02778432
0.6977045 0.02420983
0.6747738 0.02562582
0.6540216 0.02611653
0.6652232 0.02682674
0.6720033 0.02735224
0.631903 0.0253802
0.6077769 0.02620837
0.6891839 0.02718299
0.6676047 0.0259797
0.6445194 0.02577862
0.682151 0.02660067
0.7725913 0.02321459
0.7918757 0.02327645
0.7373051 0.02500058
0.7150475 0.02488556
0.6917731 0.02653651
0.6294156 0.02559354
0.653509 0.02453449
0.6456948 0.02342906
0.634453 0.02439367
0.5993167 0.02347878
0.604513 0.024957
0.6363588 0.02742044
0.6963937 0.02487556
0.5719493 0.02388083
0.5934427 0.02386926
0.5741196 0.02299447
0.5875368 0.02382097
0.6223281 0.02479374
0.6329502 0.02600966
0.6128348 0.02786042
0.551687 0.0289434
0.5039905 0.03051595
0.5315046 0.03243778
0.6121735 0.03119575
0.6376043 0.03401388
0.6735202 0.03259569
0.7087974 0.03141026
0.7446976 0.03639731
0.7433677 0.03394366
0.7809596 0.03723631
0.7526856 0.03574855
0.7080418 0.03311303
0.6646917 0.03333367
0.6451124 0.03235674
0.6212283 0.03403503
0.5752429 0.03222652
0.5343449 0.03783577
0.5372799 0.03857662
0.4195005 0.03863092
0.4776431 0.04108831
0.4395857 0.04260466
0.5366496 0.04823503
0.5545033 0.05197687
0.5712896 0.05416184
0.5620903 0.06084673
0.4937044 0.05780312
0.469379 0.05172631
0.5380831 0.05375645
0.3923418 0.05251413
0.4292313 0.05522295
0.3820483 0.04821926
0.4166677 0.04775368
0.4754697 0.04969093
0.4930761 0.05063183
0.5305553 0.04926317
0.6110634 0.0474584
0.5293694 0.05286307
0.5480899 0.04976185
0.5720678 0.05167448
0.5335128 0.04749494
0.5075811 0.04823445
0.5712883 0.04757184
0.5999503 0.04483995
0.5875776 0.04843175
0.6088834 0.04861048
0.5527681 0.04758942
0.6009283 0.04627518
0.4739582 0.04689241
0.4830772 0.04414618
0.5141015 0.04305033
0.3930699 0.04281649
0.3286709 0.04275696
0.345665 0.04460553
0.3699185 0.04839215
0.4774563 0.0465232
0.5519025 0.04806172
0.5313931 0.04823401
0.498394 0.05188774
0.4255817 0.04923747
0.4359373 0.04665812
0.40164 0.04762968
0.396265 0.04700217
0.3661371 0.04483209
0.4196366 0.04238698
0.4232979 0.04199441
0.3957175 0.04037219
0.3372665 0.04103765
0.3164456 0.04178186
0.3268332 0.04108977
0.3519914 0.04239234
0.3886793 0.041478
0.4395513 0.03812809
0.4334438 0.03956576
0.4494537 0.04040312
0.3881892 0.03975126
0.3690054 0.03728073
0.3459428 0.04106055
0.4003645 0.04381451
0.3909957 0.04630179
0.3387158 0.04782357
0.3752596 0.04781624
0.277419 0.04975642
0.2673424 0.04644181
0.2748279 0.05082684
0.3682078 0.04917213
0.333106 0.05017108
0.3220135 0.04406791
0.3740654 0.04588267
0.3608578 0.04784545
0.3808299 0.05088376
0.4417871 0.05400305
0.3973558 0.05227368
0.4626686 0.05591214
0.4605537 0.05797754
0.453671 0.05641663
0.4528771 0.0577002
0.4739549 0.05884181
0.5239786 0.05966472
0.4785234 0.06216487
0.4654318 0.06784918
0.4043946 0.06786296
0.3781186 0.06693579
0.3679122 0.06296474
0.3673049 0.06542194
0.3446653 0.06740746
0.3910679 0.06807392
0.385346 0.06733579
0.3327259 0.06992584
0.2947657 0.079901
0.2985096 0.08213194
0.3280277 0.07911597
0.3587086 0.07981425
0.3948498 0.08078789
0.3064624 0.07292835
0.334939 0.08031036
0.3090477 0.08280901
0.2387716 0.08318389
0.2172427 0.08517104
0.2144668 0.08665415
0.2125929 0.09329885
0.2769448 0.08682276
0.2826576 0.09341401
0.3220675 0.09326351
0.3006425 0.1006193
0.3008763 0.1025417
0.281113 0.09640004
0.3285983 0.09644787
0.2894703 0.08586312
0.2508665 0.08717417
0.2800405 0.08031928
0.3502347 0.07591031
0.3150767 0.07608409
0.2909841 0.08038061
0.317779 0.07553449
0.3007251 0.0822348
0.3461529 0.08883845
0.2658772 0.08286346
0.2645118 0.09260089
0.3050652 0.09203393
0.3090361 0.09157672
0.3480895 0.09174675
0.3435564 0.08879287
0.366811 0.08758993
0.4378251 0.08257672
0.3965617 0.08523083
0.3607414 0.08304365
0.3057455 0.08579724
0.3149068 0.08803637
0.3190279 0.08495428
0.3059064 0.08362944
0.2879409 0.0838802
0.2627024 0.08126624
0.234316 0.08723261
0.2025294 0.08550868
0.1537421 0.08737737
0.1601267 0.08694575
0.1674995 0.08746622
0.1914546 0.09181359
0.2546532 0.08745428
0.2351612 0.08894922
0.203774 0.08276963
0.1962522 0.08014557
0.2231909 0.08339649
0.2084839 0.08964511
0.2271312 0.1039723
0.1946343 0.1030164
0.1857075 0.1108408
0.179236 0.1037199
0.1337157 0.1081766
0.1538352 0.09967881
0.1598399 0.1031768
0.2567874 0.09760911
0.3005179 0.1004507
0.3152693 0.1052761
0.3209445 0.100128
0.2528744 0.09877384
0.1995159 0.1017205
0.1512201 0.1060969
0.1788796 0.1029067
0.267845 0.09044965
0.2915637 0.0859109
0.2587572 0.08272527
0.2558054 0.08184815
0.2642524 0.07875494
0.3058472 0.07764768
0.3110015 0.08074184
0.2681136 0.08359227
0.2485308 0.08763194
0.2086359 0.09306658
0.184356 0.09806079
0.1608923 0.101129
0.1314669 0.09921342
0.1405311 0.1081473
0.1307454 0.1057687
0.1276492 0.09726899
0.1387682 0.1082827
0.1522408 0.105673
0.1523124 0.1019323
0.1153908 0.1006773
0.148166 0.1092424
0.150908 0.1044527
0.1789124 0.1090483
0.1323518 0.1123853
0.1379572 0.1117865
0.2240141 0.1190133
0.1690992 0.1128601
0.1887939 0.1219833
0.2062901 0.1250245
0.2332648 0.1228045
0.2224072 0.1294098
0.2362734 0.1323314
0.1504377 0.1382772
0.1670281 0.1311687
0.2239263 0.1257405
0.2150489 0.1294056
0.197019 0.129738
0.1522633 0.1195021
0.1492999 0.1195499
0.23573 0.1145739
0.2303798 0.1178532
0.2227518 0.10817
0.2526339 0.114706
0.267352 0.1044126
0.2395084 0.1006757
0.2537661 0.1046468
0.3021537 0.1061765
0.327548 0.1015251
0.3334408 0.1032556
0.3247236 0.0985389
0.3490038 0.08531571
0.3405903 0.08422364
0.3308285 0.08137319
0.3246465 0.08660975
0.2631697 0.09705706
0.2573062 0.09327603
0.2540147 0.09593504
0.301911 0.09201027
0.2522194 0.08976363
0.2695044 0.09032815
0.2482624 0.08931414
0.2662934 0.09480789
0.2848839 0.09113754
0.3197908 0.08632725
0.3420007 0.08442855
0.3645226 0.09188806
0.3529625 0.08648293
0.3654549 0.07781159
0.3854652 0.07678742
0.3645223 0.08386889
0.3630783 0.08509114
0.3084195 0.08923935
0.2578619 0.09000372
0.2902778 0.09257539
0.2870733 0.09545532
0.3146875 0.09461199
0.2770697 0.1036769
0.2326657 0.09690155
0.2297239 0.09352427
0.2236065 0.08431899
0.2559308 0.07643772
0.2490182 0.0731675
0.2894778 0.07696504
0.3080411 0.08060268
0.3000266 0.07759546
0.311997 0.07483883
0.291419 0.07917068
0.369774 0.07968403
0.3607764 0.08827496
0.3486437 0.09017762
0.3830145 0.08300312
0.4070839 0.08459128
0.422459 0.07622085
0.3930654 0.07475625
0.3471084 0.07769517
0.3122766 0.08004747
0.2795941 0.08157797
0.2788289 0.0822166
0.3577047 0.08547409
0.3709135 0.08965777
0.4039144 0.08773801
0.4037008 0.08071166
0.4219605 0.08020341
0.3896377 0.08061031
0.3777354 0.07629147
0.3542243 0.07900558
0.3203376 0.07576582
0.269023 0.07407656
0.1910733 0.07299086
0.2111879 0.06561702
0.1856115 0.06190593
0.2840465 0.05509809
0.321022 0.05732093
0.2773314 0.05985762
0.3298515 0.06172449
0.379273 0.05376791
0.2690331 0.05720471
0.258189 0.05879963
0.2366464 0.06193352
0.2368444 0.06016557
0.3113263 0.06338654
0.2992495 0.05828209
0.4212221 0.06408045
0.4197367 0.0618088
0.4633766 0.06298867
0.4402648 0.06174544
0.4215905 0.06108289
0.3763692 0.05972697
0.3565471 0.06131605
0.2885785 0.06173711
0.290331 0.06587348
0.3269249 0.06346184
0.3155199 0.06321249
0.3485894 0.0615074
0.4321356 0.05890369
0.4172664 0.05586109
0.4033542 0.05988857
0.4666853 0.05906855
0.4999891 0.05671582
0.5295445 0.06252267
0.6063908 0.06435805
0.576306 0.06815545
0.5638651 0.06022693
0.5325739 0.06032106
0.5290565 0.0620312
0.5565124 0.06280922
0.4681097 0.06216999
0.4464662 0.05931103
0.4754642 0.05565698
0.4538262 0.05900458
0.419852 0.05073644
0.414655 0.05102508
0.454238 0.05159858
0.501163 0.04984042
0.4850344 0.04647744
0.5267562 0.04126437
0.5352107 0.0407233
0.6218844 0.04491884
0.6462544 0.04326674
0.6638664 0.04393143
0.6376182 0.03689649
0.585086 0.03422672
0.6787952 0.03475228
0.6068672 0.03384384
0.6394973 0.03296075
0.6399074 0.03651568
0.5464297 0.0365038
0.52853 0.03711206
0.5252073 0.03806789
0.5202839 0.03948187
0.468211 0.04164944
0.4706311 0.03934012
0.4219501 0.04168709
0.4272568 0.04734423
0.4558046 0.04529555
0.3895444 0.04184029
0.3690618 0.04236042
0.433602 0.04529209
0.4165504 0.04430639
0.3959493 0.04520574
0.5070465 0.04603563
0.5239753 0.04514652
0.5907825 0.04562825
0.7029308 0.04403873
0.6403736 0.04079717
0.5802753 0.03697316
0.616273 0.03916632
0.6033843 0.03746435
0.6199927 0.03469749
0.6278571 0.03734875
0.5603008 0.03361544
0.5269729 0.03272809
0.5910063 0.03539399
0.5589071 0.03233642
0.6346076 0.03443214
0.6023117 0.03356569
0.5587549 0.03361197
0.5099625 0.03307249
0.5157097 0.0331395
0.496129 0.03371249
0.5504964 0.03264103
0.597922 0.03019994
0.5606757 0.02849733
0.5516275 0.03042696
0.5292131 0.02988872
0.5468323 0.02792894
0.6329502 0.02615473
0.6189475 0.02478514
0.5813145 0.02668611
0.5737943 0.02504796
0.5289621 0.0276688
0.5575131 0.02568908
0.4730948 0.02808699
0.4590505 0.02967241
0.5278044 0.02852241
0.5267871 0.02885066
0.5910371 0.03242292
0.544139 0.0349794
0.5593184 0.03545796
0.5939096 0.03337864
0.5602454 0.03262311
0.5530248 0.02952964
0.5682951 0.02775241
0.6085606 0.02792637
0.6060273 0.02786025
0.5568189 0.02605516
0.52011 0.02530127
0.6035531 0.02523052
0.6997583 0.02449308
0.6111206 0.02630825
0.6749904 0.02464311
0.5448869 0.02659768
0.5730246 0.02670201
0.5554154 0.02987814
0.4629217 0.03090153
0.5546495 0.03010047
0.5462254 0.03209329
0.5618911 0.03348643
0.5328104 0.03482285
0.5303498 0.03395374
0.56456 0.03260723
0.566607 0.03389329
0.6056919 0.03321575
0.6162008 0.03644625
0.596866 0.03497348
0.6178968 0.0382187
0.5700315 0.03770738
0.5356649 0.03508751
0.5640296 0.0334362
0.5343665 0.03501938
0.540994 0.03468139
0.5671751 0.03607559
0.5081149 0.0381798
0.4528104 0.03626059
0.4248409 0.03559979
0.4430654 0.03402139
0.3882083 0.03327295
0.367199 0.04000942
0.3612175 0.03987161
0.3944347 0.03723091
0.4490002 0.03748678
0.4392559 0.03638406
0.3857383 0.03769572
0.3366367 0.04211652
0.3216892 0.04285371
0.3209354 0.0468944
0.2719939 0.0484112
0.2997547 0.04642632
0.2783658 0.04589966
0.2898746 0.04476269
0.2792154 0.04875659
0.2753264 0.05284161
0.2260742 0.04876952
0.2019672 0.04650588
0.2370164 0.04620273
0.2586182 0.04278262
0.3259302 0.04436601
0.3501021 0.0456966
0.3863768 0.04232018
0.3559579 0.04373371
0.3433479 0.04706169
0.3625088 0.04864819
0.3487105 0.04799418
0.3758779 0.04971236
0.3351755 0.04526393
0.353196 0.04935717
0.4398375 0.05061642
0.4615296 0.04977384
0.4224756 0.05305498
0.4044047 0.05626613
0.4806116 0.05291541
0.4667697 0.05308578
0.4716688 0.05664762
0.4402936 0.05647108
0.4083614 0.05698449
0.4071367 0.05550052
0.3092724 0.05956226
0.2618802 0.05507929
0.3352462 0.05601457
0.3579967 0.05822423
0.2992011 0.05758452
0.3218661 0.06365331
0.3742212 0.06775484
0.3705913 0.06820172
0.3066727 0.07223188
0.3134027 0.08373367
0.3048267 0.09530066
0.328506 0.0948957
0.2581918 0.09255671
0.3256019 0.09166122
0.2969882 0.08852571
0.2907945 0.08136122
0.2636478 0.07871297
0.27782 0.07700018
0.2184628 0.07568725
0.1705475 0.07497981
0.1492611 0.07087887
0.1985756 0.06687
0.2715118 0.06627991
0.3730652 0.06579961
0.3732367 0.07112617
0.2985429 0.07447317
0.2688124 0.06989862
0.276899 0.06514172
0.335457 0.0654061
0.3493957 0.06736453
0.4603667 0.06402613
0.4829428 0.06393743
0.4146363 0.0589523
0.3909412 0.05490947
0.3323176 0.05528016
0.3370963 0.05133818
0.3622405 0.04918264
0.4178102 0.04818774
0.4469498 0.05168176
0.4601077 0.05052764
0.4532373 0.05129288
0.4665017 0.0502416
0.4622574 0.0481191
0.5120966 0.050557
0.5145394 0.05225745
0.5267912 0.0565093
0.4793266 0.05731483
0.4033845 0.05558281
0.384437 0.04995161
0.4262171 0.04808697
0.422591 0.04650656
0.4557311 0.044165
0.4752219 0.04678279
0.3971527 0.04683357
0.3451422 0.04583658
0.4118103 0.03953144
0.4732366 0.03674421
0.4808794 0.03789423
0.4167471 0.04007883
0.3733558 0.0416229
0.4152254 0.04345765
0.4188658 0.04714133
0.3704265 0.05041819
0.3962948 0.05761566
0.3792279 0.05818342
0.3936468 0.06196165
0.3978612 0.05899478
0.3345387 0.06412044
0.3403778 0.07525621
0.3618941 0.07488552
0.3770496 0.07838472
0.3959227 0.07268437
0.3855376 0.08100145
0.3756417 0.08286375
0.3792466 0.08032519
0.3110572 0.08421037
0.296267 0.08338267
0.3198214 0.08451322
0.2945778 0.08443459
0.2966847 0.07767401
0.2814443 0.07992056
0.2690182 0.08188729
0.2719786 0.08301512
0.2268835 0.07976208
0.2641697 0.06852215
0.2274861 0.07597361
0.2790615 0.06929401
0.3396632 0.07264003
0.3388877 0.07287566
0.3513867 0.0692731
0.3561179 0.0738958
0.2659088 0.06718349
0.2633848 0.06641831
0.2975672 0.06867374
0.2402051 0.07552225
0.2036567 0.07071525
0.2166558 0.0739177
0.249753 0.07065712
0.1617082 0.07622018
0.1291412 0.08173766
0.1518982 0.07860708
0.2345527 0.08418351
0.2249393 0.07481472
0.2399373 0.07277915
0.2426148 0.06430074
0.2744253 0.06586805
0.2576475 0.06904336
0.243671 0.06942364
0.236085 0.06707241
0.2964416 0.06981701
0.344098 0.06327259
0.3547 0.06958397
0.3563273 0.07154774
0.3869994 0.06809293
0.4062938 0.07151315
0.4048958 0.0688942
0.4204928 0.07010032
0.4782318 0.07168777
0.386712 0.07110082
0.3601413 0.06654964
0.3984712 0.06327783
0.4906554 0.06319645
0.4880089 0.06313897
0.4548695 0.06852484
0.3607573 0.06721279
0.2859973 0.05933819
0.2117418 0.05937069
0.2157481 0.05054167
0.2777997 0.05711807
0.2730378 0.05672772
0.3240645 0.0569507
0.3106435 0.06192331
0.319612 0.07033382
0.3068546 0.07207946
0.2718716 0.0701916
0.3318159 0.07229484
0.2712771 0.07460741
0.272258 0.08056532
0.2364037 0.08208558
0.2486458 0.08874968
0.3464607 0.09244882
0.3197967 0.08716943
0.3583399 0.08752363
0.3660375 0.0903545
0.347672 0.09158547
0.3094524 0.09096636
0.2990364 0.09318763
0.2628164 0.09946734
0.2303662 0.09956513
0.2969015 0.08687196
0.3601818 0.08673205
0.336279 0.09251794
0.3174721 0.08742374
0.2848518 0.0933216
0.2944124 0.090421
0.2800968 0.08538564
0.3051786 0.08295461
0.2664097 0.0774482
0.2740151 0.07123161
0.3155693 0.07342755
0.2920652 0.07452259
0.2707687 0.06765881
0.3263601 0.06906577
0.2530209 0.06959153
0.2687288 0.06905509
0.280383 0.07252468
0.2858895 0.07054293
0.3070425 0.0667119
0.3640311 0.06682496
0.3592807 0.0655276
0.3917398 0.05884844
0.4210867 0.05843016
0.4033109 0.0613007
0.4515074 0.05858619
0.4269662 0.05935535
0.4945737 0.05884777
0.4602617 0.06103689
0.4223835 0.06396625
0.3800614 0.06856882
0.4053107 0.07089174
0.3943594 0.07314764
0.3797292 0.06848719
0.3593141 0.06762842
0.2871495 0.05933859
0.3027764 0.05619551
0.3039594 0.04974314
0.3351577 0.04787527
0.381175 0.04512468
0.3335462 0.04266643
0.4040799 0.04537891
0.4498668 0.04867844
0.4940492 0.04858331
0.5275122 0.04707111
0.5862139 0.05122117
0.5675212 0.05438105
0.5622445 0.05486733
0.5316367 0.05665373
0.4064566 0.05752725
0.40523 0.05608722
0.4511625 0.05868046
0.4598936 0.05791411
0.4688155 0.06116166
0.4820281 0.05666243
0.4935947 0.05765435
0.4921648 0.06003968
0.5341073 0.06509468
0.5325449 0.06524104
0.5083988 0.05706462
0.473577 0.05720688
0.5244661 0.05824462
0.5603009 0.05618863
0.4859268 0.06016498
0.4569479 0.05742163
0.3462034 0.05267396
0.3530472 0.05284792
0.3215206 0.05328989
0.3336046 0.05892432
0.3110586 0.05869993
0.2729146 0.06042108
0.2884926 0.0588261
0.2834202 0.05915368
0.2805786 0.05884688
0.2585346 0.06344188
0.2895378 0.06661314
0.3055233 0.06443988
0.2890403 0.06237675
0.2800455 0.06026227
0.2655358 0.05979933
0.2893084 0.05564415
0.26226 0.06116882
0.2536775 0.06051554
0.2224648 0.05907092
0.2339771 0.06091685
0.274306 0.06984529
0.2738594 0.07048415
0.2900145 0.06595722
0.2646771 0.0674562
0.2725662 0.06527983
0.3330793 0.06491182
0.3131551 0.06338825
0.3725246 0.0660493
0.4019248 0.06372031
0.4048704 0.06189082
0.3265229 0.06013954
0.3446729 0.05840105
0.4200673 0.06098471
0.4204413 0.06327573
0.3985297 0.06555004
0.4006472 0.05970946
0.3971546 0.05868986
0.3557082 0.055357
0.3617478 0.05216712
0.3654406 0.05209559
0.3258346 0.04827604
0.3382341 0.04545355
0.3394417 0.04598766
0.3379994 0.04636546
0.4446581 0.04641419
0.4808834 0.04894374
0.4170157 0.04980146
0.3965401 0.04699718
0.3628072 0.0440227
0.3721527 0.0465168
0.2683269 0.04767721
0.3059084 0.05210224
0.3050629 0.0530064
0.3409278 0.04753327
0.3337127 0.04877791
0.3885357 0.05490891
0.4155324 0.05722929
0.4622878 0.05371451
0.3715398 0.04825821
0.4189343 0.04951822
0.4547576 0.0518582
0.4331213 0.05481692
0.3741943 0.05652391
0.386619 0.05696843
0.3899041 0.0574106
0.3227162 0.05958562
0.303219 0.06783955
0.2694758 0.0653604
0.3009631 0.06818252
0.3491755 0.07086745
0.3320745 0.07519668
0.3239533 0.07582155
0.3354115 0.07215566
0.333231 0.07275108
0.2922075 0.07893776
0.3073737 0.07562297
0.3411557 0.07935846
0.3352034 0.07858409
0.2885598 0.07072952
0.2397619 0.06867251
0.277084 0.07282155
0.2968795 0.06977231
0.3350402 0.06919347
0.4453387 0.07523893
0.3237816 0.07126802
0.3470013 0.07557227
0.3590767 0.07394328
0.3673322 0.07740608
0.2910921 0.07577497
0.2937711 0.07194656
0.2327192 0.07429827
0.2141188 0.07716061
0.2370242 0.07175614
0.1846751 0.08033191
0.1619575 0.08045243
0.2150335 0.07722832
0.2695051 0.07861486
0.227654 0.08274091
0.2383746 0.08086458
0.2944927 0.07671145
0.2877138 0.0708519
0.3505512 0.07134571
0.3430299 0.07664446
0.2884999 0.07058546
0.279925 0.06848062
0.3221903 0.06952698
0.3404411 0.0667268
0.3582814 0.06493944
0.2859132 0.06756149
0.3073263 0.06888573
0.3241033 0.07274049
0.3002267 0.07432649
0.3566587 0.0722479
0.3424491 0.07310576
0.3953363 0.06813591
0.4102079 0.06825417
0.3581069 0.07339979
0.3449108 0.06953066
0.3656337 0.07225557
0.4035462 0.06949551
0.3809009 0.06829362
0.26727 0.06582984
0.2951271 0.06639881
0.3499508 0.0699286
0.314557 0.07199991
0.3367185 0.07460153
0.3341873 0.08258028
0.2830122 0.08664974
0.321258 0.07875306
0.4477567 0.07131749
0.4393976 0.06306869
0.420027 0.05955192
0.3462226 0.05965793
0.3146648 0.06023695
0.3249061 0.05750716
0.3623318 0.05313432
0.3183443 0.05190939
0.3333871 0.05479094
0.3719155 0.05356476
0.3235454 0.05720426
0.3145167 0.05854451
0.2784912 0.0592259
0.3334967 0.06244717
0.3189576 0.05825489
0.3237851 0.05406654
0.3093455 0.05391815
0.3149054 0.04780099
0.4023285 0.04553928
0.4258098 0.04474057
0.431459 0.04614308
0.3969135 0.04440012
0.4170119 0.04635721
0.4597956 0.05147916
0.4388822 0.05440976
0.4498435 0.05391266
0.4285204 0.05041244
0.4402641 0.05059577
0.5154306 0.05091704
0.5260873 0.04996603
0.3888498 0.04760446
0.3464329 0.04620073
0.367327 0.04763804
0.3698597 0.05035939
0.4280903 0.05271061
0.4106189 0.05194642
0.3714409 0.05133282
0.3361679 0.05262089
0.3133404 0.05082496
0.2601793 0.05065674
0.294789 0.04924213
0.221912 0.04624803
0.2489656 0.04907722
0.326309 0.0507522
0.3304112 0.05251128
0.4006297 0.05442528
0.4213668 0.05249178
0.3854903 0.06060527
0.4516226 0.05605597
0.4149134 0.04969387
0.352691 0.04580607
0.4305632 0.04836938
0.4643718 0.05155733
0.490953 0.04881587
0.4152576 0.04564317
0.3539974 0.04246655
0.3164177 0.0443061
0.3638443 0.04369087
0.309243 0.04665964
0.3234363 0.04947553
0.2751376 0.05107172
0.3336216 0.0474241
0.3438842 0.04919293
0.3621681 0.0541962
0.315586 0.05691713
0.3592574 0.05726872
0.3715849 0.05839287
0.264993 0.06484199
0.3247443 0.0708791
0.3162257 0.06885429
0.3644336 0.06853772
0.3813026 0.06979766
0.322147 0.06620592
0.3531662 0.07120094
0.4407096 0.07113412
0.3436798 0.06616975
0.4045548 0.06531715
0.3666384 0.06416667
0.4027151 0.06535474
0.439673 0.06377453
0.363049 0.06006739
0.397339 0.05887953
0.38925 0.06086257
0.401419 0.0660158
0.3761496 0.06016633
0.4020159 0.06371749
0.4682098 0.05723675
0.4027052 0.05384314
0.4060511 0.05668052
0.4173219 0.05607446
0.4723716 0.05973546
0.446283 0.05782379
0.4178528 0.05297141
0.4446675 0.05491008
0.47676 0.05062351
0.4330298 0.046701
0.4688561 0.04900999
0.4601321 0.04905479
0.4440119 0.04958024
0.5116196 0.04760911
0.5262666 0.04532673
0.4853084 0.04675161
0.5405399 0.04867653
0.4886224 0.04911464
0.4393491 0.04709174
0.499596 0.04527651
0.5974078 0.04761295
0.5910955 0.04291308
0.4814099 0.0395387
0.4874385 0.04261249
0.4688899 0.0403813
0.5205118 0.03827006
0.5924079 0.03272334
0.6645452 0.0323947
0.6993373 0.02999307
0.7144425 0.03174885
0.6843347 0.03120222
0.7186278 0.03228213
0.6409315 0.03356484
0.6655458 0.03499956
0.6002656 0.03437634
0.609266 0.03145282
0.5008235 0.02918285
0.503816 0.02758387
0.4834377 0.02708042
0.4091698 0.02682412
0.4547588 0.02870441
0.5063824 0.02567069
0.4365078 0.02615912
0.4272743 0.02531057
0.3781828 0.026043
0.3406381 0.0275894
0.4082271 0.02611398
0.4352536 0.02795428
0.4475031 0.03073781
0.4423487 0.03245579
0.4450049 0.02949589
0.4686255 0.03005706
0.4471129 0.03160525
0.4866967 0.03202615
0.500959 0.03375628
0.4719509 0.03344685
0.5417632 0.03475122
0.5789397 0.03646835
0.5804723 0.03804593
0.4939433 0.04471089
0.4307813 0.04326624
0.4475143 0.04553519
0.3761542 0.04686745
0.3712059 0.04619804
0.3588171 0.04847065
0.3781187 0.05073215
0.3472687 0.05356331
0.3657375 0.05509692
0.3045313 0.05836245
0.3457468 0.0602182
0.3147209 0.05928981
0.339787 0.05778827
0.4424348 0.05620539
0.5147102 0.06080677
0.5085006 0.05673234
0.4599278 0.05613053
0.4894039 0.05116638
0.4829863 0.05432204
0.5600874 0.05062446
0.5445742 0.04673356
0.5279212 0.04583906
0.4321121 0.04657079
0.4005811 0.0483066
0.4111879 0.04445554
0.4298986 0.04630338
0.3891318 0.04751137
0.3528357 0.04669116
0.364074 0.04467667
0.3093392 0.04513395
0.3282925 0.04833983
0.2812939 0.04887539
0.3127561 0.05015556
0.2969887 0.05041552
0.295736 0.05037449
0.3139924 0.05283805
0.3096422 0.05244568
0.3437624 0.04828487
0.3267658 0.04877023
0.3225904 0.04955565
0.3924211 0.04564761
0.3200129 0.04847277
0.3483137 0.04732035
0.2976389 0.04793621
0.2223538 0.0526021
0.2389681 0.05256863
0.3069357 0.04954918
0.3656907 0.05175513
0.34707 0.0483809
0.3806868 0.05254153
0.381437 0.05339579
0.3786601 0.05600418
0.3178063 0.06140378
0.347415 0.05989596
0.3542229 0.06044554
0.421623 0.06183049
0.4387266 0.0649797
0.46164 0.06559013
0.4322936 0.06867947
0.3718793 0.06726778
0.4220631 0.07183635
0.311395 0.07550819
0.2914222 0.08370484
0.2982902 0.08019413
0.2621319 0.0775453
0.2650556 0.07325453
0.279846 0.0698945
0.2992911 0.07184776
0.3343053 0.07202401
0.3343343 0.06595818
0.278116 0.06982695
0.31376 0.06028947
0.2761028 0.06480238
0.2274428 0.06741671
0.2449622 0.07486041
0.2561471 0.07422248
0.2790307 0.07784134
0.2697001 0.08029737
0.274133 0.0795376
0.2853105 0.07736724
0.3029742 0.0781212
0.2836898 0.07738344
0.318675 0.07622302
0.3798049 0.07239416
0.4322284 0.06776083
0.4403777 0.06463529
0.4427975 0.06008205
0.449359 0.06120317
0.4176414 0.06292036
0.4020785 0.06274111
0.3412463 0.06829046
0.3698037 0.07487937
0.3165165 0.07380377
0.3875794 0.08043733
0.4153529 0.08349913
0.3631686 0.08897524
0.3215901 0.08202844
0.3507281 0.08487574
0.3428538 0.08514263
0.3519783 0.08270477
0.3681413 0.09253121
0.3100725 0.09585767
0.2731567 0.09182104
0.2849152 0.09329463
0.3307007 0.09044565
0.2978569 0.08713409
0.3003219 0.08187244
0.2625766 0.0861191
0.3562504 0.08846943
0.3016254 0.08354451
0.3025912 0.08296859
0.2427485 0.08617656
0.2762233 0.0829416
0.332354 0.08636845
0.2915849 0.08814104
0.2733257 0.08849314
0.2904885 0.09334866
0.2610351 0.09108808
0.2925309 0.08105431
0.2670783 0.07333123
0.2474113 0.07611859
0.2493136 0.07802072
0.2317303 0.08438335
0.2857481 0.07664109
0.3145565 0.07285509
0.326256 0.06667721
0.3408499 0.07811367
0.3728733 0.07351752
0.3406374 0.07519495
0.3266477 0.0656657
0.3364208 0.0639787
0.341072 0.06530222
0.3027748 0.06324158
0.3308607 0.0653392
0.3413197 0.07220365
0.3904142 0.07414104
0.3066284 0.06795278
0.3163246 0.06951705
0.4064313 0.06789535
0.4465842 0.07305532
0.4356576 0.07654119
0.4388894 0.07926771
0.3883979 0.07883848
0.3887467 0.0819415
0.4315654 0.08032831
0.3842354 0.08051469
0.4393735 0.08347398
0.3350713 0.08838347
0.3286481 0.08333683
0.3108318 0.08131011
0.2790889 0.08166959
0.2675075 0.08260076
0.2368899 0.07974821
0.2518739 0.08191601
0.3103339 0.07621975
0.3951658 0.06969135
0.4451269 0.06432152
0.4164802 0.06688523
0.3522863 0.07090219
0.3382417 0.0710777
0.3545992 0.07388175
0.3902533 0.07823144
0.334759 0.0727554
0.3801012 0.08015038
0.3900584 0.07718006
0.3446893 0.08007773
0.3455826 0.07816569
0.3373697 0.08047862
0.3351337 0.08157912
0.3268013 0.08533634
0.4337346 0.08747707
0.3847271 0.08888716
0.3512682 0.08614434
0.3181941 0.08229828
0.3446635 0.07279554
0.3416182 0.08133807
0.357449 0.07598827
0.3702855 0.07506434
0.3450237 0.07101446
0.3101682 0.0739956
0.2874633 0.07566015
0.3212864 0.07820765
0.3012167 0.08312389
0.3269064 0.08634787
0.297611 0.08134342
0.2707019 0.07782936
0.3093601 0.07813128
0.2945339 0.07804761
0.2698344 0.08565078
0.2908901 0.08091249
0.3569668 0.08925319
0.3466569 0.08327286
0.3214889 0.08172845
0.357651 0.08926284
0.2883564 0.102923
0.2455111 0.09947885
0.2852775 0.1020809
0.3107928 0.09045787
0.2786276 0.08934763
0.2833946 0.09600248
0.2948462 0.09934024
0.2728755 0.09438081
0.2626516 0.09084991
0.2191025 0.08576355
0.2532875 0.09030994
0.2326204 0.08963066
0.2159073 0.09198253
0.192834 0.08891095
0.2217542 0.09279282
0.2409507 0.09995208
0.2431655 0.09644379
0.224627 0.09287026
0.3040621 0.09409705
0.299832 0.09603947
0.2681527 0.09607067
0.2135189 0.09206547
0.1460252 0.09768515
0.1748624 0.1039221
0.177762 0.1124394
0.2363326 0.116623
0.2207357 0.1147814
0.2747381 0.1185624
0.1652177 0.1310936
0.1872503 0.1250463
0.121671 0.1279581
0.1527199 0.1314915
0.19141 0.1264172
0.1679715 0.1294315
0.1174246 0.126062
0.1518383 0.1378879
0.1416843 0.1467179
0.1515583 0.1505301
0.1501225 0.141097
0.2058677 0.1399748
0.2663871 0.1321587
0.2286865 0.1308827
0.251412 0.13494
0.2655151 0.1159838
0.2802197 0.1266589
0.2165964 0.1211582
0.1701883 0.134738
0.1515398 0.1314714
0.1537783 0.1370081
0.1498124 0.1544212
0.1701116 0.1617158
0.1361496 0.1608189
0.1598702 0.16367
0.1886759 0.1575564
0.1493972 0.1683744
0.1905412 0.1499372
0.1170027 0.158
0.1262498 0.1600906
0.155308 0.1865111
0.1893155 0.2071628
0.1651158 0.2043848
0.1400298 0.1965317
0.2165275 0.2220463
0.1161611 0.2304283
0.1104054 0.2296519
0.1552472 0.2343879
0.1142981 0.2333883
0.1542286 0.2214105
0.1157765 0.211443
0.1303984 0.1918855
0.1862186 0.2012122
0.1745414 0.1960786
0.1686027 0.1998039
0.1632529 0.2103057
0.1665271 0.2101784
0.1805055 0.2100093
0.1729925 0.1992023
0.1862785 0.1910918
0.1837504 0.2013459
0.1915945 0.2035415
0.1388207 0.1979339
0.07393203 0.1891259
0.09918553 0.2044834
0.1292143 0.2162017
0.1331624 0.2249935
0.1607141 0.2324662
0.119957 0.2522802
0.1173431 0.2584699
0.09429044 0.2606926
0.05792861 0.2775984
0.04645041 0.2762291
0.0606906 0.2749101
0.0929205 0.2879089
0.07679271 0.2662985
0.09764843 0.260436
0.1194933 0.2550281
0.1585712 0.2557536
0.1542444 0.2451531
0.1122238 0.2629798
0.1068316 0.2668501
0.120111 0.2735619
0.0864916 0.2877262
0.08173294 0.2565299
0.1350591 0.2311463
0.1738915 0.2103997
0.1936816 0.2119337
0.2238812 0.1973215
0.1730185 0.2022545
0.1373945 0.206429
0.1912184 0.2166257
0.1693864 0.2126088
0.1639919 0.2200077
0.163378 0.2064324
0.1475056 0.1840582
0.1431791 0.178648
0.1504392 0.1882561
0.1429797 0.1967515
0.1338217 0.1834155
0.1556949 0.1766143
0.1767572 0.1798251
0.1856576 0.1958554
0.1378633 0.1779109
0.1418208 0.1863829
0.09969287 0.1841227
0.1000155 0.1843386
0.1432468 0.1693561
0.1706957 0.1738121
0.2106075 0.1627215
0.2164643 0.1686051
0.2112848 0.1647508
0.2282517 0.1541289
0.2045857 0.1332387
0.2011415 0.1255624
0.1130365 0.132045
0.1895802 0.1245176
0.2058339 0.1230752
0.2060355 0.1204278
0.2029081 0.1177094
0.2144325 0.1162104
0.2484242 0.1207726
0.1997807 0.124747
0.2089714 0.1253854
0.1726009 0.1270547
0.202087 0.1173203
0.1599246 0.127667
0.1691933 0.1320671
0.165419 0.1347257
0.2087662 0.1467063
0.226235 0.1470349
0.2552666 0.1521921
0.1668598 0.1533962
0.1754566 0.1537435
0.2057074 0.1490411
0.2063974 0.149631
0.2113186 0.142875
0.1411804 0.1269419
0.1645607 0.1298494
0.1590992 0.1285323
0.1462178 0.1296654
0.1822575 0.119549
0.1972063 0.1224891
0.1932207 0.1204463
0.1903735 0.116179
0.1657195 0.1242916
0.1449908 0.1134076
0.1763044 0.1098122
0.1633642 0.1174962
0.1721923 0.1275125
0.1303377 0.1223919
0.1913105 0.1158108
0.2213292 0.1273981
0.2534012 0.1364274
0.2038591 0.1445361
0.1871221 0.1518415
0.1481491 0.1409366
0.1910648 0.1355771
0.2235754 0.1272839
0.2229154 0.1215378
0.2178049 0.1269832
0.2125701 0.1205598
0.241023 0.121228
0.2083305 0.1093129
0.2158718 0.1061505
0.1368144 0.1171969
0.1769095 0.1156444
0.1955389 0.111323
0.2583414 0.1112997
0.2215499 0.1190774
0.2322396 0.1168228
0.263678 0.1308749
0.2325352 0.1196204
0.1740809 0.1184027
0.2213098 0.1119651
0.1600151 0.1039223
0.1740819 0.1066186
0.1520564 0.1075988
0.1585319 0.107439
0.1875616 0.1087812
0.1316952 0.106321
0.1684972 0.1181181
0.2199912 0.1210008
0.1910205 0.1105194
0.1664324 0.1117242
0.243839 0.11174
0.2049968 0.1090962
0.2137568 0.1017013
0.2322203 0.1074038
0.2192126 0.09993847
0.2027063 0.09998013
0.171869 0.1022139
0.1852575 0.1038245
0.203054 0.1023848
0.1703835 0.1110515
0.1440639 0.1215022
0.1309339 0.124878
0.132445 0.1272245
0.1172775 0.1235874
0.2030916 0.1196942
0.2355356 0.13408
0.2773589 0.1181986
0.2716911 0.1147451
0.2408022 0.1052898
0.2863256 0.1018341
0.2704597 0.09859659
0.3088069 0.09787185
0.2976949 0.08994883
0.3637009 0.09089273
0.3156623 0.08989518
0.2443271 0.09503617
0.2248055 0.09784005
0.2447918 0.108608
0.2903461 0.1141607
0.2109357 0.1077111
0.2021664 0.1093971
0.1222609 0.116787
0.1269438 0.1228085
0.1612539 0.1331603
0.2205302 0.1396381
0.2052544 0.143153
0.2151214 0.1488481
0.2477389 0.1579141
0.1754972 0.1698002
0.1500496 0.1621333
0.1640587 0.1494128
0.2073786 0.1344443
0.1803481 0.1360975
0.2162481 0.1315012
0.1356508 0.1272901
0.1604288 0.128419
0.1284407 0.127497
0.1298396 0.1366978
0.1133132 0.1423917
0.1323856 0.1184059
0.1638241 0.1125339
0.2027114 0.110454
0.2445307 0.1094386
0.3361227 0.1099451
0.3103539 0.1119417
0.2843334 0.1176587
0.3131516 0.1133928
0.2479752 0.1037508
0.2660388 0.09945023
0.2077434 0.09504941
0.1775983 0.1006226
0.2080338 0.09443179
0.213317 0.09417079
0.2387747 0.0883474
0.2804264 0.09707817
0.2885652 0.1013206
0.2944352 0.09727707
0.2796125 0.09597398
0.268189 0.09999125
0.2829342 0.1003328
0.3184834 0.1030004
0.4073269 0.09505561
0.3723922 0.09551294
0.3604999 0.09475244
0.3599672 0.09838158
0.426953 0.089533
0.4185543 0.09063167
0.3314658 0.09580863
0.3170279 0.0974218
0.3114118 0.09417882
0.2609986 0.09638202
0.2409402 0.09376166
0.2378326 0.09454147
0.2340794 0.1052592
0.1946609 0.1009837
0.2206134 0.09649917
0.2591048 0.09223148
0.2893249 0.08298672
0.2516282 0.08472169
0.2600005 0.08807371
0.2271236 0.07791955
0.3552961 0.07139858
0.3289569 0.06577742
0.3117048 0.07177162
0.3351774 0.07535216
0.3263368 0.0726612
0.4131093 0.06899763
0.3891914 0.06832139
0.3468628 0.07191176
0.3900764 0.07429682
0.3440314 0.06867848
0.3297985 0.06729474
0.3089491 0.06808631
0.2467263 0.06325809
0.2773209 0.06760749
0.3363227 0.0629881
0.3424008 0.06237186
0.4428421 0.05866459
0.4234594 0.06045667
0.3929418 0.06615578
0.3936526 0.06629844
0.4018278 0.06771002
0.4302474 0.06947589
0.3476096 0.06881927
0.3438213 0.0677047
0.2952505 0.06954241
0.324243 0.07050339
0.2993159 0.06993353
0.2888738 0.06710469
0.205873 0.06418984
0.1741761 0.06207064
0.2348922 0.06975217
0.2261519 0.0712367
0.2432656 0.06457136
0.228368 0.06941592
0.2604466 0.06500099
0.3323662 0.0705508
0.3709837 0.06076203
0.3922546 0.06576102
0.377456 0.06585311
0.4261792 0.06253907
0.4133126 0.05852957
0.3770562 0.05630858
0.3271124 0.05262985
0.3625778 0.04773762
0.3758153 0.05379872
0.3892419 0.05614926
0.3798406 0.06243084
0.3477811 0.05746698
0.3805628 0.05568148
0.3615532 0.05806349
0.4291661 0.04901082
0.4509099 0.04397222
0.4434777 0.04175548
0.4111395 0.04350137
0.3668948 0.04802445
0.4089399 0.05061567
0.3228606 0.05009292
0.2707704 0.04754217
0.2819307 0.04617867
0.284498 0.0442164
0.2686946 0.04244139
0.3373929 0.04563961
0.2895495 0.0471582
0.2994521 0.04925016
0.3219209 0.04880915
0.3329055 0.04750063
0.3274674 0.04888717
0.3153906 0.04747471
0.3024647 0.04544338
0.2772699 0.05029143
0.3359184 0.04603685
0.362232 0.04854979
0.3762355 0.04952183
0.3408505 0.04710683
0.3489645 0.04944809
0.3290552 0.05398943
0.3079174 0.0553347
0.3247516 0.06174078
0.2814221 0.0558363
0.2369497 0.05711114
0.2052141 0.05348041
0.3004145 0.04971594
0.2067711 0.05175893
0.2201266 0.05261058
0.2595335 0.0565228
0.3266103 0.05616166
0.3668773 0.05782321
0.330254 0.05871518
0.3667793 0.06031025
0.3520484 0.06501345
0.2919551 0.07087769
0.3003917 0.06709709
0.2949572 0.06381803
0.3812192 0.05878519
0.3876398 0.0577812
0.4397594 0.0547981
0.4534367 0.05737173
0.4636869 0.05558658
0.4382706 0.0569011
0.4548566 0.06050441
0.4488236 0.06359211
0.4237139 0.07223373
0.4379004 0.06664453
0.4371835 0.06576566
0.4533447 0.06237905
0.4414318 0.05857414
0.4359419 0.05910038
0.4490895 0.06039506
0.4375395 0.06045359
0.3741059 0.06387267
0.3895994 0.05974757
0.3970121 0.06131039
0.4357141 0.05314315
0.4436526 0.05471386
0.4686577 0.05463881
0.5328441 0.0549761
0.5567832 0.0608399
0.5736999 0.05952433
0.5800263 0.06078446
0.5249766 0.06470492
0.5065338 0.05891487
0.508808 0.0609525
0.4722715 0.06357725
0.4769883 0.06019099
0.4528617 0.056013
0.4283223 0.05799741
0.4617821 0.05789942
0.4380578 0.05786199
0.4336707 0.05636419
0.3773026 0.0554574
0.3577325 0.05849924
0.4245007 0.0592625
0.434198 0.05373773
0.3984537 0.05372243
0.4744817 0.05546023
0.4715537 0.05759796
0.435749 0.05534983
0.4408999 0.05769633
0.4172721 0.05470717
0.3597999 0.05162378
0.4833266 0.04820382
0.5082531 0.04861817
0.4656553 0.04714216
0.4407067 0.0462785
0.488228 0.04766441
0.401788 0.04899016
0.4174665 0.04348756
0.5341677 0.04245023
0.5464455 0.03843928
0.500767 0.03460613
0.4980195 0.04031157
0.5715716 0.0423998
0.5288131 0.04404119
0.4434352 0.04850984
0.4702036 0.04571893
0.4914252 0.0455459
0.3719153 0.04638471
0.4036676 0.04786573
0.3518492 0.05574356
0.3542377 0.05631405
0.3616992 0.05906768
0.3402518 0.05137808
0.3637125 0.05065535
0.3931285 0.04650115
0.3763928 0.04937652
0.3313051 0.05277192
0.3634376 0.05093273
0.3767576 0.05505028
0.4220685 0.05060021
0.3696079 0.04685781
0.4025966 0.05108678
0.4143334 0.0495078
0.3738064 0.04979667
0.3476753 0.04909093
0.3901226 0.05213343
0.3825188 0.05269071
0.3559781 0.05338603
0.4581018 0.05703368
0.4531442 0.0555715
0.3774979 0.06021455
0.3329269 0.05548418
0.3296084 0.05694795
0.3707074 0.06725017
0.4248866 0.06627656
0.4017966 0.06607825
0.3902855 0.06547583
0.3750171 0.07151257
0.3665332 0.07293286
0.3262588 0.07577261
0.3195116 0.07796581
0.3213474 0.07365131
0.2997324 0.08091615
0.2353719 0.08482187
0.2324258 0.09064679
0.2440124 0.08862445
0.2355132 0.08853601
0.3330368 0.08435482
0.3192778 0.08698361
0.3019025 0.09251162
0.2986754 0.0919987
0.2691869 0.09204917
0.2226011 0.09510877
0.2339557 0.08940025
0.2524252 0.09316105
0.2533034 0.09168188
0.2738778 0.08785992
0.334918 0.08776524
0.3092465 0.08284321
0.2559628 0.07955445
0.2512039 0.0772616
0.2929476 0.08023308
0.2658434 0.08828531
0.2483876 0.0894122
0.2434088 0.09475657
0.2632062 0.09965092
0.3052549 0.09437375
0.2961023 0.09360478
0.2084898 0.09463942
0.1794481 0.09606925
0.221856 0.1013501
0.2228164 0.1086899
0.2238664 0.1160936
0.2415501 0.1138258
0.2233816 0.1121083
0.2674584 0.1052969
0.2941308 0.09947295
0.2795225 0.09489952
0.3102375 0.0839707
0.2317471 0.08469903
0.2123053 0.084893
0.1832959 0.07972823
0.2312624 0.07979966
0.2629333 0.08174475
0.3192523 0.08206034
0.3479431 0.07887083
0.3603373 0.07805041
0.3455611 0.07692199
0.336884 0.07266203
0.3695908 0.07795816
0.3647991 0.07104974
0.2805165 0.0700617
0.2540412 0.06627867
0.3347625 0.06386226
0.3241819 0.06828591
0.359369 0.06779832
0.379763 0.06537689
0.3394424 0.05908368
0.3344968 0.06645292
0.3234737 0.07028478
0.3201794 0.06922488
0.382828 0.07313213
0.3826587 0.07516672
0.3362756 0.08034166
0.3335141 0.08513369
0.318337 0.08733736
0.3280538 0.08258203
0.312805 0.07806354
0.3875375 0.08525632
0.4070469 0.08487209
0.3593081 0.08820533
0.3189834 0.09530534
0.2835543 0.0940372
0.2431351 0.09941928
0.2596595 0.09872908
0.2883744 0.1058128
0.3453622 0.101619
0.3760365 0.09866354
0.3657088 0.09969761
0.3468478 0.1025064
0.2842601 0.0979465
0.2721071 0.09754359
0.2836133 0.09242606
0.3107278 0.09919572
0.247716 0.09571192
0.2654978 0.1018569
0.2748151 0.09525792
0.2510234 0.08626122
0.2220094 0.08636266
0.2816286 0.0898394
0.270379 0.09719431
0.3069236 0.09119747
0.2702316 0.09360088
0.2968425 0.1043887
0.2885007 0.1152746
0.2453319 0.1137701
0.3503887 0.1147794
0.3071887 0.1126144
0.3205412 0.1133686
0.2102631 0.1157541
0.2155401 0.1127563
0.2394302 0.1105716
0.2754698 0.1090592
0.2571317 0.1101229
0.3053922 0.102907
0.2737357 0.09877571
0.2378347 0.08819623
0.2120084 0.08668777
0.1682237 0.1007623
0.1806267 0.1029321
0.2572665 0.09860197
0.1988342 0.09625436
0.1834466 0.08815321
0.192766 0.08767192
0.1701543 0.08219891
0.2529201 0.09473
0.216326 0.08908448
0.2437508 0.09200691
0.2201923 0.1007176
0.3094506 0.09950843
0.3113843 0.09753008
0.2719035 0.09288371
0.3107378 0.09377379
0.2854636 0.08935979
0.249134 0.08429003
0.2772477 0.08467938
0.2640778 0.09474652
0.2495453 0.08197287
0.2136684 0.08475499
0.1936679 0.07605733
0.2074765 0.08152565
0.2062166 0.08424648
0.3005466 0.07762871
0.3147289 0.08015211
0.2526147 0.07936745
0.2324468 0.08215379
0.280306 0.08660592
0.3003794 0.07681728
0.2335979 0.08246796
0.2406584 0.08831933
0.2313508 0.09868888
0.2813477 0.09050728
0.2816045 0.1020289
0.2560102 0.0960955
0.2274993 0.08122704
0.2622401 0.08204981
0.2275733 0.0888629
0.2166902 0.08388852
0.2495091 0.08274892
0.3015118 0.08190887
0.2652971 0.0824912
0.2921729 0.08231929
0.2692548 0.08844687
0.2245261 0.09026097
0.2415709 0.09393046
0.2494255 0.1029555
0.2156389 0.1052402
0.2278261 0.1108748
0.2266784 0.1105368
0.2425073 0.1047871
0.2417361 0.09859481
0.2278118 0.09922823
0.1858681 0.1061804
0.1559325 0.1162964
0.1340724 0.1288925
0.1679733 0.1310803
0.2173446 0.1327396
0.2198861 0.1507216
0.231715 0.1532456
0.1810959 0.1602906
0.1816676 0.1590577
0.1274719 0.1496041
0.1438705 0.1355738
0.1275164 0.1310274
0.1406658 0.1233628
0.175347 0.1245679
0.169244 0.1182226
0.1879727 0.1245989
0.1625665 0.1191216
0.1946391 0.1180197
0.232046 0.1134467
0.1571407 0.113539
0.1538724 0.1218385
0.1264327 0.116629
0.129468 0.1116397
0.1506398 0.1173396
0.1928498 0.1202449
0.160141 0.1236835
0.2412227 0.1227315
0.2937459 0.1311509
0.2669509 0.1345095
0.255942 0.1405606
0.2036845 0.1399534
0.2132635 0.1482974
0.2074866 0.1421006
0.1706849 0.1431002
0.1788366 0.139008
0.2044461 0.1382756
0.1405298 0.1326828
0.204497 0.1232637
0.2098105 0.1264502
0.2109893 0.1270432
0.1995004 0.1275826
0.21682 0.1211975
0.2771991 0.1197484
0.3336567 0.1153176
0.319443 0.1230628
0.2732081 0.1252732
0.2943542 0.123868
0.2575249 0.1277285
0.2252867 0.1301206
0.1745965 0.1411165
0.1623149 0.1481429
0.1076241 0.1658209
0.1556664 0.1682786
0.1334192 0.1584127
0.08623734 0.1521094
0.170427 0.1498351
0.1768921 0.140308
0.1474606 0.1361214
0.1545137 0.1319716
0.13472 0.1236651
0.1903267 0.1256268
0.1497091 0.1247625
0.1583996 0.1324901
0.1405214 0.1524547
0.1500151 0.1505705
0.1700035 0.1654637
0.1151857 0.1502357
0.1436768 0.158199
0.1693128 0.1747588
0.1361297 0.1628386
0.1604269 0.1666454
0.1307334 0.1564907
0.1130852 0.159445
0.1206653 0.1699318
0.1532776 0.1828667
0.1290815 0.1764773
0.1487286 0.1550115
0.2189304 0.1455988
0.194234 0.1297164
0.2107234 0.1181294
0.2465751 0.1173884
0.2128538 0.1169462
0.2610317 0.1082161
0.2287282 0.1031505
0.2203817 0.1074396
0.2317259 0.1034218
0.1800352 0.1027016
0.1926791 0.09450903
0.2289679 0.09405522
0.2021786 0.08921395
0.2158324 0.08740243
0.2007106 0.07878682
0.2131958 0.07757016
0.2635706 0.08143326
0.2702045 0.0798247
0.2932663 0.08484796
0.3274199 0.08657385
0.3064316 0.07886829
0.3077991 0.08980492
0.3098834 0.08759283
0.3242368 0.0847336
0.3533002 0.08545995
0.3360668 0.08375061
0.3354498 0.08036175
0.3403452 0.08093914
0.241233 0.08294973
0.2434613 0.09527004
0.228984 0.09936319
0.1855235 0.09840004
0.2045767 0.1024694
0.2443985 0.1110282
0.2367457 0.1177833
0.2077488 0.1120936
0.2128353 0.115705
0.2343684 0.1138075
0.2502506 0.1080971
0.316169 0.1116307
0.3062877 0.1097655
0.3078102 0.1157999
0.2590372 0.1151806
0.2160184 0.124831
0.2616483 0.1424359
0.2816726 0.1398842
0.2729062 0.1348549
0.3333125 0.1323324
0.3149994 0.1239321
0.2917267 0.1177814
0.2429907 0.1259444
0.2719344 0.1239639
0.3029722 0.1280453
0.2845076 0.1127175
0.2962358 0.1075798
0.2933736 0.1186848
0.2590492 0.1256781
0.2609984 0.118407
0.2804299 0.1138829
0.33871 0.1083366
0.3413811 0.1083165
0.3500425 0.109636
0.3509084 0.106334
0.2705014 0.107594
0.2187154 0.1192433
0.2960587 0.111389
0.336798 0.1007979
0.2656485 0.1096563
0.3122494 0.1090049
0.3190692 0.1166651
0.274474 0.1286862
0.2810941 0.1382064
0.2647423 0.1363936
0.3254257 0.1410807
0.272658 0.1487985
0.2604352 0.1542324
0.2288601 0.1417706
0.1884645 0.1368543
0.2443663 0.1342298
0.2827142 0.1217447
0.2776181 0.1142597
0.2419083 0.1140394
0.2197951 0.1124957
0.2216297 0.1125264
0.2319888 0.1084316
0.1698847 0.1182233
0.2597441 0.1122999
0.1760234 0.1001688
0.1757571 0.09778854
0.2209593 0.1085375
0.265454 0.1139754
0.193156 0.1031958
0.2034449 0.1046175
0.1915383 0.1011906
0.2457281 0.105294
0.2668898 0.09504656
0.2792447 0.09358647
0.2599105 0.08896522
0.299651 0.08980932
0.3117027 0.1001418
0.2365301 0.09951958
0.2268832 0.09300154
0.2545131 0.09264177
0.3553183 0.09420818
0.3460989 0.08476901
0.3918053 0.08507571
0.39852 0.08417063
0.3712364 0.08600892
0.2900438 0.08542556
0.2502757 0.09021225
0.3040939 0.09039164
0.2673805 0.09519597
0.225813 0.1027313
0.2778349 0.1144958
0.2487308 0.1103567
0.2656594 0.1034956
0.2409767 0.1036234
0.1815481 0.1085158
0.2157765 0.1045347
0.2489056 0.1038531
0.2375735 0.1045627
0.3160042 0.1019502
0.2488987 0.09953428
0.2545271 0.09560265
0.2388731 0.0983441
0.2851275 0.09930557
0.2792944 0.09517037
0.289049 0.09733606
0.2765019 0.1038816
0.2604736 0.09575202
0.3003704 0.09835264
0.2813275 0.09835002
0.2535085 0.09645948
0.2161634 0.09618647
0.1787555 0.09356655
0.1777508 0.09878771
0.1650247 0.1042323
0.1442152 0.1013552
0.1499207 0.1091157
0.1657944 0.1159533
0.1155505 0.1182384
0.1408457 0.1171699
0.1865398 0.118078
0.2094142 0.1086043
0.1896593 0.1169518
0.1870306 0.1128572
0.1766623 0.1109655
0.1921412 0.1188511
0.1920249 0.1153601
0.1680959 0.1232168
0.1772144 0.1336768
0.1841243 0.1346456
0.1431749 0.1278341
0.1821584 0.1390221
0.1868246 0.1371129
0.172397 0.1280178
0.2131448 0.1338359
0.1790532 0.1242375
0.1394085 0.1272617
0.1763498 0.1317693
0.1684324 0.1294542
0.1607384 0.1319455
0.189791 0.1297778
0.1629481 0.1304707
0.1367092 0.140162
0.1897912 0.1487408
0.1940387 0.1410227
0.1609448 0.1320695
0.1902479 0.1434308
0.2229249 0.1276595
0.1685909 0.1241895
0.1599929 0.1170131
0.208879 0.1226318
0.1972995 0.1217521
0.2388185 0.1229884
0.2233792 0.1143655
0.2168673 0.1127143
0.1777441 0.1197827
0.1801369 0.1080584
0.1830811 0.1073556
0.1827527 0.1061959
0.3026771 0.1086833
0.2926459 0.09579892
0.2748071 0.09783075
0.2776347 0.095099
0.2785219 0.0909639
0.3140895 0.09230368
0.2520108 0.09915231
0.2372009 0.09468415
0.2140418 0.09837453
0.2460311 0.1006546
0.2436854 0.1105884
0.1879332 0.1125691
0.1971403 0.1174485
0.2410487 0.112607
0.2621631 0.120001
0.2515294 0.1179155
0.2659473 0.1238793
0.220448 0.1213171
0.2206358 0.1188587
0.2211295 0.1278049
0.19663 0.1124401
0.1891746 0.1012148
0.1662763 0.1080517
0.1688019 0.1060063
0.2224098 0.09261422
0.2189388 0.09699377
0.1909918 0.1011155
0.2219993 0.1011936
0.1948249 0.09445676
0.2158623 0.09884381
0.1871743 0.1003291
0.1959847 0.09681506
0.248536 0.09513455
0.2669171 0.08870866
0.3109272 0.08455832
0.2064188 0.08294819
0.2419845 0.08566297
0.2657806 0.0816403
0.276475 0.08796147
0.3056825 0.09108461
0.276106 0.08869126
0.2382788 0.08345186
0.2093537 0.09546584
0.1561156 0.09310512
0.1645991 0.09562317
0.1374197 0.1074617
0.195664 0.1052695
0.187135 0.1064319
0.202842 0.1191723
0.1975792 0.1156061
0.2689283 0.1173225
0.2385459 0.1167333
0.3042534 0.119912
0.2891158 0.1289441
0.2866251 0.1312079
0.1940956 0.1201623
0.2044388 0.1306179
0.1952718 0.1343366
0.1566387 0.1257957
0.1694159 0.1325158
0.1700932 0.1452225
0.1350402 0.1366743
0.2220337 0.1335693
0.2497331 0.1412823
0.221547 0.135723
0.2087829 0.1261236
0.2544687 0.1288097
0.2167305 0.1216649
0.2347657 0.1201044
0.1800929 0.1344036
0.2374963 0.1315161
0.3076647 0.1439758
0.2715448 0.1332139
0.2306028 0.1277998
0.2416137 0.1128522
0.2819704 0.1154578
0.2790843 0.1173066
0.2185348 0.1150878
0.2067113 0.1333099
0.1959805 0.1230024
0.2109071 0.1320134
0.2183552 0.1312565
0.2521038 0.1178939
0.2541141 0.1087676
0.2956097 0.098039
0.2471742 0.101348
0.2532977 0.09789273
0.2724207 0.09370966
0.2490089 0.09523906
0.2668701 0.09762065
0.2733608 0.09435117
0.282395 0.08783397
0.2854383 0.08697833
0.2653691 0.09432893
0.2586299 0.08758883
0.2959233 0.08893319
0.3094158 0.08092335
0.2937704 0.09112517
0.2903524 0.09554185
0.2236355 0.09424339
0.1809988 0.09608034
0.2247553 0.1001106
0.2887236 0.1061144
0.2496727 0.1077406
0.2040732 0.1113187
0.2145951 0.1267565
0.1781964 0.1327676
0.2188042 0.1354241
0.3546879 0.1217001
0.3104892 0.1100493
0.2331375 0.1204542
0.2490841 0.1210018
0.1891018 0.1119564
0.2294077 0.1127766
0.225331 0.1116238
0.2081107 0.1163844
0.1956356 0.1150211
0.1961774 0.1165657
0.1860726 0.112195
0.2116854 0.102621
0.2567347 0.09611184
0.1998874 0.08794302
0.147569 0.09034651
0.1509277 0.08895252
0.2128169 0.08709241
0.231932 0.07916745
0.263441 0.08414476
0.3326717 0.07608867
0.2779949 0.07939166
0.3371186 0.08259748
0.2941095 0.07622404
0.1943031 0.07865307
0.2061657 0.07792588
0.2375589 0.07680289
0.313835 0.07887064
0.378742 0.07406793
0.3332597 0.0711476
0.3002669 0.07553482
0.3123336 0.07403468
0.3007434 0.07626081
0.2496134 0.08329279
0.2931067 0.08431809
0.3031504 0.08274608
0.2503594 0.08540252
0.2357179 0.08963195
0.202475 0.08982977
0.2536236 0.08940969
0.2286038 0.08301271
0.2686993 0.08456355
0.3795831 0.09218874
0.402368 0.09063345
0.3184836 0.0901905
0.303821 0.0907693
0.3140691 0.09331716
0.2899866 0.09618783
0.3128782 0.09642553
0.3344548 0.09285415
0.3300921 0.09895597
0.3895268 0.09775185
0.3063556 0.08490842
0.3515392 0.08972526
0.2836655 0.09220332
0.2805286 0.09184508
0.3022538 0.09011543
0.3387977 0.07972457
0.2822254 0.08139246
0.3018567 0.07979583
0.3286107 0.08515719
0.3458704 0.08781405
0.299575 0.09240401
0.2564563 0.0871372
0.1934921 0.07982162
0.2086454 0.07654984
0.266213 0.07930923
0.2978656 0.07893689
0.2416217 0.07950908
0.3544193 0.07359646
0.3182976 0.07601534
0.2999691 0.07692068
0.2696145 0.0788664
0.2978048 0.07824702
0.371399 0.07708007
0.3012809 0.07575774
0.3113453 0.07864057
0.3663755 0.07878014
0.3460018 0.07499453
0.3332934 0.08028374
0.2783688 0.08004884
0.253356 0.07785038
0.2321182 0.06959848
0.2523525 0.07165303
0.2279325 0.07198891
0.28797 0.06455851
0.2834153 0.06369138
0.2722764 0.06377383
0.3502162 0.06382575
0.4542501 0.0663036
0.4897489 0.06491195
0.4715152 0.06557342
0.5289317 0.06337532
0.5131498 0.06255292
0.4554314 0.06228175
0.4435052 0.06224741
0.4500788 0.06184959
0.3528906 0.06261571
0.396591 0.06701025
0.3522144 0.07417284
0.2941996 0.07253368
0.3103134 0.07405074
0.3102165 0.07588305
0.2914805 0.07156652
0.3098587 0.07328285
0.2934967 0.07419077
0.2878912 0.07297091
0.2072154 0.06965176
0.2512149 0.06757798
0.2684157 0.06851266
0.1949995 0.07580264
0.2314147 0.07525544
0.2739646 0.07533113
0.2733086 0.0731633
0.3182548 0.07905838
0.3444621 0.07710636
0.3446625 0.07755771
0.3042427 0.06854009
0.3389862 0.0648022
0.3266081 0.06277103
0.3031008 0.06297401
0.3272976 0.06082024
0.3430829 0.05786952
0.3225754 0.05685853
0.2949122 0.05934318
0.2791526 0.06223232
0.3065111 0.05927806
0.2826538 0.06008443
0.3266793 0.05664524
0.3173239 0.0548603
0.363307 0.06078704
0.2964754 0.06334692
0.3395329 0.06483256
0.3702083 0.0689548
0.3564788 0.06669053
0.3674633 0.07489743
0.3747003 0.07859906
0.3292678 0.07498237
0.3107649 0.07231273
0.2959461 0.06465502
0.2741596 0.06623826
0.1906632 0.06857423
0.1971234 0.07106718
0.2771455 0.06822787
0.3070415 0.0702769
0.3295554 0.07142127
0.3446457 0.06855907
0.3810159 0.07185507
0.4054595 0.06997486
0.3924532 0.06838701
0.3730522 0.06782604
0.3184111 0.06557326
0.3604245 0.06224676
0.3532495 0.06495169
0.3405662 0.06839863
0.337483 0.07398093
0.3314191 0.07933573
0.3518208 0.07577233
0.3792162 0.07467188
0.361252 0.0835546
0.3547508 0.07541332
0.401204 0.07493546
0.3580865 0.0789026
0.353666 0.08033333
0.3848199 0.07334873
0.3373886 0.06923558
0.3295612 0.06876308
0.3360067 0.06851289
0.3618602 0.06559367
0.3162729 0.07247914
0.26346 0.07342694
0.2990444 0.06956371
0.3013547 0.06867349
0.3297044 0.06519681
0.3105127 0.07138346
0.2829396 0.06896491
0.3268015 0.06420787
0.3015953 0.06867685
0.2214884 0.07072265
0.2707844 0.06737062
0.2752046 0.0714259
0.3200927 0.06572316
0.373215 0.06054886
0.3488821 0.05739631
0.3622969 0.05677004
0.3171715 0.06038907
0.306858 0.06080822
0.2941597 0.05690474
0.2831561 0.05440224
0.3363821 0.05662731
0.2912679 0.05748647
0.3035575 0.05619634
0.2672667 0.05303745
0.325154 0.05186055
0.3034139 0.05562119
0.2909981 0.05774359
0.2577678 0.0587367
0.3023544 0.05516581
0.3597333 0.052633
0.2907256 0.05449184
0.2727229 0.04960354
0.2723283 0.05425219
0.2422803 0.05196206
0.3053919 0.05053291
0.2673628 0.05577757
0.3072654 0.05372982
0.2678757 0.05598678
0.242268 0.05490555
0.2853567 0.05005014
0.23786 0.05451721
0.3430894 0.0550692
0.3476078 0.05133489
0.4043172 0.05304894
0.4100604 0.05777659
0.3731999 0.05728286
0.425841 0.05723389
0.4338677 0.05924203
0.4404161 0.05951856
0.401808 0.06338053
0.3646699 0.06553086
0.3219124 0.06473027
0.3570642 0.0632924
0.3934009 0.06865333
0.3671522 0.06681944
0.3657239 0.06407597
0.3896593 0.06438749
0.3698874 0.06074869
0.2773291 0.06624843
0.2547348 0.07260878
0.2819416 0.07138801
0.3156642 0.07064704
0.3536405 0.06283123
0.3543612 0.06454913
0.3306369 0.06066718
0.3242127 0.06661062
0.3447239 0.06329433
0.3245072 0.06519994
0.3651539 0.06122725
0.3205214 0.0679226
0.3424203 0.06376376
0.3299017 0.06405361
0.3058882 0.06120004
0.2660522 0.06101091
0.2852989 0.05745948
0.2674821 0.05829106
0.2688671 0.06036585
0.2422888 0.06121569
0.2795829 0.06931047
0.2979673 0.07229787
0.2923616 0.07170827
0.2701292 0.07570235
0.301977 0.07308703
0.257163 0.07040476
0.2924606 0.0671784
0.2946523 0.06988276
0.2818876 0.06608283
