GAH1_2022 GAH1_2023 IAH1_2022 IAH1_2023 IAH2_2022 IAH2_2023 ILH1_2022 ILH1_2023 INH1_2022 INH1_2023 MNH1_2022 MNH1_2023 MOH1_2023 MOH2_2022 MOH2_2023
-5.098187 -3.05588 1.379648 2.445406 -0.4404029 0.1389257 1.733033 0.8518482 1.820455 2.851731 1.806519 1.196173 -1.427071 -3.553046 -0.3804062
-4.953217 -2.744471 1.143546 2.581616 -0.1995746 0.2173747 1.618932 1.071813 2.136871 2.628305 1.782711 1.342658 -1.587145 -3.484125 -0.3583295
-4.865246 -2.74372 1.506462 2.6485 -0.2739571 0.4276287 1.399799 1.205599 2.045645 3.093888 1.942612 1.541163 -1.432989 -3.430386 -0.3608132
-4.981424 -2.851147 1.192376 2.557734 -0.2898657 0.08646179 1.59076 0.9957665 2.093566 2.595982 1.688586 1.310135 -1.744065 -3.387453 -0.4348188
-5.33393 -3.05334 0.7898151 2.266955 -0.5420998 -0.124638 0.991162 0.7059894 1.741101 2.592045 1.53306 1.178024 -1.784139 -3.638936 -0.6014747
-5.52564 -3.278526 1.054467 2.311565 -0.579123 -0.180969 0.9552392 0.6399975 1.438394 2.484472 1.157964 1.090417 -1.776911 -3.692222 -0.7576172
-5.661448 -3.565495 0.6820183 1.714354 -1.033569 -0.4027952 0.6062747 0.02591689 1.406954 2.244102 1.256246 0.6733331 -2.068516 -3.990032 -1.169333
-5.699004 -3.43551 0.7270568 1.978666 -1.041875 -0.4514159 0.9276154 0.2919242 1.568804 2.250351 1.466082 0.8696006 -2.018186 -3.986038 -1.085341
-5.51663 -3.330721 0.608298 2.097674 -1.112842 -0.2952239 0.854348 0.6058231 1.364835 2.404693 1.243987 0.717809 -2.056614 -3.947013 -0.981171
-5.658044 -3.361816 0.6062773 1.866187 -0.9792978 -0.6683066 0.5095713 0.2337746 1.25656 2.0853 1.088137 0.7257798 -2.060816 -4.018256 -1.115848
-5.776051 -3.676025 0.4996625 2.000795 -0.9283689 -0.4141636 0.5529324 0.4131895 1.561438 2.447793 1.330159 0.5141563 -2.031207 -4.161952 -0.8890048
-5.606833 -3.689434 0.6453738 1.980091 -1.011086 -0.7016775 0.7075283 0.2282493 1.198905 2.399796 1.301818 0.5884193 -2.143575 -4.159057 -1.226879
-6.045195 -3.915881 0.1782015 1.576603 -1.439802 -0.8066456 0.6332657 -0.1658366 0.9722319 1.822342 0.8715009 0.2330392 -2.537009 -4.558997 -1.469159
-5.836253 -3.736353 0.5788112 1.642653 -1.22786 -0.7348565 0.8227782 0.1081018 1.052194 2.069356 0.8034166 0.5842704 -2.398051 -4.492814 -1.311324
-5.800419 -3.610709 0.5610191 2.075095 -1.321842 -0.6179563 0.8473682 0.249939 0.9727551 2.117472 1.119099 0.3577764 -2.387435 -4.235861 -1.425018
-5.740723 -3.820736 0.4741433 1.724633 -0.9330982 -0.7098609 0.4685372 -0.08905618 1.206805 2.080891 1.186706 0.6200907 -2.180593 -4.536413 -1.066679
-5.522474 -3.582826 0.8161797 1.958106 -0.8837277 -0.4508553 0.9084149 0.2039271 1.404512 2.323959 1.206888 0.996341 -1.998904 -4.22781 -1.128186
-5.865073 -3.683136 0.5165161 1.752275 -1.126203 -0.6924777 0.7004228 0.1460807 1.16153 2.156409 1.14979 0.3952712 -2.41489 -4.103238 -1.266463
-5.86409 -4.130169 0.3650458 1.748019 -1.133008 -0.6496067 0.5855153 -0.02046545 1.125474 1.967523 0.9978696 0.4564001 -2.185328 -4.200359 -1.242944
-5.918422 -3.566115 0.4835626 1.649366 -0.8658712 -0.7223227 0.6367908 0.4556808 1.410236 2.337512 1.189046 0.4686113 -2.501103 -4.363686 -1.093299
-5.539901 -3.552403 0.6020025 1.951062 -0.8749712 -0.3387266 0.5366704 0.4948568 1.337448 2.456707 1.198298 0.7362754 -1.95527 -4.031281 -1.060496
-5.455257 -3.409106 0.6940578 1.960426 -0.7984526 -0.2879159 1.104168 0.3429385 1.271551 2.16836 1.197504 0.7892352 -2.185429 -3.99667 -0.9724937
-5.566806 -3.384294 0.894618 2.128501 -0.6105666 -0.3823691 1.052385 0.5448533 1.720823 2.429711 1.57796 1.063686 -2.030841 -3.963606 -0.9189593
-5.20339 -3.131625 1.192261 2.415464 -0.4362767 -0.1018059 1.320889 0.7509127 1.793277 2.830919 1.825794 1.067104 -1.580573 -3.533841 -0.6962047
-5.41443 -3.15311 0.9853791 2.350876 -0.5073738 -0.2118986 1.114284 0.7896834 1.452636 2.661749 1.679522 0.954093 -1.834724 -3.646989 -0.7449223
-5.277209 -3.108114 0.8386273 2.462594 -0.6759026 -0.3632549 1.15949 0.6424502 1.69466 2.595707 1.235148 1.234515 -1.829776 -3.686668 -0.7698867
-5.215528 -2.848033 1.256779 2.334282 -0.6189748 -0.0202575 1.20796 0.6514496 1.792432 2.553734 1.442033 1.00329 -1.569195 -3.645429 -0.6680896
-5.172751 -3.086459 1.111498 2.18891 -0.4756384 -0.03931641 1.253172 0.7556262 1.942331 2.781238 1.823187 1.144529 -1.769581 -3.352224 -0.7206263
-5.348908 -2.993996 1.148577 2.403416 -0.4126728 0.00547778 1.256254 0.7136522 1.951024 2.62075 1.630329 1.257888 -1.757221 -3.631698 -0.436399
-5.364357 -3.192729 1.016876 2.053293 -0.5755537 -0.1285266 1.124316 0.476216 1.575155 2.458298 1.431926 1.037682 -1.906766 -3.801368 -0.7173132
-5.542245 -3.334737 0.8474761 2.157878 -0.7938654 -0.2798313 0.9020929 0.4138022 1.593598 2.485897 1.450057 0.9038999 -1.979328 -3.918151 -0.5789616
-5.595982 -3.275827 0.6504703 2.0614 -0.8840525 -0.6277567 0.7121858 0.3928322 1.090841 2.367166 1.247794 0.5781902 -1.879513 -4.019121 -1.06504
-5.617862 -3.319088 0.6747623 2.039824 -0.8762756 -0.4080847 0.92754 0.5841901 1.574739 2.23911 1.303672 0.8891482 -1.809484 -4.001504 -0.9946751
-5.67272 -3.462189 0.6108058 1.626968 -1.046089 -0.4425236 0.651186 0.4717628 1.43241 2.261478 1.05912 0.7501058 -2.196701 -4.253101 -0.982182
-5.74784 -3.408199 0.8911985 2.053771 -0.7680021 -0.3049635 0.837582 0.6046794 1.509113 2.535271 1.400681 0.8263515 -2.08146 -3.886125 -1.007739
-5.236622 -3.185603 0.9399988 2.182703 -0.9088093 -0.4385953 1.222437 0.4365887 1.306835 2.536138 1.751424 0.9460817 -2.028266 -3.586046 -0.9982808
-5.650122 -3.091639 0.6563496 2.017524 -0.9319012 -0.2763356 0.964225 0.5942227 1.300496 2.274891 1.332695 0.8441608 -2.101331 -3.957194 -0.9956642
-5.598856 -3.381951 0.8831261 1.778653 -0.9172762 -0.4927847 1.024919 0.3376247 1.455084 2.340959 1.448068 0.9386 -2.157028 -3.863169 -0.8094675
-5.372134 -3.306173 0.7062864 2.07494 -0.9441208 -0.3259637 0.6740187 0.4798905 1.535998 2.441081 1.28636 0.7148415 -2.030381 -4.003906 -0.8321236
-5.464723 -3.218145 0.7467301 2.030443 -0.8703849 -0.2329269 0.8570982 0.6638459 1.435733 2.399074 1.383451 0.8794717 -1.96868 -3.801461 -0.7871164
-5.462045 -3.008758 1.073754 2.139558 -0.6685533 -0.2146192 1.034483 0.5411847 1.665208 2.649364 1.382205 0.97556 -1.863905 -3.81304 -0.6944574
-5.572717 -3.209686 0.8902663 2.319618 -0.6576796 -0.03777001 1.15562 0.5754418 1.729641 2.506784 1.707151 0.9937789 -1.736769 -3.861781 -0.7155718
-5.668062 -3.478902 0.651467 2.190333 -0.8028739 -0.2336894 0.6746416 0.5159156 1.442008 2.390649 1.48198 0.8985143 -2.083097 -4.086707 -1.047497
-5.550751 -3.474419 0.7017613 2.342016 -0.8411074 -0.267702 1.190968 0.2658645 1.47023 2.621659 1.248238 0.8419012 -1.901198 -4.036804 -0.9891641
-5.772303 -3.510471 0.5898873 1.946726 -1.025337 -0.5445852 0.8413924 0.4520078 1.435003 2.161703 1.198087 0.5006488 -2.080747 -3.917312 -1.26185
-5.644982 -3.486106 0.6698388 1.767136 -1.169363 -0.5800791 0.6630877 -0.0452541 1.259263 2.293737 1.046032 0.6595494 -2.301611 -4.266801 -1.202477
-5.850335 -3.4238 0.6247091 1.539682 -1.141254 -0.7891824 0.825519 0.3393088 1.022886 2.138668 1.104806 0.629603 -2.171188 -4.313447 -1.156129
-5.451624 -3.589788 0.6049902 1.811229 -0.8761642 -0.389095 0.9627241 0.6326411 1.238034 2.397028 1.181853 0.8028004 -2.081746 -3.649704 -1.124687
-5.65603 -3.422406 0.6004778 1.749563 -1.191891 -0.4159483 0.8476371 0.1828187 1.26825 2.197483 0.8307432 0.6468632 -1.894867 -4.277145 -1.124518
-5.637714 -3.507501 0.5545845 1.977699 -0.8093251 -0.7643642 0.5919232 -0.01861783 1.253577 2.142832 1.16653 0.3532608 -2.365894 -3.915546 -1.075047
-5.641436 -3.480793 0.7577573 1.964926 -0.9674184 -0.6012279 0.9994332 0.1445866 1.356915 2.378835 0.9326312 0.5308753 -2.237357 -4.222612 -1.080105
-5.473971 -3.131275 0.736228 2.0821 -0.7146687 -0.2684382 0.7697373 0.3688182 1.535058 2.596373 1.575212 1.047464 -1.820651 -3.807414 -0.9433341
-5.449373 -3.330594 0.9973906 1.978355 -0.7622232 -0.1624248 1.038197 0.3534365 1.509534 2.520775 1.610678 0.9359874 -1.987842 -3.85292 -0.6758743
-5.850929 -3.343952 0.7560976 2.003384 -0.8095657 -0.3067013 0.8954131 0.4547485 1.125425 2.242963 1.263285 0.6290541 -2.001429 -3.929057 -0.6335755
-5.471291 -3.352032 0.8305689 1.898849 -0.796672 -0.3296122 0.8737886 0.3675467 1.145019 2.344866 1.482562 0.9776427 -2.02761 -3.78746 -0.9043867
-5.550391 -3.280452 0.7665132 2.059651 -0.7726267 -0.5948236 0.9331284 0.4335976 1.547087 2.242206 1.517993 0.8164612 -1.856877 -3.965584 -0.8126932
-5.297571 -3.356778 0.7857305 2.073456 -0.7433094 -0.247898 1.106489 0.5031534 1.661923 2.558408 1.346871 0.9929918 -1.825479 -3.617188 -0.9099805
-5.403213 -3.324787 0.9665186 2.017045 -0.8935953 -0.4389283 0.9763543 0.5126915 1.691684 2.338418 1.325346 0.6482448 -2.187882 -4.055642 -1.180747
-5.579688 -3.228241 0.9255523 1.931897 -0.7748841 -0.5187284 1.045359 0.3819782 1.58482 2.293945 1.40417 0.836799 -1.753091 -3.769472 -0.9445262
-5.370742 -3.037016 1.116944 2.115384 -0.737623 -0.1924548 1.330272 0.7243339 1.495367 2.471645 1.541755 0.9979078 -1.816894 -3.92576 -0.5938613
-5.465366 -3.092355 0.7176625 1.954231 -0.7037867 -0.2952212 0.9232214 0.4740013 1.4835 2.606415 1.457349 0.9764871 -2.028621 -3.837597 -0.7479495
-5.546911 -3.198427 1.273516 2.257249 -0.7150526 -0.3576011 1.035765 0.6659884 1.629171 2.663324 1.618601 1.023091 -1.724645 -4.081327 -0.7725107
-5.528695 -3.62323 0.7001413 1.525037 -1.069264 -0.4725823 0.734522 0.3329646 1.111929 2.112537 0.8041955 0.7195922 -2.179076 -4.139669 -1.277014
-5.994463 -3.525904 0.6664233 1.601573 -1.187593 -0.5723012 0.7302511 0.3057677 1.147786 2.130592 1.131489 0.680285 -2.273465 -4.354592 -1.293739
-5.610919 -3.418568 0.7420731 1.870804 -0.9748607 -0.3400994 0.8582477 0.2557897 1.251796 2.242226 1.187054 0.6444862 -1.998111 -4.305912 -1.098746
-5.269482 -3.295736 0.6537425 2.106428 -0.8315809 -0.3695105 1.032504 0.4851499 1.588821 2.213265 1.41916 0.9535705 -2.019495 -4.010131 -1.010792
-5.344884 -3.390254 0.8779328 2.284794 -0.5286562 -0.4017842 0.8782944 0.3628018 1.418541 2.361404 1.379102 1.17688 -1.892448 -4.063158 -0.9207015
-5.803581 -3.485072 0.6078232 1.853847 -0.8918614 -0.4079931 0.7376606 0.367855 1.28304 2.29218 1.262617 0.7085235 -2.222791 -3.951454 -1.021057
-5.372433 -3.372053 0.9434297 2.171635 -0.839299 -0.3432401 1.014429 0.5820748 1.512348 2.239772 1.332246 1.012388 -1.801579 -3.649546 -0.9092567
-5.863673 -3.339543 0.6860588 2.051631 -0.9287152 -0.4432489 0.7023607 0.3597929 1.275168 2.336805 1.215321 0.9739702 -2.068664 -3.963812 -1.094943
-5.682009 -3.24587 0.8320236 2.155778 -0.8522501 -0.4180252 0.9339098 0.3031602 1.597764 2.36567 1.120193 0.7366497 -2.318793 -4.06806 -1.06945
-5.521984 -3.382435 0.7499941 2.072437 -0.6645556 -0.4389623 1.068896 0.6149998 1.51697 2.552326 1.620754 1.15394 -2.010751 -3.866048 -0.8129092
-5.309956 -3.205905 0.7470868 2.158631 -0.9523249 -0.3897395 1.031537 0.5134821 1.635965 2.234643 1.380796 0.5378989 -1.916715 -3.8101 -1.042843
-5.623585 -3.521356 0.715689 1.819983 -0.9708829 -0.5480358 0.6961841 0.4044598 1.461089 2.180261 1.457333 0.6784721 -2.03912 -3.851544 -1.072616
-5.349681 -3.389796 0.9468923 2.174743 -0.7037023 -0.2172704 1.168046 0.6480227 1.706206 2.259961 1.526271 0.9323434 -1.823279 -3.886528 -0.989949
-5.250462 -3.299906 0.8759747 2.233412 -0.4772261 -0.036867 1.120677 0.5695112 1.623237 2.618033 1.71461 0.9255504 -1.752133 -3.759703 -0.6647933
-5.310317 -3.097007 1.135619 2.39001 -0.7077624 -0.127052 1.12372 0.3941777 1.501024 2.602965 1.80979 1.06955 -1.727713 -3.721743 -0.4795671
-5.11194 -2.823103 1.225367 2.544608 -0.4954633 -0.03151634 1.437048 0.9914781 1.852825 2.872031 1.970119 1.445022 -1.541128 -3.590536 -0.3164715
-4.92559 -2.801277 1.422 2.483575 -0.2259765 0.09316152 1.609613 1.222602 1.752674 2.840183 2.055895 1.489957 -1.247675 -3.381589 -0.2777271
-5.120516 -2.763531 1.403799 2.37849 -0.3212238 0.04813565 1.408376 0.8842179 1.950503 2.653845 1.684284 1.273429 -1.485219 -3.530917 -0.3663239
-5.245167 -3.10982 1.090825 2.359881 -0.3140721 -0.08813565 1.190102 0.7748423 1.636826 2.568786 1.516869 1.234398 -1.730906 -3.568451 -0.5274098
-5.234386 -2.903156 1.071808 2.467528 -0.3525526 0.04025386 1.170771 0.8648301 1.743207 2.69361 1.665627 1.3488 -1.700616 -3.410858 -0.3594241
-5.136117 -2.907443 1.273097 2.409053 -0.3196409 0.1284117 1.419696 1.153266 2.085141 2.703507 2.00951 1.332676 -1.560215 -3.580188 -0.4030512
-5.058221 -2.982829 1.438608 2.589366 -0.1662191 0.2412421 1.381981 0.905272 2.111625 2.811053 2.026797 1.32963 -1.449751 -3.367518 -0.2931367
-4.864519 -2.750788 1.31648 2.643922 -0.1037073 0.1371086 1.324677 0.9498884 2.013944 2.920195 1.746443 1.348525 -1.39942 -3.782953 -0.3142361
-5.071824 -2.833643 1.175978 2.748094 -0.449611 0.05443097 1.456727 0.9456272 1.98156 2.67271 1.870321 1.208638 -1.567692 -3.533425 -0.4218248
-5.141761 -2.834523 1.287416 2.532109 -0.2672286 0.1599091 1.427271 0.7410574 2.105154 3.098775 1.726749 1.469771 -1.525634 -3.417627 -0.3437663
-4.887319 -2.747869 1.345453 2.652379 -0.1287492 0.4354946 1.604319 1.168161 2.218971 3.21944 1.794744 1.354615 -1.393174 -3.259949 -0.1338719
-4.787228 -2.541114 1.616758 2.82471 0.3078685 0.4378518 1.836247 1.248249 2.217278 3.215721 2.272875 1.631322 -1.291955 -3.198823 -0.1818209
-4.594579 -2.492664 1.67619 3.086173 0.2976307 0.5344757 1.801369 1.591989 2.436208 3.299498 2.146519 1.581429 -1.100082 -2.674586 0.01146991
-4.398124 -2.489617 1.724984 2.905267 0.07484733 0.456724 1.99053 1.443819 2.586335 3.421691 2.396433 1.790329 -1.011533 -3.017456 -0.05427127
-4.547883 -2.184488 1.647351 2.994273 0.1217124 0.5844594 1.831877 1.314438 2.515772 3.547259 2.41155 1.919905 -0.9118996 -2.904672 -0.0563934
-4.422312 -2.312154 1.860561 2.855491 0.1726208 0.6727355 1.81615 1.180645 2.41458 3.33022 2.374428 1.753047 -1.188756 -3.099768 -0.01368907
-4.658942 -2.453745 1.588922 2.819887 0.001416867 0.4834617 1.760551 1.283419 2.416473 3.224782 2.28297 1.757792 -0.8341462 -2.920898 0.03290893
-4.675115 -2.468108 1.820577 3.052492 0.1542457 0.700402 1.944783 1.458436 2.575888 3.721081 2.309426 1.758847 -1.178041 -2.928032 -0.05922683
-4.682705 -2.297417 1.718344 3.002043 0.08148511 0.8023731 1.663175 1.28689 2.41454 3.300596 2.333695 1.67357 -1.027646 -3.240268 -0.04910473
-4.471375 -2.241464 1.894247 3.130814 0.4797292 0.6288255 2.119774 1.541854 2.604243 3.341333 2.58573 1.85627 -0.7667169 -2.791496 -0.120933
-4.706593 -2.350741 1.725086 2.985955 0.035634 0.7382647 1.885088 1.504373 2.479656 3.219191 2.458345 1.786737 -1.041204 -2.785904 0.09766812
-4.667846 -2.464797 1.542118 2.650205 0.005514011 0.4479603 1.721582 1.384616 2.340672 3.114121 2.310506 1.826491 -0.9852509 -3.084189 0.1937031
-4.777531 -2.831204 1.267941 2.727015 -0.07640943 0.3601308 1.707634 1.045771 2.21361 3.037136 2.059311 1.768111 -1.186065 -3.424337 0.09925314
-4.613775 -2.246083 1.726703 3.239159 -0.05871729 0.4132279 1.72644 1.266424 2.362966 3.280505 2.342918 1.798858 -1.226425 -2.961656 0.01618156
-4.605899 -2.451897 1.740697 2.780073 0.3464436 0.6178261 2.115453 1.426717 2.323248 3.268585 2.443163 1.706517 -0.8186956 -3.045559 0.1404218
-4.474256 -2.112317 2.054089 2.892845 0.3112547 0.7233317 2.101218 1.668948 2.62273 3.541794 2.37183 1.803429 -0.9012475 -2.578202 0.1987517
-4.295556 -2.391025 1.699943 2.978674 0.3409991 0.5743953 2.066742 1.50834 2.462953 3.34429 2.317543 1.822257 -0.9503489 -3.104547 0.1156529
-4.649526 -2.665056 1.584493 3.055306 0.007898756 0.4255354 1.628811 1.385436 2.336842 3.087855 2.230237 1.711122 -1.201172 -2.873032 -0.1486137
-4.660321 -2.369418 1.605671 3.094802 0.1879292 0.642592 1.876529 1.47893 2.235982 3.079603 2.29043 1.763697 -1.16207 -3.011678 0.1249075
-4.727486 -2.439251 1.607099 2.75709 -0.09599831 0.5169772 1.954317 1.369387 2.315273 3.010588 2.068302 1.699729 -1.223505 -3.153533 -0.02148785
-4.872933 -2.429071 1.368363 2.9156 -0.1189127 0.162652 1.767762 1.372134 2.034105 3.236809 2.063206 1.582654 -1.04849 -3.014659 0.005386566
-4.553408 -2.292727 1.507614 3.01065 0.04636796 0.4859997 1.719693 1.260955 2.416052 3.235684 2.065593 1.833752 -1.21874 -3.212197 -0.1723741
-4.423569 -2.647378 1.810695 3.102613 0.2670232 0.7795932 2.063423 1.573472 2.542183 3.538554 2.474214 1.807065 -0.9347233 -3.02842 0.210099
-4.835806 -2.380398 1.770803 2.703143 0.000154654 0.3663127 1.760544 1.08669 2.300985 3.266267 2.185619 1.743151 -1.095752 -3.167203 0.1201783
-4.837916 -2.64386 1.619787 2.817482 -0.144577 0.572174 1.903827 1.208923 2.216345 3.019772 2.074758 1.660597 -1.156387 -3.332343 -0.1494367
-4.689664 -2.354086 1.855157 3.126445 0.0560086 0.7895919 1.98685 1.700888 2.528811 3.338815 2.455476 1.858999 -0.8953973 -3.074832 0.1182856
-4.69496 -2.416263 1.935434 2.883397 0.3498837 0.6540272 1.694478 1.340882 2.28973 3.363609 2.498717 1.772756 -1.180364 -3.118571 0.006338742
-5.075232 -2.563507 1.468757 2.631105 0.06578738 0.2973595 1.894226 1.239926 2.04428 3.352184 1.946415 1.482311 -1.229331 -3.243597 -0.0733194
-4.710647 -2.536466 1.611531 2.628339 -0.1124845 0.3053261 1.747843 1.237398 2.194972 3.170466 2.123387 1.706378 -1.309844 -3.317851 0.06396904
-5.089493 -2.810134 1.306914 2.731258 -0.3301101 0.3883668 1.243574 1.205152 1.986842 3.020319 2.058804 1.228306 -1.41925 -3.500218 -0.1565293
-4.781899 -2.894479 1.5211 2.521323 -0.1343818 0.1401754 1.439314 1.161931 2.047271 2.927713 2.099577 1.416676 -1.301057 -3.246168 -0.07002146
-4.94007 -2.612046 1.377828 2.66583 -0.2726898 0.08984245 1.769958 1.257486 1.941297 3.101813 1.975873 1.521065 -1.173204 -3.58935 -0.4713639
-4.352632 -2.481306 1.864081 3.014852 0.2604525 0.614771 2.025393 1.602719 2.305975 3.571032 2.505654 1.954247 -1.04808 -2.904207 0.1817854
-4.815541 -2.552353 1.624277 2.749068 -0.1254111 0.4002548 1.727615 1.483593 2.381264 3.177607 2.087736 1.693335 -1.155539 -3.197732 -0.05181429
-4.652259 -2.499473 1.646622 3.001982 0.05053159 0.4424532 1.731629 1.225996 2.236609 3.143355 2.268785 1.787364 -1.09243 -3.027572 -0.04012726
-4.841219 -2.589429 1.608028 2.855539 0.03092333 0.3122642 1.586333 1.176216 2.401624 2.934318 1.913099 1.742394 -1.149037 -3.108212 -0.1937365
-4.484002 -2.497182 1.581035 2.885738 0.02485852 0.3665641 2.019047 1.436208 2.139745 3.077042 2.371824 1.563053 -1.084585 -3.209325 -0.1738045
-4.911414 -2.684838 1.457736 2.783523 -0.2914038 0.3084711 1.481499 1.16644 2.156757 2.809396 2.211072 1.452756 -1.388479 -3.063451 -0.2996763
-4.990149 -2.612284 1.377873 2.582601 -0.1879275 0.1883417 1.51009 1.106357 1.871112 2.622031 1.912734 1.521175 -1.416598 -3.477351 -0.3664561
-5.252676 -2.731921 1.089265 2.5374 -0.424358 0.05556533 1.311607 0.8276076 1.727153 2.946036 1.993951 1.270808 -1.68236 -3.543875 -0.7087586
-5.150866 -3.015784 0.737892 2.331375 -0.641775 -0.2864297 1.20353 0.574294 1.569664 2.714719 1.810882 1.244692 -1.912537 -3.786827 -0.5926654
-4.994937 -2.842915 1.030603 2.499481 -0.4211174 -0.03193622 1.390061 1.111515 2.0049 2.917578 1.692023 1.305597 -1.546721 -3.615227 -0.5398045
-5.013411 -2.863539 1.24018 2.497732 -0.403521 0.1067142 1.504561 0.9760638 2.006797 2.834923 2.092921 1.245637 -1.611688 -3.390172 -0.2671089
-4.935961 -2.88412 1.3554 2.708117 -0.4114764 0.08226272 1.524196 1.157309 2.023804 2.839252 1.914881 1.363036 -1.438922 -3.51593 -0.5522758
-5.0377 -3.026279 1.214439 2.679022 -0.2901167 0.278631 1.73548 0.9618994 2.03497 3.049119 2.055232 1.45286 -1.424994 -3.262538 -0.4470056
-4.905463 -2.787095 1.110587 2.501826 -0.2890344 0.2797667 1.424251 0.8844207 2.110506 2.994618 2.093037 1.366571 -1.389909 -3.396054 -0.6463687
-4.862545 -2.932351 1.207276 2.471929 -0.2735975 -0.04482064 1.290934 1.053096 1.886162 3.17984 1.828038 1.347067 -1.714553 -3.605626 -0.5308984
-5.17933 -2.833585 1.164421 2.269676 -0.4627521 0.1295936 1.382573 0.9159626 1.943896 2.831947 1.542934 1.177773 -1.499282 -3.437722 -0.5995049
-5.138339 -3.05097 0.8733625 2.019259 -0.5796061 -0.2816828 1.003803 0.727614 1.516913 2.292401 1.383997 0.8537354 -1.887914 -3.930223 -0.8253109
-5.037493 -2.837211 1.079765 2.555912 -0.581337 -0.02230575 1.357426 0.6226978 1.512973 2.648804 1.610059 1.173108 -1.526484 -3.716149 -0.6266162
-5.361256 -2.930869 0.9991725 2.23972 -0.563737 -0.1661425 0.9866836 0.7058124 1.654551 2.610364 1.382879 0.9766539 -1.758954 -3.840625 -0.4977574
-5.537964 -3.216116 0.9601204 1.995531 -0.6921699 -0.351348 0.8005094 0.5216883 1.379022 2.221031 1.150466 0.8954823 -2.082312 -3.988486 -0.8098652
-5.777593 -3.501038 0.6286161 1.839093 -0.9899256 -0.5600868 0.7356968 0.4116151 1.414164 2.098389 1.362158 0.6188473 -2.234783 -4.177117 -1.201944
-5.619297 -3.470734 0.7630974 1.796682 -0.9253046 -0.2852952 0.7421623 0.6560749 1.580339 2.259413 1.186325 0.5524193 -2.187794 -3.936977 -1.047931
-5.805854 -3.54196 0.5659003 1.854963 -0.9662671 -0.5979294 0.9085644 0.1699421 1.305969 2.13375 1.061018 0.598753 -2.15503 -4.116631 -1.182846
-5.743998 -3.539048 0.4916854 1.706009 -1.227109 -0.5615344 0.7028447 0.2869022 1.412029 2.153048 0.9386662 0.6277282 -2.324546 -4.237568 -1.144195
-5.850604 -3.651112 0.4015128 1.694388 -1.238834 -0.7199133 0.5292304 0.07780938 1.201164 2.125027 1.125487 0.5241625 -2.285042 -4.149097 -1.109926
-5.769241 -3.757683 0.5523066 1.857454 -1.162103 -0.7143876 0.5219917 0.3886593 0.9893074 1.930628 0.8748599 0.7188584 -2.19407 -4.272933 -1.255622
-5.526149 -3.419803 0.8799233 1.878726 -1.110043 -0.6187856 0.7746289 0.3042682 1.312491 2.403638 1.182146 0.4380377 -2.180998 -4.015576 -0.9883317
-5.667609 -3.623295 0.7403758 1.92671 -1.174359 -0.5508673 0.8430845 0.293079 1.233306 1.941223 1.105123 0.6575966 -2.158754 -4.090818 -0.9725899
-5.874604 -3.841282 0.6143254 1.621256 -1.117772 -0.4452731 0.4966471 -0.08536597 1.008891 2.072709 0.7890817 0.2530142 -2.158881 -4.333522 -1.257573
-5.997698 -3.870803 0.331682 1.725857 -1.406594 -0.9140924 0.6205401 -0.2256289 0.8943493 1.902508 0.8808568 0.3533376 -2.517701 -4.373294 -1.363908
-5.86035 -3.906595 0.1876145 1.482986 -1.358407 -0.8305968 0.6666145 -0.02907448 0.896911 1.983224 1.018574 0.393334 -2.428258 -4.479119 -1.420585
-6.001675 -3.599184 0.5004894 1.395606 -0.9853723 -0.8447882 0.5157185 0.2698199 1.093476 1.963958 1.169757 0.7155261 -2.476592 -4.399463 -1.305777
-6.075332 -3.726883 0.3034738 1.452072 -1.546721 -0.91278 0.347924 0.09278292 0.7745448 1.962246 0.9366258 0.4519129 -2.570969 -4.39346 -1.140855
-6.29454 -4.046378 -0.07665675 1.314146 -1.70885 -1.285045 0.2332129 -0.31298 0.727899 1.646383 0.6357759 0.1008893 -2.925428 -4.641295 -1.67731
-6.102403 -3.881162 0.110132 1.382792 -1.531718 -1.055752 0.08992279 -0.2951115 0.8873964 1.863565 0.7427575 0.1474567 -2.702141 -4.648559 -1.516312
-6.020227 -4.042178 0.2167061 1.463955 -1.485165 -0.8323023 0.3801899 -0.2027269 0.8563923 1.987075 0.8009913 0.2719256 -2.716727 -4.544444 -1.601067
-5.976574 -3.85558 0.304727 1.671065 -1.115061 -0.7807277 0.384849 0.002857116 1.025249 1.763763 1.021648 0.3020586 -2.488766 -4.495583 -1.291393
-5.803167 -3.945248 0.4659009 1.543124 -1.25494 -0.8608663 0.6121992 0.2103116 1.107185 1.987988 0.8596425 0.4064805 -2.574928 -4.510106 -1.1668
-5.781429 -3.846046 0.4775084 1.672012 -1.107166 -0.7061913 0.3754069 -0.1156044 1.083713 1.981874 0.9432806 0.3185654 -2.326195 -4.411588 -1.319373
-6.311463 -4.121075 0.0483323 1.235954 -1.300117 -1.101189 0.3116612 -0.145827 0.6238163 1.501171 0.5622538 -0.0244273 -2.579397 -4.596398 -1.552178
-5.969715 -4.04814 0.1542421 1.171635 -1.435372 -1.173964 0.4148409 -0.174536 0.6172807 1.615791 0.9608724 -0.007700306 -2.856805 -4.587569 -1.475762
-6.239271 -3.770247 0.2060236 1.317334 -1.673559 -1.049548 0.3273556 -0.3386257 0.9284896 1.692512 0.446491 0.2407242 -2.622539 -4.468858 -1.537498
-6.154748 -4.201519 0.1076458 1.30084 -1.568884 -1.162324 0.2683452 -0.2640459 0.8986634 1.728107 0.7106557 0.210604 -2.54495 -4.582683 -1.44905
-6.322556 -4.181394 0.08939911 1.516692 -1.515188 -1.004247 0.3617686 -0.1957637 0.6784087 1.65024 0.7297722 0.1293022 -2.862084 -4.95942 -1.536678
-6.116738 -4.113212 -0.006180618 1.284484 -1.475396 -0.8656977 0.3810068 -0.08067695 0.8444642 1.58615 0.8274823 0.2152464 -2.863235 -4.752321 -1.536482
-6.196162 -4.1183 0.1751712 1.454442 -1.345843 -0.8898365 0.1572424 0.06991824 0.7532862 1.757359 0.756635 0.3211197 -2.701479 -4.675581 -1.595436
-6.271347 -3.637994 0.3659584 1.5055 -1.351034 -0.9721838 0.3161732 0.1510666 0.7849814 1.820714 0.991966 0.3784113 -2.518956 -4.062621 -1.604352
-5.923029 -3.838789 0.2942946 1.324441 -1.390724 -0.8022686 0.31418 0.02817959 1.050788 1.749116 0.7991355 0.5661664 -2.419996 -4.498598 -1.459372
-5.917743 -3.689779 0.599978 1.455844 -1.242238 -0.8594782 0.6888161 0.157852 1.124744 1.916556 0.7805346 0.4096622 -2.35265 -4.364165 -1.429213
-5.690691 -3.532094 0.6101194 1.639476 -1.229233 -0.6894237 0.8153559 0.4729027 1.332399 1.882026 1.017328 0.5419939 -2.178917 -4.290251 -1.127742
-5.738223 -3.795929 0.2606922 1.538714 -1.319505 -0.6585109 0.5885704 0.05473616 1.173432 1.81951 0.8622854 0.4704432 -2.383688 -4.28482 -1.208021
-6.186762 -3.836842 0.2534261 1.391559 -1.303749 -1.016938 0.2078534 -0.2787979 0.6771437 1.803526 0.4161236 0.1896223 -2.770886 -4.47845 -1.646685
-6.238683 -4.139899 0.3008937 1.739413 -1.346373 -1.02151 0.2736393 -0.03931136 0.9415433 1.749365 0.8827295 0.2510443 -2.556008 -4.558194 -1.473513
-6.185355 -3.85017 0.171225 1.356193 -1.543727 -0.9626343 0.2758259 -0.1223134 0.7761825 2.000101 0.7033902 0.2281012 -2.611003 -4.589001 -1.701078
-5.909154 -3.848641 0.4420603 1.318096 -1.175683 -0.8722623 0.530098 0.08181334 0.9373514 2.005607 0.7692226 0.3578653 -2.45945 -4.56881 -1.300069
-6.15477 -3.722616 0.3058612 1.558115 -1.452694 -0.6141806 0.3783656 -0.04160118 1.041044 2.284151 0.7391944 0.2679957 -2.61693 -4.773992 -1.616714
-6.292022 -3.967755 0.3106284 1.639428 -1.431212 -0.7597741 0.2640532 -0.1077239 0.8160005 1.796139 1.08713 0.3228012 -2.593972 -4.534502 -1.433199
-6.001143 -3.863084 0.4071628 1.613077 -1.448008 -1.022142 0.5967782 -0.2702234 0.8457527 1.764241 0.6209751 0.3601098 -2.542584 -4.541425 -1.661749
-6.044528 -3.955325 0.3248222 1.515926 -1.269018 -0.8819096 0.3361368 -0.0427457 0.9625024 1.942821 0.8917036 0.1781417 -2.387307 -4.445661 -1.318843
-6.226101 -3.968572 0.6114874 1.54989 -1.382042 -0.8756882 0.2752822 -0.0388215 1.060104 1.865654 0.9790916 0.4528493 -2.471459 -4.580416 -1.514835
-6.098542 -3.881628 0.2161365 1.554442 -1.158004 -0.9688322 0.496037 0.008180214 1.141873 2.048807 0.7285871 0.329944 -2.258652 -4.458471 -1.259439
-6.11 -4.021366 0.3368869 1.572954 -1.271244 -0.8849893 0.4854471 0.191593 0.9699189 2.040221 0.9646795 -0.03833214 -2.566305 -4.584679 -1.369288
-5.836979 -3.857568 0.3296926 1.680692 -1.359089 -0.8374823 0.4691364 0.0855274 0.7606122 1.714786 0.9642893 0.3307508 -2.351909 -4.231156 -1.379659
-5.837287 -3.626426 0.3961554 1.599865 -1.098918 -0.6611269 0.309619 -0.05051996 0.9673266 1.93966 0.8068613 0.2554679 -2.539247 -4.300367 -1.341691
-6.041846 -3.685109 0.2438142 1.399692 -1.171562 -0.7367601 0.5516584 0.3585741 0.9651529 2.024892 0.8387171 0.3369775 -2.379295 -4.320959 -1.332084
-6.177972 -3.895016 0.07570933 1.465997 -1.283727 -0.9735757 0.511735 -0.06797676 0.8910521 1.835496 0.8753886 0.3016642 -2.609435 -4.409164 -1.636854
-6.119543 -3.929632 0.114503 1.319163 -1.356004 -1.106993 0.4805093 -0.1897406 0.9723886 1.823081 0.9133969 0.1796843 -2.574325 -4.732168 -1.291612
-6.330705 -3.991841 0.0966554 1.394075 -1.240806 -0.8610501 0.334904 -0.07851323 1.042681 1.589687 0.6344827 0.3015552 -2.443516 -4.407823 -1.415303
-5.987524 -3.900482 0.3736739 1.408979 -1.337716 -1.219798 0.3757906 -0.09788521 0.8308749 1.741789 0.6048171 0.2362708 -2.667091 -4.883324 -1.751712
-6.308853 -3.93876 0.1243288 1.135468 -1.527473 -1.149908 0.1141634 -0.4739788 0.2767747 1.417798 0.5509347 -0.0534965 -2.760367 -4.648205 -1.775909
-6.440268 -4.11465 -0.3151182 1.323287 -1.649424 -1.247323 0.140729 -0.2496241 0.5917016 1.495882 0.3044708 -0.1979893 -2.846886 -4.897648 -1.734741
-6.396481 -4.162831 -0.02762878 1.27215 -1.596622 -1.237867 0.123859 -0.2390101 0.5216978 1.750696 0.5160403 0.09490434 -2.896583 -4.730604 -1.352654
-6.042648 -4.015805 0.0828959 1.533043 -1.719874 -1.146905 0.3682054 -0.2010949 0.6026158 1.812148 0.830734 0.09400728 -2.743154 -4.460884 -1.328288
-6.072445 -3.802966 0.06800589 1.263009 -1.489695 -1.087362 0.1809417 -0.2542487 0.888723 1.621981 0.3594202 0.05509325 -2.418064 -4.660757 -1.581035
-6.496129 -3.919702 0.08859702 1.351004 -1.526389 -1.187799 0.05247751 -0.4399748 0.4824027 1.471428 0.5230162 0.09153872 -2.824898 -4.710765 -1.829769
-6.524756 -4.171477 0.3658337 1.256816 -1.543758 -1.016171 0.06575793 -0.2259994 0.7869422 1.610043 0.7480524 0.05033099 -2.905728 -4.562747 -1.568317
-5.96395 -3.873327 0.2354944 1.540448 -1.344157 -0.8250686 0.3613964 0.1890195 1.025526 1.650137 0.8660933 0.2327678 -2.583517 -4.380065 -1.393472
-6.02589 -3.71915 0.336291 1.690845 -1.288158 -0.8208091 0.6972906 0.00299937 0.943391 1.860337 1.175238 0.5590659 -2.446981 -4.310904 -1.380273
-5.780808 -3.722246 0.286408 1.645173 -1.448694 -0.8446163 0.3813385 0.1237902 1.25897 1.587296 1.091766 0.3970769 -2.51585 -4.222122 -1.281125
-5.937888 -3.677327 0.3572817 1.634833 -1.413355 -0.5821329 0.54115 -0.03652715 1.041573 1.947094 0.9246184 0.3144352 -2.528301 -4.534308 -1.255705
-5.872552 -3.77403 0.2503049 1.56727 -1.061032 -0.9190387 0.533766 -0.002581516 1.053001 1.852417 0.7264381 0.487527 -2.534021 -4.338379 -1.341672
-5.945422 -3.754148 0.336053 1.459132 -1.370407 -1.088071 0.4795931 -0.1756665 0.956259 1.588105 1.159718 0.3450901 -2.33399 -4.31268 -1.237814
-5.87498 -3.753112 0.4233138 1.519775 -1.30107 -1.08813 0.6003891 -0.2653184 1.233937 1.798213 0.8976952 0.1726451 -2.288777 -4.552535 -1.207901
-6.045415 -3.471702 0.3941875 1.684869 -1.235854 -0.8389915 0.4463693 0.1274361 0.9485455 1.836994 1.330059 0.5435329 -2.290589 -4.21617 -1.218495
-5.835103 -3.515877 0.6591763 1.993883 -0.8371064 -0.431424 0.9535522 0.09808009 1.342303 2.30503 1.440077 0.724922 -1.981942 -3.978307 -0.9773655
-5.891057 -3.48717 0.5650994 1.828813 -0.8921987 -0.6565404 0.9852809 0.1174101 1.278308 2.276807 1.153375 0.732 -2.331007 -4.176032 -1.210147
-5.83671 -3.847168 0.5678909 1.77778 -1.054929 -0.8730666 0.77838 -0.04607025 0.8181825 2.077299 1.151107 0.3205777 -2.319345 -4.253064 -1.248565
-5.869074 -3.540322 0.4972317 1.894517 -1.10365 -0.6431051 0.5054186 -0.08316873 1.177656 1.930517 1.102465 0.6229972 -2.230046 -4.105052 -1.144977
-5.717455 -3.750963 0.7784729 1.674296 -1.106535 -0.5262099 0.5584469 0.3393321 1.26006 2.099836 0.9676636 0.5244679 -2.191808 -4.112415 -1.256805
-5.899354 -3.644125 0.4696725 1.503405 -1.17396 -0.9273361 0.4579448 -0.005115119 1.317524 2.057696 1.123586 0.6502724 -2.234262 -4.356708 -1.20838
-5.691953 -3.630199 0.5821894 1.833322 -0.8864037 -0.3712795 0.9858301 0.6009222 1.403422 2.175297 1.395736 0.6833975 -2.002574 -4.025603 -1.173245
-5.29315 -3.400407 0.9162836 2.301211 -0.5915558 -0.4391122 0.9297005 0.6690005 1.841763 2.64775 1.552613 0.9143297 -1.777476 -3.817352 -0.7555498
-5.462626 -3.273562 0.7714038 2.215251 -0.8354392 -0.2141792 1.213608 0.5483956 1.363844 2.37348 1.577766 1.086287 -1.979631 -4.118601 -0.8723373
-5.547235 -3.336988 0.769379 2.051491 -0.9817068 -0.2060143 1.019745 0.4981284 1.231276 2.531193 1.416053 0.9110499 -2.07439 -4.003157 -0.8012188
-5.50944 -3.219129 0.8174319 1.896942 -0.6502337 -0.3808992 0.8394634 0.4786454 1.455761 2.336628 1.38473 1.001947 -2.109288 -3.978839 -0.9258441
-5.572994 -3.394299 0.8301343 1.957819 -0.8528783 -0.566326 0.8132106 0.5926208 1.431407 2.191892 1.290359 0.7486764 -1.890841 -3.867879 -0.9259728
-5.771122 -3.715285 0.5227684 1.780929 -0.8046064 -0.7986438 0.7652181 0.1151045 1.364293 2.242255 1.180415 0.4290729 -2.222999 -4.529765 -1.136231
-5.806642 -3.472687 0.4262394 1.521441 -1.176896 -0.8237163 0.5915778 0.1720848 1.211116 2.043859 0.8985864 0.5116408 -2.293327 -4.081478 -1.40254
-5.704389 -3.700947 0.4892563 1.76665 -1.11913 -0.6693361 0.5700976 0.3024529 1.246527 2.121644 1.258402 0.4479014 -2.341288 -4.091378 -1.138918
-5.819915 -3.719225 0.4797363 1.761032 -1.206446 -0.8357032 0.623778 0.05674585 0.9547007 1.96402 1.047201 0.7038539 -2.363401 -4.254755 -1.347439
-6.026445 -4.08764 0.2192512 1.43 -1.435271 -0.9570196 0.3494217 0.01793534 0.8099269 1.630398 0.5504114 0.277614 -2.532234 -4.836726 -1.311949
-6.100413 -3.968827 0.2075747 1.50051 -1.635392 -0.953958 0.2526072 -0.217073 0.7818714 1.895843 0.8134524 0.3877047 -2.624374 -4.617189 -1.423133
-6.011623 -3.831078 0.2934383 1.578757 -1.111305 -0.7974755 0.4431822 -0.05508559 1.114687 1.998551 0.7797471 0.3976501 -2.507577 -4.416238 -1.490092
-5.728288 -3.698759 0.5793067 1.517709 -1.415335 -0.6921985 0.5698179 0.04709324 1.012283 1.95144 0.929821 0.5969829 -2.449044 -4.343744 -1.340236
-5.746883 -3.679669 0.3485737 1.81098 -1.12824 -0.7552355 0.5260732 -0.03069293 1.098733 2.086841 1.14217 0.6565285 -2.234838 -4.529468 -1.194751
-6.218691 -4.149015 0.3051773 1.417586 -0.9380009 -0.8303298 0.2656701 0.169004 0.7950518 2.071122 0.8281168 0.08399456 -2.699909 -4.474753 -1.086492
-6.056946 -3.845402 0.267018 1.149831 -1.456839 -1.00157 0.5369701 -0.244717 0.9140466 1.790329 0.7224224 0.3096308 -2.618485 -4.536191 -1.154224
-6.020089 -4.056693 0.1585538 1.791178 -1.424428 -0.6885129 0.4135899 0.09762613 1.008569 1.869176 0.7301547 0.143521 -2.677226 -4.469642 -1.350249
-5.830022 -3.99011 0.3374529 1.315901 -1.4214 -0.834627 0.5219575 0.005804352 0.7995087 1.924359 1.027659 0.3451847 -2.494259 -4.308249 -1.341112
-5.828603 -3.775251 0.3131043 1.572694 -1.289897 -0.7773066 0.8112772 0.2103745 0.9997578 1.868208 0.9425182 0.5366678 -2.472257 -4.199111 -1.46537
-5.855724 -3.745082 0.4399892 1.719107 -0.9615531 -0.8500522 0.8146774 0.2206589 1.129004 2.34016 1.011985 0.4125912 -2.266424 -4.27739 -1.146965
-5.716606 -3.802148 0.4579716 1.429789 -1.300111 -0.6193938 0.5599064 0.2131927 1.160134 2.162838 0.9196469 0.4417247 -2.470399 -4.093115 -1.091948
-5.87594 -3.560847 0.6362211 1.896889 -0.8798833 -0.4898106 0.8548831 0.3455808 1.512276 2.398212 1.061661 0.8402235 -2.201968 -4.027082 -0.9546096
-5.638503 -3.42049 0.5690128 1.800718 -1.191524 -0.4818087 1.118613 0.2524868 1.247248 2.235699 1.213291 0.7421625 -2.312979 -4.128624 -1.095495
-5.499274 -3.348056 0.59639 1.965704 -0.8386947 -0.4550965 0.672632 0.519235 1.265311 2.092417 1.424326 0.6866115 -2.197374 -4.286769 -1.163397
-5.511872 -3.379488 0.7758462 1.860023 -1.007127 -0.5651863 0.9098534 0.2098615 1.514437 2.245107 1.371191 0.6324627 -2.230551 -4.110848 -1.205836
-5.704167 -3.358538 0.6810744 1.780643 -0.9090357 -0.5870534 0.8116892 0.1678776 1.176571 2.023219 1.129758 0.6698404 -2.144013 -4.12183 -1.219591
-5.927216 -3.819406 0.411832 1.620867 -1.160486 -0.4629389 0.5914701 0.1748169 1.074379 2.002136 1.141561 0.6679999 -2.434631 -4.301459 -1.267092
-6.016846 -3.65017 0.2450967 1.45138 -1.160691 -1.021597 0.4064692 0.06496638 0.5960289 2.000044 0.9703351 0.5984214 -2.332693 -4.225761 -1.409184
-6.161168 -3.817314 0.4497462 1.546668 -1.178278 -0.8830466 0.4102178 0.07423512 0.993827 1.649902 0.9744212 0.2528915 -2.408455 -4.539833 -1.512088
-5.625027 -3.929833 0.5585258 1.937907 -1.169463 -0.5630158 0.5493912 0.0175499 1.131779 2.133052 1.028175 0.5323812 -2.28902 -4.607373 -1.198574
-5.589905 -3.179029 0.6030652 1.929768 -0.7349939 -0.4040549 1.132754 0.5534365 1.433577 2.210223 1.143189 0.9062893 -1.930403 -3.751744 -1.136907
-5.516783 -3.553585 0.6101643 1.876991 -0.9070307 -0.3560973 0.441419 0.2930702 1.515699 2.064197 1.19373 0.6399219 -2.256932 -4.301731 -1.02749
-5.84404 -3.687718 0.2895678 1.483267 -1.337976 -0.9340912 0.5468234 0.1620671 1.077453 1.747077 1.15028 0.64356 -2.655297 -4.417113 -1.015611
-5.788251 -3.923375 0.375098 1.513112 -1.094267 -0.6628596 0.9216798 -0.01668522 1.118904 2.035904 1.333719 0.361764 -2.041772 -4.448182 -1.418939
-5.836619 -3.71935 0.5000756 1.647172 -1.048027 -0.5330539 0.5344211 0.2919655 1.259386 2.001508 1.122735 0.8601354 -2.220744 -4.10637 -1.267997
-5.864184 -3.532878 0.3762928 1.814304 -1.029168 -0.9011269 0.924571 0.3188169 1.404292 2.292981 0.8943721 0.5862696 -2.282954 -4.147779 -1.221384
-5.861435 -3.545176 0.577715 1.635054 -1.07786 -0.5932644 0.7153239 0.1668261 1.304505 2.027134 1.031019 0.2008871 -2.154647 -4.298349 -1.008494
-5.502236 -3.554455 0.6485762 2.087144 -0.7930232 -0.4739001 0.7330361 0.5420616 1.229863 2.137045 1.358569 0.7240214 -2.026823 -4.022687 -0.899667
-5.65534 -3.441481 0.7830833 2.144971 -0.8864467 -0.4086771 0.9000469 0.2659965 1.369069 2.345261 1.362495 0.8297574 -2.233463 -4.093827 -0.9528808
-5.513356 -3.522716 0.7624056 1.97924 -1.151662 -0.4089856 0.996062 0.4425114 1.167916 2.214174 1.344222 1.006333 -1.717214 -4.002067 -0.9834921
-5.882807 -3.527717 0.7753741 1.739055 -0.8293443 -0.6269232 0.6331622 0.3525359 1.253503 2.131217 0.936884 0.5314759 -2.276196 -4.014993 -1.275016
-5.755154 -3.332503 0.818081 1.843418 -1.112346 -0.6384364 0.6059 0.2795099 1.182417 2.477135 1.264106 0.6602279 -2.265521 -4.035457 -0.8876984
-5.768393 -3.599918 0.5375166 1.90657 -0.9888959 -0.3549298 0.7519357 0.5821054 1.162018 2.163402 1.072311 0.5312233 -2.120826 -4.285589 -1.060778
-5.661729 -3.440922 0.5725124 1.844807 -1.042143 -0.5081455 0.8123623 0.434622 1.203742 2.141838 1.251191 0.805763 -2.218003 -3.999934 -1.138105
-5.639912 -3.305778 0.6327841 1.911348 -0.9499418 -0.3969248 0.8934806 0.5054149 1.21888 2.259136 1.360177 0.6266438 -2.148873 -3.971451 -0.9853145
-5.857454 -3.579329 0.8198036 1.900893 -1.021596 -0.432809 0.7485021 0.4190521 1.2638 2.133889 1.128934 0.4582005 -2.398344 -4.193328 -0.9841049
-6.002658 -3.487208 0.3565659 1.600113 -1.237807 -0.7627271 0.4658066 0.08650398 1.157917 1.97668 0.9913761 0.5227696 -2.341803 -4.455434 -1.271749
-5.863449 -3.827957 0.3545673 1.765217 -1.202811 -0.830439 0.4636789 0.07717689 1.00409 1.836542 0.9870708 0.4459921 -2.336939 -4.294254 -1.501381
-6.089784 -3.740193 0.3964553 1.641141 -1.213498 -1.118315 0.6030232 -0.02140109 0.9264594 1.902782 0.9232048 0.155293 -2.617871 -4.683563 -1.616113
-5.945961 -3.702877 0.3989807 1.768732 -1.321738 -0.6702738 0.4055775 -0.07812926 1.1092 1.860702 0.9662296 0.2324196 -2.361631 -4.385496 -1.494717
-5.984765 -3.849393 0.1275512 1.294146 -1.321542 -0.9085311 0.5106419 -0.2556155 0.959092 1.917759 0.8559067 0.1335321 -2.708099 -4.664083 -1.533798
-5.811797 -3.827517 0.1548785 1.447134 -1.41452 -0.9101567 0.1672495 0.09468161 0.7950428 1.737453 0.8891156 0.07822223 -2.560623 -4.591575 -1.497103
-6.056804 -3.57887 0.411349 1.488202 -1.152293 -0.7456679 0.4486575 -0.1724489 1.01274 1.925221 1.125862 0.5224029 -2.398041 -4.493255 -1.454764
-5.749054 -3.929635 0.3413635 1.528595 -1.258777 -0.8669045 0.4958757 0.2346679 1.029917 1.852379 0.8789303 0.3934885 -2.381202 -4.354115 -1.40807
-5.968609 -3.535728 0.3972219 1.848435 -1.074098 -0.795103 0.7549696 0.1015081 1.213894 2.194676 1.006257 0.6651744 -2.109504 -4.458089 -1.12462
-5.450155 -3.443592 0.7422762 1.998915 -0.915439 -0.3771714 1.091537 0.4008333 1.435633 2.273195 1.253362 0.7358037 -2.036638 -4.000566 -1.145738
-5.698662 -3.547913 0.5328598 1.764714 -1.294437 -0.5364082 0.7821435 0.0800691 0.9461096 2.323509 0.9399168 0.7537168 -2.239968 -4.137514 -1.169065
-5.734887 -3.320489 0.5834918 1.801881 -1.154901 -0.4781181 0.5884579 0.1076133 1.248667 2.039954 1.198607 0.8465235 -2.003757 -4.242724 -1.166325
-6.00437 -3.834811 0.3695163 1.764493 -1.057734 -0.6404364 0.6869655 0.001836734 0.8986299 2.182341 0.9856696 0.4025761 -2.238152 -4.409674 -1.297363
-5.83401 -3.72493 0.5042439 1.409879 -1.168594 -0.5850933 0.5503589 0.09950029 0.9277924 2.057017 1.178816 0.3184676 -2.163576 -4.370253 -1.601735
-6.027506 -3.747293 0.4102332 1.559494 -1.365898 -0.8548874 0.3210321 -0.0201792 0.8856862 2.027403 1.008077 0.4845304 -2.233426 -4.250424 -1.319311
-6.013623 -4.014461 0.3163056 1.355188 -1.436103 -0.8112654 0.6243386 0.1232884 0.8356797 1.785755 0.9551704 0.3227508 -2.365897 -4.614756 -1.368547
-6.111031 -3.917055 0.300885 1.64372 -1.39129 -1.053843 0.5458107 -0.04579302 0.8605114 2.011168 0.8875951 0.4957814 -2.639444 -4.426903 -1.325065
-6.032009 -3.783653 0.2662891 1.366815 -1.160971 -0.6646776 0.6664215 0.08416545 1.00167 1.959907 0.8422263 0.5416843 -2.40986 -4.578686 -1.379335
-5.816362 -3.915681 0.3842775 1.536735 -1.233286 -0.5695941 0.299917 0.1681487 0.9735261 2.167335 0.8726227 0.4103441 -2.448988 -4.190366 -1.231847
-5.988169 -3.714126 0.2689278 1.664694 -1.416579 -0.6088695 0.553453 0.1528781 0.9089523 1.837149 0.9268142 0.4611809 -2.560849 -4.431976 -1.353069
-6.364093 -3.830206 0.3614352 1.535205 -1.243004 -0.8685881 0.5699388 -0.1236079 0.9675399 1.857653 0.7770445 0.5178361 -2.459544 -4.400428 -1.348635
-6.239665 -3.778532 0.3094711 1.322568 -1.686197 -0.8496726 0.4117932 -0.01257723 0.8249549 1.756934 0.9289098 0.03869517 -2.537278 -4.479459 -1.714191
-5.911768 -3.871857 0.3226154 1.496697 -1.25405 -1.009824 0.4075004 0.07329224 0.8887479 1.640891 0.7908499 0.1478307 -2.477035 -4.54596 -1.479725
-6.098034 -3.926959 0.2460528 1.49866 -1.735847 -0.8385269 0.4208717 -0.02981669 0.7688305 1.85017 0.8237536 0.1788001 -2.642072 -4.643832 -1.657328
-6.171378 -3.802923 0.2770629 1.541264 -1.480032 -0.7640896 0.3903333 -0.1124801 1.05055 1.941868 0.8088034 0.1915565 -2.437088 -4.685324 -1.440054
-6.044321 -3.926702 0.1437425 1.509491 -1.341958 -0.9616318 0.1833692 -0.2347642 0.7781628 1.653688 0.8656308 0.3501437 -2.48049 -4.467802 -1.608767
-5.828639 -3.807811 0.3997921 1.718771 -1.276751 -0.5637876 0.5756076 -0.02407067 1.35314 1.886827 0.7934081 0.425414 -2.292643 -4.246356 -1.210425
-5.575114 -3.510871 0.5822419 2.042254 -0.993153 -0.4880852 0.772151 0.4026331 1.248762 2.343093 1.235003 0.9842212 -2.194015 -4.088279 -0.7911885
-5.393703 -3.246451 0.848039 1.952254 -0.7612169 -0.3130104 1.159953 0.3386461 1.378721 2.345379 1.374216 1.030473 -2.119392 -3.808802 -0.7887039
-5.470304 -3.418288 0.9524169 2.191221 -0.7929269 -0.1530348 0.8831114 0.4556389 1.554968 2.334319 1.408104 0.7616406 -1.743822 -3.885129 -0.8794519
-5.493027 -3.418751 0.9741818 1.926512 -0.8576171 -0.3138114 0.9052456 0.5058419 1.501267 2.19056 1.45348 0.9172761 -1.954163 -4.006614 -0.7671506
-5.350732 -3.203914 0.9552086 2.002677 -0.6698276 -0.2768233 1.187234 0.5721462 1.51543 2.59398 1.36866 0.8943492 -1.979524 -3.768603 -0.8436656
-5.60292 -3.427826 0.8557617 1.911049 -0.8979059 -0.3346838 0.9527017 0.3462577 1.459099 2.399544 1.339768 0.9405378 -2.142393 -3.965713 -0.770449
-5.709015 -3.604765 0.6369742 1.888195 -1.061237 -0.427993 0.7159599 0.2089721 1.270063 2.245125 1.232785 0.7077369 -2.324532 -4.169455 -1.19391
-5.803701 -3.443223 0.7004643 1.972494 -0.959215 -0.626706 0.8726339 -0.02048318 1.387526 2.218964 1.272046 0.7622284 -2.296539 -4.084243 -1.245354
-5.805904 -3.61784 0.8690806 2.045327 -1.009839 -0.4838392 0.8165562 0.4015667 1.236106 2.362248 1.161134 0.6709032 -2.020567 -4.024245 -1.171277
-5.404757 -3.404414 0.7545922 2.154493 -0.8366891 -0.2347678 1.103453 0.4591933 1.597114 2.471013 1.343015 1.063906 -1.884713 -3.658335 -0.8761233
-5.603903 -3.361935 0.7261287 2.031002 -0.8330336 -0.4305786 0.7971511 0.4067788 1.602933 2.402394 1.459996 0.6392604 -2.118213 -3.978167 -0.7440318
-5.415207 -3.046343 0.8322217 2.072743 -0.6959302 -0.2671867 0.8638767 0.4430744 1.563302 2.320659 1.418719 1.006625 -1.70761 -3.974297 -0.834438
-5.158101 -3.060963 0.7713137 2.078458 -0.6544529 -0.1142279 1.069117 0.6167838 1.452698 2.231273 1.262471 1.231769 -1.859313 -3.647208 -0.8047311
-5.332638 -2.951285 0.8900082 2.061486 -0.7013744 -0.05827922 1.263723 0.6538937 1.826425 2.626507 1.692309 1.150001 -1.614652 -3.808858 -0.7235776
-4.96131 -2.921258 1.128203 2.5475 -0.3867912 0.1117566 1.6521 1.036799 1.745809 3.01546 1.93764 1.33551 -1.475154 -3.771269 -0.4333519
-5.312335 -3.014691 1.167839 2.554809 -0.5001834 0.09031581 1.557637 0.8723807 1.947692 2.729624 1.851644 1.335182 -1.618579 -3.437161 -0.4223341
-4.681868 -2.672612 1.394264 2.660403 -0.2268382 0.4965795 1.576027 0.9443749 2.084967 2.823063 2.076794 1.531188 -1.314045 -3.208943 -0.4676888
-4.455644 -2.476833 1.746162 2.793607 0.06000624 0.6926187 1.969198 1.374384 2.615809 3.303751 2.271793 1.812272 -1.042773 -2.980175 -0.232347
-4.592234 -2.585115 1.61889 2.955311 -0.05567718 0.7474511 1.557473 1.314588 2.434319 3.174208 2.360044 1.797158 -0.9187932 -2.947461 -0.1235277
-4.379354 -2.580664 1.445228 2.800543 -0.05166848 0.4983379 1.737933 1.006763 2.519761 3.235129 2.218814 1.613044 -1.279074 -3.213738 -0.1180238
-4.711932 -2.2506 1.742874 3.09067 0.1857288 0.6373871 1.849648 1.485017 2.573549 3.450641 2.516567 2.034248 -0.8628837 -2.888519 0.2254892
-4.477564 -2.22917 1.865081 2.961903 0.1628476 0.4827959 2.051729 1.605758 2.721434 3.509468 2.570122 1.878774 -0.7159304 -2.818774 0.1727272
-4.502679 -1.937115 1.736663 2.959616 0.201865 0.6578476 1.993856 1.257468 2.557893 3.203117 2.260596 1.820572 -0.7480605 -3.091274 -0.02700538
-4.351255 -2.19149 1.889626 2.951816 0.3074242 0.7465254 2.200031 1.577682 2.337491 3.455585 2.417944 1.865224 -0.6884107 -3.20816 0.3201028
-4.132566 -2.604383 1.72537 3.040648 0.1479122 0.5681254 1.862761 1.479512 2.404469 3.381891 2.502947 1.805158 -1.0959 -2.914351 -0.03150771
-4.550172 -2.553653 1.759817 3.038309 0.4886445 0.5935285 1.860401 1.392685 2.311028 3.424128 2.240583 1.984111 -1.032934 -2.875424 -0.02459243
-4.42525 -2.150525 2.022136 3.14619 0.4820224 0.7264298 2.077469 1.312107 2.44704 3.388108 2.507939 1.998635 -0.8958319 -2.823102 0.2551669
-4.596102 -2.411345 1.820467 3.063215 0.09038809 0.4812728 1.901559 1.564838 2.545819 3.424941 2.45844 1.506649 -0.8095668 -2.913151 0.03083474
-4.509451 -2.386118 1.580093 2.851442 0.1593048 0.5639914 1.915282 1.585827 2.578746 3.287743 2.307952 1.875331 -0.7569642 -2.857759 -0.09240946
-4.254684 -2.149166 2.030394 3.290529 0.4625751 0.7783015 2.099015 1.854118 2.642323 3.578058 2.614857 2.263789 -0.7831724 -2.7059 0.1461805
-4.341383 -2.06298 2.126867 3.46804 0.5770412 0.941715 2.228853 1.490055 2.799654 3.53306 2.630261 1.925419 -0.8507698 -2.53033 0.4586723
-4.330103 -2.009009 2.110246 3.386027 0.4617616 0.9690986 2.15598 1.834692 2.702672 3.545447 2.496897 2.166931 -0.872312 -2.836943 0.1194649
-4.07946 -1.942029 2.056095 3.400536 0.4061642 1.099189 2.274935 1.832549 2.763234 3.754782 2.539579 2.142534 -0.7391001 -2.743901 0.4635348
-3.89551 -1.959711 2.111466 3.485539 0.6142572 0.9799294 2.51765 1.935626 2.802622 3.791413 2.662252 2.029962 -0.5078146 -2.432619 0.2365094
-4.182041 -2.009612 2.190603 3.290164 0.3765204 0.8262543 2.252236 1.890199 2.748434 3.644464 2.679545 2.205922 -0.5925921 -2.677936 0.3977747
-3.936336 -1.99005 2.351361 3.340159 0.5562445 1.09008 2.530751 2.015063 2.850536 3.849756 3.014852 2.247074 -0.3588168 -2.528716 0.615033
-4.334911 -2.014704 2.171536 3.486044 0.6421558 1.042833 2.397746 1.838064 2.700253 3.681751 2.619023 2.154417 -0.5654762 -2.732943 0.4713279
-3.929749 -1.819259 2.417119 3.641887 0.7061287 0.876478 2.542407 2.267472 3.128182 3.850791 2.757094 2.451174 -0.4515866 -2.210723 0.6031318
-3.985837 -1.759556 2.443762 3.648686 0.726018 1.019935 2.675905 2.103621 3.094755 3.878765 2.916345 2.05634 -0.1789028 -2.149549 0.7227943
-3.663203 -1.444249 2.505705 3.704888 1.189685 1.414807 2.665474 2.227754 3.293531 4.298772 3.345351 2.847894 -0.1182572 -2.079473 1.004302
-3.832221 -1.306646 2.640803 3.894 0.9123713 1.398489 2.804109 2.399394 3.158067 4.122847 2.951483 2.514945 -0.3094166 -2.279116 0.6825891
-3.746923 -1.557308 2.666402 3.976184 1.12767 1.649127 2.739078 2.398034 3.510916 4.095208 3.265193 2.637984 0.1051949 -2.243325 0.8248854
-3.516246 -1.393425 2.486815 3.969918 1.117102 1.684244 2.751771 2.50609 3.258168 4.098945 3.073638 2.925399 -0.07718249 -1.92654 1.008348
-3.458303 -1.21515 2.486058 3.704228 1.079561 1.291753 2.686937 2.411873 3.187197 4.186889 3.183636 2.770505 -0.02462221 -2.095085 0.7945217
-3.716479 -1.881057 2.677753 3.642297 0.491193 1.265906 2.61491 2.158199 3.148456 4.022071 2.750843 2.685001 -0.3309416 -2.279478 0.7595738
-4.27905 -1.95861 2.421856 3.627641 0.8275237 1.265696 2.318281 2.080225 2.85359 4.077766 2.848809 2.357239 -0.3911125 -2.399762 0.6936547
-4.16373 -1.828185 2.538546 3.734083 0.7820906 1.164445 2.695155 2.301355 3.147191 3.967919 3.028543 2.577471 -0.2409058 -2.399343 0.3807259
-3.890548 -1.629132 2.403286 3.691471 0.8966779 1.278181 2.398488 1.871735 3.418644 3.908941 2.929879 2.342324 -0.3841111 -2.339851 0.8646768
-4.011892 -1.82814 2.20951 3.710495 0.842783 1.26181 2.682622 2.10755 3.209866 3.902314 2.89622 2.553815 -0.3593765 -2.277852 0.9201171
-4.193827 -2.160436 2.099417 3.444197 0.6322197 0.8393425 2.407509 1.926985 2.649737 3.687306 2.58283 2.249356 -0.5998697 -2.58952 0.4267134
-4.021979 -2.010361 2.217395 3.505318 0.586555 1.053265 2.34931 1.831257 2.940478 3.812184 2.536251 2.166309 -0.6544037 -2.545454 0.3051602
-4.244273 -2.346452 2.042571 3.13088 0.4032828 0.7728114 2.135806 1.529435 2.620097 3.639809 2.559022 2.141835 -0.8005658 -2.726873 0.1525985
-4.178531 -2.157929 2.296393 3.38527 0.3733753 0.9036389 2.428393 1.638752 2.862103 3.431592 2.293616 2.350751 -0.662419 -2.49172 0.4898888
-4.215503 -2.104751 2.285311 3.421129 0.4192802 1.040661 2.512638 1.86705 2.604413 3.699208 2.701819 2.073224 -0.6969953 -2.527088 0.4722177
-4.397026 -2.236307 2.147857 3.286474 0.2182888 1.016868 2.255102 1.630349 2.634712 3.550537 2.484382 2.145528 -0.8534297 -2.699949 0.4707267
-4.074381 -2.002556 2.288576 3.272602 0.4827484 0.9483114 2.063972 1.67659 2.603379 3.434961 2.804082 2.030879 -0.798044 -2.626655 0.3587203
-4.273087 -2.13622 1.975285 3.314876 0.4124753 0.8899914 2.231985 1.698511 2.591935 3.662897 2.635486 1.935615 -0.4933365 -2.810542 0.4303583
-4.168163 -1.869329 2.247694 3.750672 0.4728094 1.090742 2.50425 1.931184 3.017575 3.951976 3.103731 2.272845 -0.5206421 -2.355166 0.684969
-3.794964 -1.659247 2.670822 3.705244 0.9976869 1.469183 2.637517 1.901221 3.085337 3.969225 3.152947 2.440927 -0.2403554 -2.135091 0.8334781
-3.94618 -1.437129 2.601671 3.758804 0.9021315 1.405348 2.630616 2.110002 2.997337 4.142186 3.228231 2.63343 -0.2187885 -2.311375 0.7739811
-3.336292 -1.21419 2.710843 3.868189 1.293216 1.592417 2.639006 2.361409 3.473549 4.472312 3.29646 2.917647 -0.113209 -1.988675 1.279399
-3.918081 -1.392232 2.371632 3.616471 0.8957779 1.402334 2.664504 2.296038 3.608779 3.847604 2.91227 2.582855 -0.455516 -2.122614 0.8034742
-3.540241 -1.410998 2.49702 3.979433 1.061051 1.588528 2.525557 2.22147 3.243188 4.371019 3.23858 2.651419 -0.1194582 -2.071841 0.9722915
-3.605783 -1.300414 2.618928 3.890642 0.8550241 1.437847 2.926316 2.159807 3.401944 4.114266 3.140975 2.507251 -0.166441 -2.122154 0.8035701
-3.809978 -1.670878 2.576567 3.798907 0.9220092 1.23273 2.633451 2.217228 3.002859 4.05131 3.008412 2.53917 -0.3696926 -2.228628 0.7438323
-3.842619 -1.786712 2.411382 3.554824 0.6574505 1.289522 2.278769 2.218312 3.057683 4.070366 2.927534 2.403826 -0.5119738 -2.326103 0.6833215
-4.106008 -1.989355 2.190311 3.396006 0.6436421 1.078513 2.232027 1.94784 2.810217 3.944877 2.878509 2.243099 -0.7443856 -2.615653 0.3382764
-4.036719 -1.795642 1.997078 3.362398 0.6860589 1.079019 2.383427 1.88855 3.00747 3.703959 2.771847 2.32388 -0.6320702 -2.407825 0.5812764
-4.08079 -1.793409 2.179361 3.491115 0.6280964 0.9877549 2.144974 1.805259 2.822909 3.69881 2.617032 2.242102 -0.5194194 -2.557143 0.5987808
-4.481816 -2.429127 1.956784 3.280233 0.3678609 0.8910528 2.183184 1.709481 2.607429 3.42026 2.610849 2.099168 -0.9021632 -2.838708 0.1724345
-4.321915 -2.080664 2.004 3.213365 0.5726569 1.086281 2.298117 1.690924 2.718094 3.568342 2.805007 2.010638 -0.861189 -2.572908 0.4039389
-4.259355 -1.940245 2.232116 3.474825 0.6015598 1.044733 2.484654 1.923555 2.585881 3.89525 2.861838 2.124203 -0.6409417 -2.493048 0.4130287
-3.950731 -1.802563 2.197828 3.547247 0.5539508 0.9716349 2.355739 1.851244 2.868104 3.710938 2.74354 2.182743 -0.5615556 -2.518008 0.338791
-3.925842 -1.908237 2.417099 3.518422 0.5788755 0.9002912 2.544171 2.297522 2.909568 3.880812 2.931671 2.244685 -0.5624967 -2.562766 0.5784574
-4.185807 -1.756536 2.282928 3.503088 0.6635069 1.062497 2.294803 1.826412 3.083296 4.193304 2.751049 2.319286 -0.4657281 -2.785953 0.7112578
-4.305844 -2.299857 2.081157 3.196293 0.442999 0.8585089 2.113747 1.721123 2.608301 3.521766 2.527658 1.840832 -0.816361 -2.83641 0.1767674
-4.410998 -2.061905 2.119001 3.270278 0.3360029 0.9927011 2.480805 1.712044 2.614616 3.67884 2.621759 2.089209 -0.6712726 -2.739468 0.2264759
-3.950236 -1.764722 2.33021 3.538687 0.7004859 1.326164 2.529308 1.902687 3.031493 3.737557 2.957237 2.249152 -0.5474789 -2.5624 0.54884
-4.015244 -2.046063 2.1816 3.454368 0.7037305 1.19599 2.494385 2.014629 3.093319 3.729518 2.757162 2.491239 -0.5376878 -2.666399 0.3875703
-3.828744 -1.558766 2.279669 3.594638 0.9823223 1.056137 2.229116 2.021432 2.837445 3.890477 2.970763 2.41083 -0.2980983 -2.452575 0.648575
-4.294646 -2.018144 2.114344 3.635173 0.3017697 0.9501742 2.21023 1.898968 2.755061 3.832654 2.872161 2.223573 -0.5871142 -2.581813 0.3198142
-4.398217 -2.114711 1.861312 3.380715 0.3692453 1.015908 2.15986 1.695521 2.709663 3.759301 2.662657 2.104993 -0.7689964 -2.787702 0.2964388
-4.127357 -1.941736 2.198271 3.534793 0.7360014 0.8552654 2.395175 1.967271 2.877498 3.716582 2.721546 2.430834 -0.363773 -2.483182 0.5244172
-4.132356 -2.127669 2.11263 3.354163 0.4302464 0.9882202 2.216973 1.90649 2.903182 3.677374 2.637621 2.168173 -0.6832361 -2.442822 0.5354131
-4.3185 -2.13952 2.150249 3.298908 0.6692587 0.9565853 2.132423 1.920785 2.771107 3.771856 2.777127 2.229624 -0.4897655 -2.586347 0.253603
-4.085002 -1.744621 2.237513 3.720955 0.4804104 1.193547 2.587132 1.786666 2.911468 3.948247 2.828884 2.312499 -0.3814925 -2.54929 0.7486233
-4.056427 -1.99007 2.334658 3.51095 0.7653836 0.7838285 2.184209 1.871464 3.062426 3.696457 2.710408 2.398601 -0.5118602 -2.506428 0.7749108
-4.309911 -1.844167 2.120224 3.518363 0.471212 1.025823 2.247066 1.753721 2.90341 3.761875 2.959134 2.134958 -0.5242831 -2.483579 0.3254807
-4.112408 -1.757075 2.395635 3.365128 0.455228 1.054939 2.284288 1.830346 2.969659 3.819826 2.894931 2.194258 -0.4734186 -2.644052 0.6995666
-4.044383 -2.020106 2.376975 3.603771 0.6825646 1.132906 2.433374 1.768913 2.881956 3.971985 2.80543 2.475003 -0.6322411 -2.438359 0.5710018
-4.003959 -1.595033 2.585304 3.556091 0.7761466 1.237049 2.529242 1.945244 3.016245 4.038678 2.983988 2.505095 -0.2354651 -2.376409 0.8394341
-3.772442 -1.880802 2.303864 3.538283 0.6124802 1.16077 2.464748 2.181353 2.905206 3.653463 3.009267 2.417961 -0.4976332 -2.479026 0.6898964
-3.784737 -1.686706 2.323835 3.718221 0.8798812 1.097828 2.319441 2.100002 3.085635 3.845271 2.919122 2.342603 -0.4433326 -2.318136 0.5771071
-3.987877 -1.76979 2.540885 3.676536 0.71249 1.300906 2.782825 2.012262 3.007277 4.1768 2.957383 2.398226 -0.4409706 -2.344062 0.7832558
-3.576059 -1.605331 2.290985 3.489647 0.7456611 1.431686 2.582916 2.444863 3.196548 3.935742 3.073187 2.541816 -0.2875049 -2.375763 0.712083
-3.897227 -1.447172 2.653036 3.819222 1.02595 1.44438 2.829315 2.343171 3.191658 4.339645 3.101104 2.41717 -0.3617181 -2.134268 0.8032251
-3.817587 -1.681864 2.607496 3.886778 0.967913 1.51486 2.596753 2.337657 3.128241 4.031769 3.300176 2.520679 -0.2379767 -1.854909 0.9973489
-3.62218 -1.580493 2.51485 3.903227 0.9488972 1.478369 2.692666 2.283732 3.141697 4.174085 3.515813 2.689558 -0.2725211 -2.024377 0.9919211
-3.547868 -1.51388 2.660935 3.885362 1.246651 1.462135 2.921902 2.084609 3.402687 4.295191 3.133681 2.730249 0.03804828 -2.074356 0.8676126
-3.473028 -1.644533 2.501897 3.780778 1.108668 1.406234 2.629552 2.488585 3.098404 4.11306 3.351562 2.429519 -0.1896413 -2.000926 0.8354707
-3.748229 -1.707502 2.425604 3.966126 1.021817 1.457468 2.635851 2.365986 2.859214 4.218924 3.007829 2.446759 -0.399368 -2.298675 0.8221675
-3.938256 -1.516456 2.552825 3.74386 0.9747785 1.37583 2.624684 2.139617 3.168263 4.189959 3.109088 2.641199 -0.2413259 -2.188 0.9005778
-3.977998 -1.739068 2.345654 3.491887 0.7694295 1.076735 2.701264 1.852851 2.825675 3.937215 2.663341 2.535889 -0.4234174 -2.491203 0.915274
-3.960687 -1.76059 2.490845 3.52148 0.9869686 1.322621 2.639584 2.08224 2.978283 4.047612 2.986583 2.352429 -0.2522306 -2.307582 0.8470928
-3.956225 -1.568648 2.600722 3.663799 0.8230738 1.169428 2.322278 2.074386 3.122629 4.3552 2.929164 2.332319 -0.3320656 -2.454056 0.8768835
-3.874275 -1.773134 2.399114 3.648801 0.7463883 1.208812 2.586725 2.03674 2.990775 4.00876 2.880651 2.502909 -0.355532 -2.45189 0.7368416
-4.082611 -1.76722 2.267057 3.638058 0.6220247 1.311788 2.782029 2.119074 3.022186 3.724483 2.957821 2.539259 -0.3640389 -2.627402 0.7026868
-3.793519 -1.758612 2.428995 3.523901 0.7654745 1.22924 2.61783 1.984422 3.098709 3.928639 2.982867 2.503676 -0.4869713 -2.17444 0.8135568
-4.012766 -2.089733 2.108064 3.398631 0.463237 1.021802 2.266129 1.780935 2.787887 3.627198 2.575582 2.186461 -0.9449188 -2.626914 0.3984464
-4.539731 -2.222074 2.113562 3.23628 0.4678116 0.9834534 2.255322 1.760164 2.929382 3.231342 2.317834 1.989514 -0.7703998 -2.784189 0.1714331
-4.438115 -2.227762 1.844661 3.076523 0.2851033 0.8878069 1.937433 1.772784 2.47597 3.486463 2.369513 1.977005 -0.7720219 -2.709573 0.1495552
-4.412573 -2.429799 2.087809 3.099967 -0.01942629 0.7196768 1.931595 1.561272 2.421933 3.482411 2.373236 2.207819 -0.9343687 -2.818239 -0.09061184
-4.475171 -2.49536 1.894107 3.166153 0.1716027 0.7154445 2.201652 1.596446 2.394767 3.692259 2.432319 1.804384 -1.020215 -2.915324 -0.04302436
-4.449888 -2.52765 1.814844 3.240212 0.271413 0.5302627 1.906926 1.549322 2.158658 3.512688 2.390425 1.739945 -1.19236 -3.135367 0.149156
-4.754792 -2.481689 1.622694 3.068 0.0303061 0.2738848 1.711818 1.269346 2.229193 3.308851 2.237611 1.718276 -1.144377 -2.975633 -0.2265612
-4.837273 -2.397667 1.675759 2.841722 0.05013243 0.3728708 1.71616 1.260348 2.349091 3.280605 2.16353 1.834344 -1.210716 -3.405066 -0.105872
-4.691766 -2.431993 1.72308 2.992017 -0.1205242 0.6123939 1.99559 1.41704 2.406378 3.339448 2.228695 1.726867 -1.153084 -3.074888 -0.001071632
-4.467852 -2.277072 1.929589 3.121054 0.2474116 0.8378587 1.814761 1.665573 2.366317 3.486415 2.331446 1.649453 -1.032281 -2.776 0.2032747
-4.435452 -2.512963 1.722189 3.022205 0.3760453 0.7714445 1.952915 1.545617 2.849341 3.260264 2.460434 1.893716 -1.017103 -2.664955 0.07892975
-4.824428 -2.634254 1.644747 2.625363 -0.01320406 0.5733143 1.56862 1.211585 2.110157 3.155032 2.059507 1.521046 -1.214662 -3.085844 -0.2171731
-4.720391 -2.519457 1.383404 2.855717 -0.1645721 0.1961393 1.798389 1.33531 2.050556 3.067095 1.882066 1.510812 -1.375283 -3.260574 -0.3165181
-4.776929 -2.660491 1.32707 2.699904 -0.2191901 0.2352974 1.682083 0.8993156 2.024804 3.161594 2.081718 1.590855 -1.409848 -3.303276 -0.1312998
-4.957758 -2.536123 1.413251 2.647153 -0.2273967 0.3278838 1.498191 1.167971 1.927486 3.039133 2.185046 1.358914 -1.313648 -3.190361 -0.411322
-5.035526 -2.88288 1.292234 2.679995 -0.3057099 0.05216445 1.461703 1.079322 1.88418 2.652923 1.892175 1.361704 -1.667406 -3.559233 -0.2864081
-4.877456 -2.738659 1.438117 2.585295 -0.3630338 0.2642549 1.493769 1.173899 1.793528 2.865618 1.953538 1.486579 -1.355594 -3.503229 -0.1049259
-4.860454 -2.753372 1.31016 2.786356 -0.1691001 0.3963258 1.739913 1.211106 2.181301 3.08916 2.05296 1.575166 -1.280961 -3.267922 -0.07235391
-4.953901 -2.72277 1.365444 2.782635 -0.2579133 0.2899083 1.702999 0.9689255 2.137131 3.072812 1.895195 1.606643 -1.303693 -3.255489 -0.3331759
-4.842996 -2.928687 1.378933 2.872535 -0.1399059 0.1008955 1.49549 0.8768578 2.075457 2.984496 1.770919 1.414873 -1.445938 -3.407587 -0.05212496
-4.945912 -2.685982 1.26135 2.724731 -0.2132806 0.270697 1.770386 1.004464 2.16659 2.773937 1.728397 1.247476 -1.781198 -3.347639 -0.3045084
-5.146637 -2.808591 1.373418 2.53228 -0.4043703 0.01382089 1.242885 0.8246854 1.984166 2.865658 1.959983 1.339573 -1.51642 -3.504893 -0.521685
-5.292177 -3.164464 1.143727 2.516542 -0.3707123 -0.1268679 1.328256 0.8963058 2.009183 2.809366 1.730398 1.312936 -1.729483 -3.66977 -0.4942298
-5.038036 -2.537015 1.335549 2.324575 -0.1766628 0.1211471 1.49966 0.97761 2.041185 2.988865 1.918989 1.376727 -1.53812 -3.615282 -0.4283328
-5.13738 -3.01289 1.164582 2.333031 -0.3134097 -0.2087381 1.501259 1.045521 1.911247 2.800754 1.580066 1.394524 -1.60424 -3.664033 -0.7305533
-5.12012 -2.95335 1.201766 2.353574 -0.3423141 -0.1020962 1.382541 0.8758883 1.990293 2.813876 1.749329 1.214639 -1.633235 -3.608917 -0.5390341
-5.478736 -2.966472 1.051072 2.801259 -0.3785279 -0.08386678 1.446369 0.7873269 1.753506 2.598644 1.757054 1.286505 -1.865155 -3.560885 -0.7029175
-5.365777 -2.990675 1.263312 2.455704 -0.3473483 0.03755363 1.176092 0.625032 1.735783 2.863739 1.871474 1.139293 -1.685638 -3.643751 -0.7179997
-5.164587 -2.817858 1.333227 2.573498 -0.3183394 0.02691009 1.588523 0.9953524 2.218464 2.802667 1.830781 1.549173 -1.351209 -3.452165 -0.4361207
-4.99929 -2.875186 1.492978 2.645803 -0.1734843 0.1605671 1.667619 1.087762 2.15826 2.885443 1.727374 1.487584 -1.130969 -3.666707 -0.3252852
-4.846552 -2.926285 0.9683605 2.658251 -0.3287076 0.06544121 1.420871 1.110059 1.873049 2.906469 1.820744 0.8945639 -1.498955 -3.399359 -0.2741968
-5.265424 -2.875253 1.311046 2.572261 -0.3536634 -0.04484081 1.32699 0.7625098 1.908045 2.754302 1.736024 1.020141 -1.67279 -3.357281 -0.4547627
-5.064265 -2.873058 1.105507 2.460943 -0.4449964 -0.06693762 1.330206 1.044526 1.99781 2.51555 1.716871 1.107258 -1.597313 -3.676753 -0.5987242
-5.056997 -3.361166 0.8559404 2.255641 -0.487262 -0.3485391 1.346507 0.6153836 1.708044 2.721586 1.334715 1.126096 -1.697385 -3.583231 -0.6387826
-5.633104 -3.431831 0.7113217 2.041392 -0.7552503 -0.3890052 0.6827519 0.2490028 1.372402 2.081293 1.113135 0.6561312 -2.049073 -3.886957 -1.005958
-5.287985 -3.284963 0.8025043 2.107413 -0.721199 -0.2935438 0.9738732 0.5884059 1.668181 2.355813 1.546388 0.9495737 -2.076391 -4.176997 -0.7775735
-5.427729 -3.167705 0.9533332 2.127219 -0.5005178 -0.3735259 1.009802 0.5413118 1.579054 2.38194 1.573062 1.000846 -1.974955 -3.623738 -0.8310166
-5.723282 -3.126417 0.6450906 1.975999 -0.9524574 -0.5057614 0.9043424 0.5416351 1.422384 2.307528 1.317541 0.5800091 -2.074623 -4.096921 -0.8461201
-5.875677 -3.584347 0.5273815 1.736792 -1.12082 -0.4818834 0.7120945 0.1662731 1.176927 2.210994 1.034005 0.6000223 -2.289336 -4.483203 -0.9681975
-5.659196 -3.411185 0.5595218 1.860518 -1.000108 -0.402609 0.3840564 0.293095 1.091226 2.144008 1.251588 0.5273239 -2.286146 -4.180998 -1.214828
-5.464805 -3.561239 0.787793 1.978429 -0.9231049 -0.4443718 0.7061668 0.44546 1.397555 2.383019 1.46476 0.9009677 -1.98896 -3.984284 -1.284245
-5.966001 -3.641118 0.2670527 1.538451 -1.048184 -0.7314885 0.7846375 0.3828964 1.307768 2.020355 0.7978979 0.5331928 -2.422501 -4.282984 -1.381686
-5.772219 -3.745371 0.5241481 1.604081 -1.242351 -0.8473624 0.5728733 0.1497096 1.300686 1.877434 0.7564328 0.526672 -2.324036 -4.149081 -1.247139
-6.258684 -4.057131 0.09289894 1.551097 -1.289873 -1.057456 0.1593715 -0.2934943 0.7885625 1.66599 0.798491 0.1775331 -2.66015 -4.548858 -1.357877
-6.206375 -4.161936 0.2115797 1.301898 -1.530448 -1.022735 0.2101663 -0.2074095 0.8654049 1.490784 0.6930487 -0.06428722 -2.594255 -4.72527 -1.414078
-6.032896 -4.172809 0.05379466 1.459783 -1.565042 -0.9370954 0.3685304 -0.21427 0.7251748 1.909066 0.7001166 0.1027457 -2.705259 -4.499902 -1.59079
-5.899896 -3.660533 0.390768 1.597748 -1.185619 -0.8870993 0.6149138 0.1287743 1.034293 1.91165 0.9076563 0.567891 -2.344238 -4.325996 -1.536952
-6.123706 -3.896356 0.4952495 1.588843 -1.322538 -0.98843 0.637792 -0.2109946 1.133624 1.758274 0.8143755 0.1283925 -2.461346 -4.256297 -1.599165
-5.900799 -3.841067 0.2585453 1.563645 -1.203551 -0.9795933 0.5380613 -0.1592891 0.9425142 1.848637 0.8427504 0.06588157 -2.563114 -4.367904 -1.318768
-6.034754 -3.906127 0.3721202 1.622758 -1.13679 -1.09185 0.3095767 -0.2783735 0.830957 1.818791 0.7664274 0.1646904 -2.326706 -4.569718 -1.331122
-6.097398 -4.053158 0.1906883 1.222099 -1.415223 -1.045026 0.1725993 -0.1285763 0.7475237 1.892601 0.5515117 0.2233366 -2.474453 -4.625856 -1.72192
-6.04284 -3.839241 0.495958 1.522003 -1.333099 -0.7560637 0.3424772 -0.2523545 1.020685 1.902308 0.7496465 0.1954219 -2.584119 -4.26332 -1.193051
-6.016412 -3.667647 0.4359491 1.731528 -1.077015 -0.7698239 0.319369 0.09809265 0.9415108 2.034893 0.9062497 0.4606127 -2.166471 -4.320805 -1.431728
-5.625862 -3.361353 0.8660883 1.93509 -1.193253 -0.5430108 0.823254 0.2448017 1.388654 2.257272 1.227105 0.6020803 -2.16509 -3.854037 -1.032386
-5.907585 -3.579041 0.5243081 1.886756 -0.8900046 -0.5051345 0.6453945 0.567045 1.296817 2.175487 1.289122 0.7274673 -2.30194 -4.305005 -0.9405479
-5.641729 -3.330673 0.7467091 2.139996 -0.9357815 -0.5486147 0.861222 0.4555381 1.393339 2.396224 1.426238 0.8783106 -2.136497 -3.861823 -1.045089
-5.42303 -3.188324 0.8164636 2.22313 -0.9440009 -0.4342416 0.9403773 0.4244257 1.344341 2.429849 1.299822 0.8503895 -2.147175 -3.906772 -0.9296481
-5.597502 -3.40601 0.8654069 2.120313 -0.8549403 -0.8292411 0.9599437 0.2869014 1.474998 2.233768 1.435158 0.7578067 -2.073989 -4.003482 -1.098038
-5.696194 -3.246914 0.8912498 1.844648 -0.6771541 -0.4119722 1.052525 0.5037359 1.466275 2.279822 1.519058 0.7184348 -1.896529 -3.898215 -0.7325155
-5.66039 -3.542915 0.7063872 2.044431 -0.9138396 -0.4485015 1.022598 0.5045399 1.491985 2.319394 1.231983 1.04678 -2.008295 -3.740844 -0.9326254
-5.650192 -3.284332 0.7626738 2.055758 -0.7907709 -0.3350329 0.9887148 0.6335245 1.451419 2.340199 1.451247 0.7402795 -2.06782 -3.995134 -0.6891513
-5.637866 -3.491337 0.8149354 1.822895 -1.001702 -0.5496512 0.7675867 0.09839232 1.388166 2.193646 1.449018 0.7424787 -2.198413 -4.052456 -0.9983863
-5.907438 -3.556751 0.4264066 1.573013 -1.198021 -0.739272 0.6810768 0.2082627 1.107349 2.011409 1.060663 0.6335103 -2.307732 -4.435553 -1.33953
-5.525826 -3.524004 0.6685206 2.083209 -0.9663639 -0.3591377 0.9261189 0.4264644 1.423175 2.191831 1.416833 0.6653223 -2.124 -3.939809 -0.8411152
-5.396104 -3.004746 0.796577 2.06467 -0.7828958 -0.4085688 0.9645116 0.5369672 1.684044 2.465199 1.395223 0.8770636 -2.057388 -4.066492 -0.8118851
-5.297031 -2.991135 1.027354 2.062844 -0.2835416 -0.172723 1.199483 0.7925119 1.535848 2.690377 1.373324 0.9093785 -2.001265 -3.639168 -0.684403
-5.442016 -3.252892 0.8233649 2.101062 -0.6752824 0.05149354 1.150171 0.7422111 1.775633 2.573308 1.751025 1.099274 -1.7857 -3.636987 -0.6730244
-5.436755 -3.156914 0.9286281 2.15555 -0.7516035 -0.3569297 1.25495 0.5619905 1.797473 2.673175 1.431357 1.076736 -1.740871 -3.788752 -0.6678047
-5.468892 -3.448715 0.8195456 1.980728 -0.8675325 -0.4865116 0.711745 0.4907661 1.486407 2.453077 1.521159 0.908072 -2.094473 -4.144035 -0.9355302
-5.721594 -3.519564 0.6484421 1.837881 -0.9450981 -0.3925919 0.873193 0.3386977 1.352417 2.218313 1.017452 0.7040416 -2.107878 -4.105509 -1.054737
-5.575962 -3.405841 0.7082853 2.069105 -0.8020445 -0.343529 0.9012359 0.2880465 1.497604 2.366406 1.144266 0.8457958 -2.263317 -4.037451 -0.8400022
-5.899761 -3.510423 0.6491659 1.780081 -1.013021 -0.5543818 0.7732813 0.3854487 0.9985176 2.110044 1.227743 0.7189698 -2.174348 -3.932178 -1.178696
-5.448683 -3.339079 0.8029673 2.092597 -0.7797578 -0.4909702 0.9297388 0.6297479 1.310131 2.2602 1.287011 0.7175662 -1.92721 -3.956571 -0.9732184
-5.727885 -3.364216 0.786028 2.02892 -0.9534915 -0.4141143 0.7862874 0.2793245 1.356015 2.400412 1.255621 0.837148 -2.0733 -4.268114 -1.080289
-5.599513 -3.321412 0.6660738 2.048649 -0.7795919 -0.4623259 0.9274958 0.3463199 1.368451 2.405106 0.933935 0.9211709 -2.058959 -3.910221 -1.005252
-5.506361 -3.663681 0.6508906 1.856209 -1.077793 -0.5259873 0.6041753 0.2907906 1.326176 2.316165 1.218314 0.2502161 -2.369725 -4.266915 -1.246287
-5.690189 -3.716234 0.6667281 1.76255 -1.142556 -0.7229399 0.3821864 -0.1335245 1.049542 1.956372 1.160399 0.4864143 -2.385915 -4.224986 -1.276423
-5.998781 -3.73668 0.532438 1.543209 -1.280156 -0.618191 0.5686968 0.08871425 0.9578946 2.043982 0.9228423 0.3272146 -2.414668 -4.331465 -1.423927
-6.003661 -3.896027 0.4852956 1.364911 -1.19848 -0.7507693 0.6025516 -0.1251689 0.9988088 1.682888 0.8882866 0.09060501 -2.584194 -4.542902 -1.409479
-5.924692 -3.988661 0.003039633 1.441025 -1.433132 -1.036084 0.3664323 -0.09355608 0.7762402 1.675476 0.7347909 0.26328 -2.677671 -4.679363 -1.703638
-6.264762 -3.719508 0.3191174 1.629638 -1.34584 -0.6358939 0.4872028 0.00458159 0.88491 2.022787 1.093662 0.3379588 -2.45597 -4.312679 -1.363151
-5.963223 -3.700915 0.3107034 1.666132 -1.32376 -0.7886965 0.5189507 -0.1283631 1.194889 2.00744 0.9247849 0.5543202 -2.464459 -4.425892 -1.359605
-5.787501 -3.559172 0.5349831 1.671683 -1.031037 -0.6617805 0.8072711 0.21784 1.478201 2.233195 1.140997 0.506939 -2.235432 -3.959195 -1.214909
-5.694621 -3.19771 0.7866439 2.002517 -0.7974967 -0.3449509 0.9071533 0.4380043 1.353109 2.282912 1.108156 0.8649361 -2.090215 -3.926022 -1.06748
-5.97513 -3.896017 0.4963551 1.720397 -1.091086 -0.6848143 0.7600925 0.2163349 1.144131 1.97024 1.007558 0.5015821 -2.293467 -4.130916 -1.046185
-5.763645 -3.828698 0.4572979 1.633192 -1.233128 -0.8369797 0.2639846 -0.0731295 0.9735775 1.835079 1.032679 0.257681 -2.723488 -4.203052 -1.634201
-5.974926 -3.819274 0.5128853 1.639243 -1.219517 -0.8699669 0.6677589 0.09569674 1.09668 1.830279 0.9997956 0.4469687 -2.473037 -4.280081 -1.366704
-5.87473 -3.989506 0.2039271 1.631944 -1.196447 -0.6675686 0.4782749 0.04748792 0.9250993 2.10943 0.9457873 0.4566878 -2.157249 -4.172228 -1.336695
-5.947594 -3.838954 0.334797 1.602912 -1.323275 -0.91681 0.4692641 0.06992653 0.948368 1.84514 0.8323068 0.4925769 -2.489234 -4.408746 -1.306746
-6.202886 -4.009927 0.1783869 1.487092 -1.37225 -1.036669 0.3547614 -0.1010476 0.8959788 1.715525 0.8084588 0.4891305 -2.459143 -4.491328 -1.672434
-6.06042 -4.075263 0.2726814 1.285418 -1.451434 -0.8403782 0.4752574 -0.1502466 1.023279 1.843667 0.6569402 0.2132203 -2.571516 -4.499566 -1.466737
-6.00419 -3.822253 0.2881957 1.631389 -1.368649 -0.7796562 0.2232176 0.1706918 1.174145 1.945435 0.8678924 0.2855759 -2.493261 -4.483795 -1.324602
-5.616343 -3.819413 0.4948076 1.794682 -1.013168 -0.6297435 0.5731922 0.1351866 1.291635 2.064929 1.110004 0.7427075 -2.454784 -4.135235 -1.173134
-6.013064 -3.808223 0.4396408 1.505121 -1.227365 -0.7135358 0.5490622 0.126556 0.9691361 2.035241 1.164458 0.4990353 -2.374309 -4.148176 -1.234149
-5.885577 -3.57582 0.5892051 1.77591 -1.230117 -0.7177093 0.7294146 0.1464546 1.274539 1.920994 1.061034 0.4236314 -2.378171 -4.393024 -1.157094
-5.674409 -3.677841 0.5860491 1.657643 -1.02378 -0.5485881 0.8776392 0.3275239 1.089077 2.227369 1.144233 0.4736678 -2.19646 -4.430592 -1.413179
-5.668819 -3.55474 0.6291834 1.724844 -0.8946318 -0.3842944 0.9629839 0.1217126 1.287811 1.850713 1.217085 0.5080935 -2.269298 -4.034727 -1.115867
-5.717468 -3.520483 0.6552717 1.618198 -1.014923 -0.6017417 0.6406238 0.1790384 1.275226 2.083909 1.179258 0.5136093 -2.08833 -4.15815 -1.176348
-5.59747 -3.383386 0.6389689 1.671851 -1.065966 -0.3737095 0.7695176 0.4798448 1.175192 2.061508 1.288094 0.5876073 -2.107721 -4.007484 -0.8705743
-5.856204 -3.645655 0.7854655 1.766237 -0.9562332 -0.3490431 0.8098438 -0.1277723 1.481176 2.079946 1.410309 0.7991176 -2.292786 -3.923619 -0.9957719
-5.564484 -3.409761 0.7015109 2.006103 -0.815082 -0.4610844 0.5249252 0.368322 1.53936 2.486864 1.152556 0.8923499 -2.025389 -3.935716 -1.000715
-5.649752 -3.477829 0.5961317 1.959719 -1.048605 -0.3595997 0.6697543 0.4758274 1.109855 2.24829 1.314458 0.5873745 -2.084545 -4.199884 -1.090931
-5.588107 -3.226278 0.5685011 1.979153 -0.892355 -0.3030954 0.9570544 0.4086388 1.549541 2.298163 1.212283 0.6597178 -2.121873 -4.127412 -0.9230317
-5.480059 -3.088756 0.7461367 1.864995 -0.8851846 -0.4773243 1.068636 0.4221047 1.432711 2.420777 1.498538 0.9003692 -1.801545 -3.962879 -0.763612
-5.181442 -3.294676 1.009996 2.330602 -0.488385 -0.1760603 1.077821 0.8759007 1.478324 2.792952 1.662904 1.062014 -1.88342 -3.630074 -0.6404633
-5.230889 -3.29301 1.250042 2.225313 -0.5978528 -0.2715956 1.072724 0.8677048 1.598887 2.720865 1.656342 1.282132 -1.838191 -3.647346 -0.8280715
-5.043483 -3.020285 1.3227 2.363644 -0.5022643 -0.06440896 1.341197 0.9557898 1.74199 2.454969 1.768668 1.082097 -1.725642 -3.710433 -0.551367
-5.297901 -3.110854 0.9698477 2.281563 -0.6802202 -0.04236615 1.443638 0.8087937 1.667854 2.570438 1.71808 1.12901 -1.701108 -3.788992 -0.5139784
-4.611681 -2.694691 1.224115 2.509736 -0.1599879 -0.02152951 1.41042 0.9841 1.785094 2.958333 1.795403 1.422706 -1.677877 -3.272391 -0.5316127
-4.684004 -2.629275 1.800374 3.178905 0.06285051 0.3796666 1.814446 1.381159 2.174311 2.968929 2.051219 1.574627 -1.064288 -2.959423 0.02106775
-4.754976 -2.795043 1.32801 2.513588 -0.2423241 0.3101899 1.478653 0.9556128 1.921328 2.841703 1.683357 1.502046 -1.625134 -3.729756 -0.5125712
-5.320834 -2.836146 1.15275 2.415204 -0.3255216 0.2333507 1.444284 0.8334146 1.880156 2.775054 1.768533 1.365354 -1.702885 -3.559074 -0.5217731
-4.725541 -2.5184 1.503291 2.604128 -0.02266966 -0.0316461 1.506304 1.103109 2.033793 2.696586 2.18808 1.464265 -1.383827 -3.269778 -0.3419296
-4.869897 -2.658544 1.373103 2.687429 -0.2216834 0.3162237 1.62399 0.8055192 2.014498 2.968144 1.810554 1.348131 -1.416472 -3.242194 -0.09789212
-4.950156 -2.774534 1.693648 2.812069 -0.1113326 0.2894636 1.62072 1.109595 2.091095 3.169505 1.9636 1.569614 -1.417524 -3.316516 -0.1468796
-4.914111 -2.665121 1.574582 2.733205 -0.1353692 0.1845913 1.800615 1.292685 2.084762 3.350525 2.092321 1.468271 -1.135977 -3.282897 -0.2346642
-4.628766 -2.520646 1.66099 2.930312 -0.05154982 0.7925267 1.615851 1.325702 2.043856 3.127197 2.018091 1.691534 -1.334866 -3.094243 0.006382294
-4.607863 -2.484749 1.696722 2.867384 0.190256 0.5602546 1.676643 1.411878 2.368511 2.948703 2.115825 1.792344 -1.181224 -3.138119 0.02486618
-4.695673 -2.567974 1.859851 2.924469 0.2104482 0.4839636 1.786839 1.479788 2.358331 3.30552 2.130473 1.769166 -0.9449873 -3.135325 -0.106865
-4.558022 -2.391333 1.5844 2.858234 0.06206333 0.3298989 1.687883 1.122225 2.388698 3.074601 2.244406 1.765673 -1.087345 -3.05053 -0.1023988
-4.689354 -2.456839 1.770773 2.818682 0.04661947 0.4522972 1.796412 1.266839 2.306846 3.337041 2.403397 1.633624 -1.242466 -2.976514 -0.1159859
-4.905352 -2.647206 1.711603 2.688853 0.02446776 0.3779727 1.524528 1.381474 2.401707 3.106177 2.422123 1.434871 -1.279004 -3.116357 -0.08149932
-4.553118 -2.182179 1.924163 2.886014 0.05411202 0.4796869 1.665797 1.543876 2.612438 3.258007 2.133704 1.882969 -1.028735 -3.042419 0.03367355
-4.430345 -2.103468 1.655857 3.117349 0.04194531 0.8494322 1.904793 1.528404 2.601516 3.554238 2.384564 1.739549 -0.8678637 -3.084293 0.1469752
-4.639735 -2.311235 1.754992 2.97867 -0.003145515 0.4915089 1.804532 1.620413 2.474517 3.202377 2.202293 1.818729 -1.102128 -3.174812 0.01105448
-4.890399 -2.631173 1.521043 2.805561 -0.29114 0.419931 1.64004 1.281372 1.931683 3.141379 2.17741 1.364891 -1.306496 -3.065357 -0.2461876
-4.823784 -2.683717 1.522941 2.357851 -0.4322975 0.01411065 1.246462 0.9287442 1.980911 2.962938 1.945877 1.487225 -1.47918 -3.654239 -0.4311938
-4.644384 -2.933089 1.445759 2.834885 -0.2338942 0.4194272 1.500793 1.103495 2.071083 2.906248 2.030083 1.445831 -1.439734 -3.183078 -0.2008111
-4.722624 -2.647933 1.687599 2.812908 -0.2897696 0.3087098 1.642871 1.233995 2.305505 3.113807 2.161054 1.623064 -1.355501 -3.037221 -0.1471072
-4.675636 -2.485845 1.597134 2.962727 0.08818634 0.6080971 1.79034 1.329526 2.211183 3.091616 2.147317 1.779046 -1.117069 -3.099886 0.07295197
-4.621481 -2.463692 1.812952 2.980722 0.1745552 0.5809355 1.922288 1.602962 2.407901 3.386643 2.332604 1.825347 -0.9207248 -2.764883 0.02060753
-4.464755 -2.485338 1.987754 2.981959 0.407419 0.8264999 1.986878 1.49372 2.416991 3.374724 2.310972 1.740375 -0.9319965 -2.904388 0.1998337
-4.634966 -2.37146 1.778469 2.87617 0.1606603 0.4491391 1.902665 1.31175 2.306017 3.167471 2.291352 1.743209 -1.00499 -3.074528 -0.0476322
-4.71999 -2.244699 1.75522 2.881647 0.2400121 0.4206911 1.78338 1.350558 2.224116 3.183996 2.20268 1.689074 -1.174527 -2.860528 -0.03847471
-4.776245 -2.664357 1.602958 3.025929 -0.01796483 0.6178214 1.931379 1.631106 2.105443 3.174939 2.325586 1.530541 -1.132037 -3.027381 -0.1995523
-4.585399 -2.460248 1.757757 2.793403 -0.06445396 0.6012503 1.659066 1.426757 2.415861 3.127886 2.21648 1.817249 -0.9758433 -3.036516 0.2291037
-4.53627 -2.403781 1.836585 3.038004 0.3767695 0.7965121 2.288069 1.714066 2.460528 3.325661 2.345823 1.699303 -0.9805972 -2.960438 0.1474777
-4.2752 -2.287296 1.933705 3.121258 0.303979 0.542317 1.922452 1.299606 2.385601 3.229453 2.572992 1.892683 -0.8602452 -2.951376 0.3020245
-4.780577 -2.368799 1.632043 2.827217 0.106933 0.5210827 1.801674 1.399839 2.35334 3.048163 2.235855 1.545521 -1.202491 -3.094287 -0.01777365
-4.863697 -2.814607 1.622362 2.572883 -0.01476032 0.3586418 1.646297 1.106235 2.277602 2.995101 2.297014 1.459291 -1.369977 -3.171232 -0.25003
-4.744832 -2.735177 1.253211 2.549208 -0.1972647 -0.008024742 1.366588 1.013661 1.995719 2.873783 1.946909 1.228391 -1.353993 -3.273679 -0.8051975
-5.129542 -2.963659 1.296936 2.550426 -0.1971649 0.1622594 1.632041 0.9916692 1.665675 2.806739 1.731384 1.261904 -1.456488 -3.331024 -0.2964664
-4.595731 -2.562883 1.733607 2.893547 0.1365489 0.598363 1.616988 1.361289 2.207218 3.164312 2.26242 1.581929 -1.392592 -3.177635 -0.151226
-4.908583 -2.569614 1.534446 2.552246 -0.04561435 0.5992634 1.854326 1.013109 2.320943 3.157344 1.964069 1.688297 -1.177626 -3.302578 -0.3126896
-5.112826 -2.949128 1.551 2.719682 -0.1814053 0.119201 1.618037 1.237041 2.131288 2.939042 2.006697 1.414941 -1.2668 -3.454715 -0.4438692
-4.913131 -2.901517 1.421953 2.403366 -0.1140992 0.2403687 1.139189 1.064947 2.251473 2.840541 2.051732 1.490773 -1.385484 -3.33908 -0.4097943
-4.879081 -2.560962 1.638514 2.760214 -0.08238243 0.436462 1.91551 1.165034 2.0482 3.000704 2.071023 1.488644 -1.372241 -3.123488 -0.2441088
-4.841531 -2.38957 1.642624 2.687958 -0.3450019 0.2126737 1.519845 1.274693 2.026717 3.075054 1.849995 1.714579 -1.203383 -3.116814 -0.2381152
-4.698179 -2.502317 1.59566 2.716982 -0.1678662 0.3963306 1.762693 1.183631 2.138393 3.006195 2.136184 1.374122 -1.305606 -3.234643 -0.1622435
-4.657656 -2.776821 1.284299 2.841027 -0.1116456 0.182922 1.602554 1.069323 2.00376 3.052546 1.931572 1.632766 -1.390813 -3.491599 -0.08236009
-5.002594 -2.747049 1.259894 2.615605 -0.485082 0.007615227 1.375334 0.9418478 1.898628 2.913918 1.843921 1.393198 -1.447671 -3.383943 -0.500146
-4.890367 -2.409343 1.395164 2.64667 -0.3758765 0.2469452 1.722909 1.136866 2.129369 2.885821 2.146779 1.410235 -1.293035 -3.297451 -0.06448291
-4.837208 -2.698449 1.368649 2.77027 -0.1210185 0.3591932 1.442088 1.301402 2.208587 3.26574 1.951593 1.527236 -1.351718 -3.291832 -0.23478
-4.878678 -2.815038 1.464406 2.590613 -0.4868268 0.07838851 1.382372 0.8776473 1.964952 2.654544 1.636141 1.352224 -1.649866 -3.64252 -0.4176145
-4.954727 -2.695305 1.140433 2.499809 -0.2622255 -0.04635795 1.146982 1.084696 1.692667 3.065732 1.88006 1.31069 -1.41866 -3.375807 -0.3329761
-5.097208 -2.83492 1.244817 2.57784 -0.3013142 -0.002457803 1.58605 1.076658 1.768505 2.697579 1.628189 1.274359 -1.525654 -3.525778 -0.4043373
-5.072816 -2.731255 1.451929 2.613936 -0.5344658 0.1239322 1.524402 1.130547 2.086379 2.930215 1.905486 1.274784 -1.482751 -3.446505 -0.2074947
-4.857153 -2.587129 1.437492 2.686893 -0.3412081 0.2770749 1.659574 1.095755 2.191928 3.254241 2.012862 1.68249 -1.481232 -3.189792 -0.2845407
-4.861041 -2.668863 1.520435 2.867606 -0.1734256 -0.001682324 1.466181 1.295455 2.082749 3.245174 2.076527 1.506225 -1.222116 -3.038481 -0.1079905
-5.000873 -2.869452 1.453605 2.449981 -0.2692381 0.1348845 1.442775 1.224193 2.069137 2.73652 2.028158 1.485976 -1.311437 -3.508304 -0.2706033
-5.092945 -3.092835 1.377933 2.604475 -0.2380482 0.134232 1.566414 0.926401 2.021574 2.76939 1.839945 1.35529 -1.387214 -3.527645 -0.3325765
-4.707324 -2.90806 1.269638 2.542758 -0.3787428 0.004715922 1.358981 0.9041505 1.778771 2.741544 1.893051 1.264206 -1.570912 -3.392082 -0.4956656
-4.766062 -2.77923 1.11951 2.518426 -0.333131 -0.04088719 1.454418 0.8426679 2.31717 3.003287 2.046494 1.418505 -1.469901 -3.283209 -0.3833047
-4.586682 -2.426598 1.593655 2.768366 0.07697668 0.3323281 1.799308 1.24047 2.550638 3.005996 2.024863 1.549201 -1.323222 -3.19262 -0.02679061
-4.99226 -2.98045 1.322209 2.683121 -0.4942163 0.2129571 1.394474 0.6964058 1.843306 3.012755 1.801992 1.339114 -1.647109 -3.565952 -0.3380325
-5.037193 -3.011566 1.325238 2.605619 -0.1023281 0.1048245 1.559008 0.9414256 1.90223 2.980995 2.122942 1.502193 -1.368207 -3.375478 -0.1971983
-4.782957 -2.778283 1.61513 2.482682 -0.2861662 0.308638 1.591825 1.165286 2.207189 3.231718 2.199832 1.452728 -1.202007 -3.59865 -0.2389597
-4.79395 -2.785137 1.42919 2.671994 -0.3162582 0.4425296 1.797651 1.256216 2.128974 2.891162 1.871039 1.658174 -1.406992 -3.09805 -0.3669574
-4.580031 -2.745448 1.621998 2.574976 -0.3354264 0.3249456 1.603484 1.226397 2.129594 2.873014 2.09616 1.598522 -1.471922 -3.252243 -0.3646905
-5.062062 -2.731949 1.245447 2.752654 -0.01588171 0.1636939 1.378185 1.274201 2.086211 3.120785 1.959637 1.478206 -1.401972 -3.30012 -0.3431944
-5.199018 -3.063001 0.9532488 2.252059 -0.6541612 -0.0743834 1.128258 0.7951298 1.817645 2.579341 1.631331 1.27227 -1.674063 -3.673732 -0.6050266
-5.077871 -2.782899 1.134062 2.324594 -0.3116267 0.2728924 1.458484 0.9881699 1.903802 2.723395 2.102201 1.237501 -1.810137 -3.543142 -0.6241001
-5.272823 -2.832579 1.239805 2.24458 -0.6950945 0.02832841 1.195032 0.8564591 1.66109 2.655025 1.783925 1.212443 -1.602449 -3.459297 -0.5450702
-4.908952 -3.006517 1.389387 2.446973 -0.464706 0.3435017 1.410432 1.054512 1.960783 2.727608 1.754633 1.638145 -1.406603 -3.292191 -0.279957
-4.952388 -2.782195 1.38521 2.840095 -0.05302022 0.2319679 1.458786 1.014385 2.119781 2.830405 2.060374 1.727995 -1.452307 -3.099961 -0.4829806
-4.769609 -2.659859 1.595582 2.776964 -0.4209934 0.1258276 1.755657 1.202487 1.928909 3.061423 2.042246 1.388369 -1.426335 -3.39979 -0.178718
-4.732199 -2.492828 1.667683 2.76688 0.1247712 0.477045 1.821976 1.305273 2.279796 3.315093 2.374043 1.534901 -0.9823246 -3.073249 0.03709588
-4.319986 -2.465899 1.684542 2.878429 0.255983 0.7379859 2.136204 1.841605 2.552667 3.465594 2.392046 1.739154 -0.8703794 -3.14148 0.01822191
-4.738107 -2.612387 1.724782 2.747657 0.05562777 0.5107461 1.833424 1.274106 2.6105 3.377492 2.150925 1.519815 -0.9181075 -2.996963 0.01567075
-4.607257 -2.514165 1.660488 2.924742 0.01248389 0.6338424 1.629257 1.183588 2.166476 3.217197 2.026213 1.899792 -1.314167 -2.845594 -0.02622237
-4.311967 -2.371703 1.696696 3.098164 0.3139151 0.5092636 1.734924 1.488283 2.339662 3.337317 2.321293 1.945053 -1.185902 -3.077934 0.202097
-4.354931 -2.349517 2.062496 3.221172 0.1979934 0.6301174 2.106311 1.708121 2.643872 3.739862 2.769288 1.985482 -0.8902954 -2.728692 0.3007088
-4.3751 -2.241828 2.103919 3.443889 0.1583451 0.8741254 2.124295 1.611351 2.743976 3.416638 2.535375 1.865055 -1.091706 -2.692498 0.2345538
-4.390547 -2.201757 1.859846 3.285007 0.3275206 1.014046 2.1967 1.441859 2.692917 3.69931 2.426323 1.985203 -0.7242065 -2.841985 0.3492042
-4.057749 -2.074373 1.930224 3.247757 0.496245 0.8049013 2.226745 1.534652 2.759177 3.751046 2.696421 2.086261 -0.7857365 -2.757387 0.2622139
-4.235361 -2.094579 1.799422 3.206427 0.4327411 0.7810911 1.798349 1.412788 2.721345 3.57538 2.356687 1.974067 -1.042668 -3.115466 0.1288926
-4.524119 -2.248348 2.024121 2.974993 0.5920617 0.7763513 1.964482 1.331193 2.483332 3.329992 2.597943 1.764627 -0.9584275 -2.96538 0.2877951
-4.254231 -2.217712 1.850123 2.968858 0.1334712 0.6184626 1.860806 1.164082 2.441881 3.439255 2.185273 1.764786 -1.134837 -3.011657 -0.08267122
-4.416155 -1.949066 2.005751 3.033539 0.1948986 0.5557321 1.974419 1.707372 2.663687 3.784298 2.398826 2.095795 -0.9017609 -3.034095 0.4128617
-4.495994 -2.263444 1.727842 2.971162 0.2527631 0.6583525 1.69495 1.632077 2.319888 3.253995 2.182814 1.761389 -0.8680581 -3.032422 0.0586437
-4.486072 -2.368757 1.808044 3.139562 0.3543915 0.8243636 2.104602 1.555779 2.21669 3.458591 2.734911 2.112525 -0.7276723 -2.834283 0.4020198
-4.693328 -2.337686 1.747326 3.168362 0.1611707 0.7158708 1.778354 1.344039 2.326688 3.514051 2.2329 1.814746 -0.9545675 -2.928154 0.1038347
-4.285518 -2.114506 1.750144 2.974404 0.3247673 0.5270316 1.823622 1.514063 2.618928 3.354471 2.375479 1.916183 -0.7912607 -3.140137 0.3270595
-4.459879 -2.289007 1.900115 3.144263 0.4485145 0.8095533 2.107296 1.493666 2.557245 3.6126 2.810908 1.947424 -0.8132564 -2.921083 0.1465316
-4.319169 -2.075557 1.874118 3.219995 0.5000446 0.9096611 2.187714 1.732544 2.689401 3.684388 2.428282 1.97525 -0.6059067 -2.857458 0.3370444
-4.492087 -2.297704 1.944588 3.123879 0.3483379 0.8537897 1.946859 1.51429 2.805738 3.458352 2.496953 1.881974 -0.6794772 -2.690608 0.1918236
-4.167406 -2.092233 2.009735 3.490454 0.5986898 1.022942 2.144979 1.638661 2.961078 3.835053 2.852244 2.155113 -0.5258061 -2.55184 0.5274909
-3.986325 -1.787626 2.390468 3.588284 0.7306848 1.035363 2.411177 1.929099 2.986699 3.960626 2.805377 2.206626 -0.4807611 -2.264963 0.6248802
-4.202601 -1.923624 2.331492 3.460609 0.5761005 1.017531 2.164793 1.992935 3.100031 4.044117 2.930342 2.545511 -0.4550498 -2.472363 0.6565003
-3.851625 -1.837082 2.372928 3.590823 0.4268401 1.301951 2.48143 2.064652 2.893234 4.008802 2.936773 2.339305 -0.269512 -2.240514 0.884485
-3.873446 -1.726852 2.296079 3.696711 0.5556315 1.028743 2.296065 2.097951 3.097485 3.914226 3.03928 2.500058 -0.2924004 -2.325103 0.6226718
-3.980909 -1.928019 2.260058 3.59742 0.6782692 0.9229049 2.339784 1.86387 3.037751 3.900668 2.763716 2.184592 -0.4913673 -2.30912 0.7690692
-3.905512 -1.72441 2.243061 3.546288 0.6222314 1.220726 2.341328 1.966098 2.939429 3.890446 2.854625 2.361327 -0.5549405 -2.578716 0.7174059
-3.943502 -1.916661 2.417428 3.544906 0.5559186 1.124341 2.526966 1.900386 2.887303 4.080799 2.879445 2.176301 -0.3787906 -2.459307 0.5403215
-3.989827 -1.695664 2.270842 3.513464 0.8415195 1.263559 2.591754 1.961856 2.83896 3.969909 2.881532 2.306294 -0.4938085 -2.200194 0.7319325
-4.168663 -1.757937 2.389346 3.667978 0.5723015 1.133153 2.270285 1.930476 3.146498 3.800762 2.939035 2.511836 -0.6649282 -2.295965 0.6630983
-4.096885 -1.914082 2.358409 3.756609 0.8800735 1.224502 2.524049 2.043697 3.153484 3.829651 2.947821 2.216572 -0.4526862 -2.305313 0.7794008
-4.075384 -1.877414 2.488546 3.650854 0.8685728 1.205084 2.632632 2.137235 3.057882 3.894515 2.962691 2.331011 -0.2949516 -2.186758 0.650997
-3.981072 -1.894101 2.211928 3.468524 0.648944 1.187066 2.509097 2.262025 2.866256 3.839821 2.824705 2.339702 -0.4051491 -2.559921 0.5165386
-3.963609 -1.697032 2.425182 3.490662 0.6954015 1.120516 2.36543 1.822021 2.927473 3.934151 3.068889 2.429187 -0.3688357 -2.514116 0.5845978
-4.173145 -2.037503 2.177352 3.263485 0.6472758 0.935319 2.378487 1.755049 2.661195 3.597708 2.753706 2.293302 -0.8251912 -2.364401 0.3669916
-4.458983 -2.10353 2.18012 3.45056 0.4349616 0.998748 1.950354 1.974319 2.706703 3.485991 2.698023 2.053211 -0.7677217 -2.70154 0.1413382
-4.080713 -2.284412 1.872565 3.016014 0.4478162 0.6376203 2.078027 1.694767 2.762873 3.803158 2.66024 1.953044 -0.9593454 -2.847642 0.2119939
-4.286685 -2.215249 1.823264 3.302246 0.3501978 0.6013435 2.169451 1.419415 2.571187 3.629697 2.536679 1.953049 -0.7780088 -2.788504 0.329396
-4.214929 -2.351079 1.986425 3.406678 0.2402941 0.6679964 2.17783 1.78983 2.770463 3.575887 2.527783 1.886462 -0.7207929 -2.717754 0.2730519
-4.091555 -1.968068 2.105881 3.330997 0.5558156 0.9866193 2.282906 1.986719 2.795927 3.767098 2.909154 2.041249 -0.5179623 -2.473293 0.6194584
-4.21487 -2.082502 2.156207 3.347924 0.5448272 0.8485615 1.878591 1.815546 2.436672 3.629582 2.639954 1.962343 -0.6400911 -2.463213 0.3072921
-4.485014 -2.052412 1.82522 3.18053 0.4146919 0.8360247 2.003617 1.794125 2.541203 3.49122 2.422171 1.878391 -0.6817404 -2.829006 0.2604727
-4.409851 -2.235412 2.085439 3.294191 0.4343054 0.9901263 2.198681 1.641274 2.818656 3.501188 2.538087 2.043384 -0.8075781 -2.63672 0.3467102
-4.221649 -1.963811 2.057511 3.411564 0.4861648 1.109255 2.183487 1.77194 2.845823 3.861873 2.683907 2.445494 -0.5617917 -2.834136 0.4043162
-4.325896 -1.905508 1.913639 3.524918 0.3709706 0.7263977 1.919866 1.437389 2.52299 3.591377 2.724336 1.776145 -1.021635 -2.796325 0.3483034
-4.369808 -2.457946 1.923904 3.213529 0.3617077 0.7897744 1.993863 1.59175 2.525321 3.559114 2.435382 2.018062 -0.9991722 -2.911898 0.0152809
-4.382669 -2.200493 2.08737 2.99762 0.2471293 0.9072576 2.201967 1.660242 2.667418 3.654555 2.460915 2.133747 -0.7964819 -2.726468 0.3669182
-4.543337 -2.300729 2.020229 3.265078 0.4326401 0.8999966 2.078851 1.679722 2.602765 3.535872 2.530514 1.87686 -0.8268471 -2.819303 0.2277181
-4.137204 -1.877957 1.959178 3.695215 0.7078571 0.8404725 2.117679 1.942109 2.872207 3.801219 2.721123 2.082709 -0.7640466 -2.626463 0.4551626
-4.13643 -2.341956 1.876386 3.035025 0.2713966 0.7142491 1.970538 1.712688 2.661943 3.45333 2.527443 2.038185 -0.7476653 -2.403997 0.4400251
-4.236452 -1.964486 1.980898 3.407977 0.3131977 0.9426572 2.249044 1.720946 2.712956 3.449484 2.43843 2.107275 -0.8170537 -2.866465 0.3277249
-4.211873 -2.017322 1.879488 3.430111 0.6700628 0.8209394 2.269703 1.92595 2.772183 3.63667 2.635737 2.170579 -0.7413395 -2.878036 0.2815481
-4.270198 -1.948874 2.158748 3.477162 0.4770478 1.045054 2.510317 1.760424 2.712148 3.587294 2.715365 2.084013 -0.6571244 -2.85888 0.518181
-4.261933 -2.112366 1.910685 3.249815 0.174275 0.8340434 2.066297 1.485456 2.526388 3.355347 2.478345 1.836525 -0.8295028 -2.789763 0.174412
-4.552511 -2.101365 1.905361 3.332627 0.2914301 0.8432625 2.077401 1.319301 2.381439 3.919142 2.4116 1.830724 -1.056732 -2.937318 0.1575375
-4.484427 -2.140135 1.952289 2.947402 0.3144077 0.8257656 2.097541 1.540522 2.380125 3.575482 2.541068 2.196682 -0.6904293 -2.847868 0.1510585
-4.320955 -2.043193 1.942848 3.141579 0.3335177 0.7915542 2.251871 1.466061 2.538072 3.630862 2.466386 2.074296 -0.812114 -2.834054 0.3436499
-4.305581 -2.27875 2.065677 3.257321 0.5228538 0.8152857 2.10529 1.829732 2.596591 3.594251 2.750033 2.082927 -0.9100804 -2.72208 0.3963791
-4.299169 -2.107497 1.997498 3.296612 0.5638352 0.7719734 1.989455 1.612548 2.620009 3.230811 2.418827 1.998748 -0.7847541 -2.814389 0.2312396
-4.297615 -2.296618 1.843585 3.150436 0.354801 0.8392162 1.942967 1.672355 2.410822 3.575627 2.202364 1.922051 -0.8675231 -2.882106 0.1982043
-4.362659 -2.36518 1.771484 2.907155 0.4070152 0.5791261 2.146538 1.565634 2.448925 3.317156 2.411111 1.885111 -1.123113 -3.069749 -0.074933
-4.448495 -2.232977 1.582138 2.94522 0.3729422 0.5935299 1.863555 1.371924 2.118827 3.345285 2.252124 1.614796 -0.7942773 -3.114088 -0.06608431
-4.551258 -2.616036 1.46044 2.946131 -0.09753101 0.2907165 1.676799 0.8019066 2.100428 3.000416 1.971072 1.450091 -1.210441 -3.139646 -0.1985763
-5.123029 -2.751231 1.309161 2.515391 -0.2218867 0.1608973 1.503087 1.105803 1.723101 3.103824 1.795574 1.674165 -1.405699 -3.515822 -0.3999422
-4.951452 -2.906633 1.35842 2.576859 -0.3375742 0.264895 1.443454 0.9329622 1.980749 2.985762 1.945233 1.332096 -1.367152 -3.444929 -0.2160854
-4.91648 -2.937176 1.348276 2.524454 -0.2742007 0.1109062 1.493654 0.7479434 1.950123 2.74958 1.835346 1.41561 -1.538198 -3.487944 -0.1169289
-5.103015 -2.927736 1.300465 2.663248 -0.4279861 0.01468662 1.273101 0.8707427 1.938389 2.682657 1.689273 1.411242 -1.759387 -3.449454 -0.5159968
-5.036742 -2.917592 1.049538 2.175951 -0.2707474 0.1251514 1.326745 0.9096265 1.838522 2.804541 1.500412 1.307378 -1.463503 -3.728403 -0.4529646
-5.504133 -2.889936 0.9828943 2.319316 -0.564595 -0.1011109 1.135179 0.8094999 1.777014 2.653122 1.453144 1.012011 -1.728244 -3.631943 -0.4769334
-5.189658 -3.133915 1.263901 2.39635 -0.6201299 -0.1907882 1.200443 0.7476264 1.87033 2.565609 1.752023 1.232288 -1.708536 -3.813316 -0.7825588
-5.557899 -3.263207 0.7644531 2.01118 -0.7561784 -0.3753111 0.9121133 0.6863655 1.216418 2.480347 1.483071 0.9125952 -1.903969 -3.902765 -0.8784004
-5.36803 -3.146505 0.9752882 2.429528 -0.5470339 -0.3804385 1.139848 0.5855958 1.544345 2.472156 1.673206 1.045057 -1.751729 -3.536106 -0.8252085
-5.487172 -3.301715 1.057289 2.160297 -0.6439046 -0.2462981 1.127047 0.6734182 1.588515 2.385199 1.47771 0.7739517 -1.861362 -3.814167 -0.8938658
-5.229222 -2.986793 0.8990778 2.189267 -0.5636671 -0.100341 1.232593 0.6465291 1.829728 2.68753 1.455213 1.081666 -1.871366 -3.658118 -0.7267404
-5.304017 -3.364356 0.9767532 2.352313 -0.7132153 -0.0692616 1.316708 0.7753686 1.830576 2.408679 1.541085 1.171919 -1.76596 -3.702599 -0.5410227
-5.162019 -3.158913 1.113603 2.299846 -0.6006004 0.01440315 1.385063 0.909315 1.634004 2.794659 1.472524 1.194969 -1.792526 -3.528905 -0.6931582
-5.193746 -3.226919 1.358181 2.185124 -0.6062925 -0.1328024 1.079708 0.7519455 1.706963 2.426913 1.52986 0.9844134 -1.83771 -3.577502 -0.7932137
-5.321855 -3.002866 1.137326 2.295369 -0.6144901 -0.08480922 1.215311 0.5092378 1.845534 2.47763 1.555199 0.9750804 -1.837041 -3.772563 -0.5275396
-5.577436 -3.168867 1.014152 2.045576 -0.4877848 -0.3390323 1.026815 0.4983602 1.498028 2.559665 1.406092 0.9996148 -2.039765 -3.757039 -0.8975001
-5.161768 -2.886947 1.062922 2.307587 -0.5463859 -0.02796552 1.346047 0.4990004 1.815559 2.534123 1.751427 1.089857 -1.873268 -3.83928 -0.5751025
-5.122239 -3.35484 0.9959127 2.374111 -0.7190693 -0.3519011 1.083709 0.5621324 1.602049 2.400664 1.542628 0.9853367 -1.727921 -3.898768 -0.762682
-5.057572 -2.958029 1.278704 2.317432 -0.5465887 0.1066689 1.248486 0.803347 1.69874 2.864837 1.712072 0.9890369 -1.528277 -3.36054 -0.5581353
-4.999942 -2.733714 1.256213 2.578005 -0.5804214 0.08935567 1.43603 0.9030296 1.872923 2.94799 1.570118 1.302348 -1.587839 -3.568946 -0.6030486
-4.521383 -2.78375 1.405685 2.680194 -0.02753618 0.3675979 1.711435 1.003273 1.960621 3.189983 2.106285 1.522152 -1.066124 -3.351594 -0.2614593
-4.967982 -2.498846 1.424473 2.745545 -0.04787448 0.5109948 1.85167 1.178946 2.181062 3.073788 2.04295 1.558059 -1.245666 -3.332969 -0.2191428
-4.613351 -2.505204 1.608726 3.11711 0.2145264 0.4597237 1.685764 1.408717 2.410966 3.335518 2.201508 1.51621 -1.11347 -3.272622 -0.05960082
-4.304351 -2.141431 1.960586 3.474799 0.5385369 0.7826711 1.915789 1.545034 2.722095 3.612255 2.596264 1.916526 -1.066674 -2.80187 0.1882646
-4.26745 -1.758867 2.176643 3.148244 0.5559008 0.9484984 2.230452 1.969038 2.944616 3.783769 2.778304 2.148011 -0.679808 -2.615229 0.3334214
-4.281183 -1.8713 2.337957 3.33739 0.5424582 1.073706 2.517777 1.648384 2.824157 3.600984 2.742298 2.225785 -0.6278205 -2.510791 0.2904521
-3.805971 -1.748249 2.390272 3.490777 0.8309031 1.394071 2.566767 1.833747 3.111097 3.779368 3.085984 2.334753 -0.3745193 -2.288551 0.8239412
-3.872658 -1.827229 2.482566 3.602208 0.7266086 0.994974 2.459502 2.150414 3.053329 3.90847 2.873446 2.435404 -0.3351166 -2.376798 0.7983286
-3.769677 -1.705334 2.340449 3.596399 0.9033052 1.246186 2.621476 2.052122 2.919338 3.991666 3.190326 2.405932 -0.3280189 -2.262319 0.6164825
-3.740209 -1.759918 2.611238 3.730229 0.7934022 1.131419 2.433447 2.289126 2.994193 3.795044 2.964003 2.667087 -0.4719008 -2.417085 0.8556715
-3.638652 -1.09339 2.48925 3.715097 1.036432 1.543629 2.853476 2.168614 3.176524 4.246494 3.120522 2.910325 -0.2380382 -1.890204 1.166859
-3.504811 -1.490031 2.573549 3.872145 0.9489381 1.414462 2.783605 2.150315 3.13006 4.223489 3.04296 2.73724 -0.2655595 -2.279423 0.8372723
-3.997714 -1.619879 2.296797 3.958616 0.8689708 1.206868 2.442125 2.179265 3.304224 4.055834 2.882445 2.486334 -0.3964269 -2.344892 0.7245056
-3.664572 -1.400239 2.787676 3.820088 1.244322 1.528126 3.019974 2.440591 3.414844 4.207252 3.36885 2.619428 0.02541797 -2.405536 0.8928469
-3.910644 -1.49916 2.371461 3.798448 0.8277395 1.471716 2.867582 2.180182 3.224991 4.048177 3.041162 2.631147 -0.2167901 -2.244879 0.8033608
-3.939727 -1.628388 2.650753 3.807122 1.074525 1.522521 2.666868 2.358153 3.323682 4.099259 3.118973 2.856017 0.01639493 -2.205139 1.021827
-3.63427 -1.629246 2.468728 3.968962 0.9760866 1.537105 2.681415 2.076066 3.25455 4.379694 3.20803 2.496527 -0.1215224 -2.176216 0.8851794
-3.797624 -1.427865 2.689668 3.86022 1.038164 1.44361 2.840722 2.50567 3.358964 4.435469 3.240691 2.659506 -0.1012653 -2.117722 1.083497
-3.624715 -1.497943 2.63722 3.9402 1.131694 1.470884 2.733516 2.225883 3.26781 4.11816 3.276683 2.506265 -0.365801 -2.141913 0.8263686
-3.551572 -1.611872 2.834916 4.283687 1.204403 1.487379 2.796768 2.388042 3.345389 4.096507 3.277132 2.717773 -0.3431911 -1.9126 1.101505
-3.837553 -1.640333 2.628559 3.857823 0.9611098 1.256514 2.529017 2.209571 3.0469 3.967259 3.245426 2.609569 -0.267809 -2.278691 0.8424786
-3.762909 -1.713199 2.496584 3.793476 0.990806 1.32777 2.600864 1.951331 2.959339 4.035381 2.926582 2.523192 -0.4044171 -2.33692 0.9587673
-3.848997 -1.710924 2.26744 3.64259 0.8309475 1.080488 2.582192 2.061394 2.986721 3.748777 2.771744 2.360588 -0.564618 -2.272785 0.2597478
-4.040123 -1.538237 2.496627 3.775938 0.760028 1.128867 2.693569 2.097308 3.056832 4.050754 2.886123 2.677305 -0.2286279 -2.291597 0.8142427
-3.807709 -1.65613 2.557426 3.277868 0.6605437 1.230792 2.415625 2.065577 3.206088 3.916074 3.054339 2.561638 -0.2467268 -2.348364 0.6536026
-3.542687 -1.559176 2.501813 3.879542 0.9270362 1.13317 2.694312 2.225218 3.231214 4.014043 3.165993 2.455805 -0.1458051 -2.116891 0.8484698
-3.589658 -1.403481 2.562091 3.971643 1.035718 1.323934 2.81493 2.387767 3.383574 4.339681 3.228197 2.852657 -0.103853 -2.02756 0.821598
-3.659589 -1.433955 2.852092 3.891745 1.268888 1.436697 2.945524 2.423901 3.142136 4.10734 3.306891 2.618328 -0.06542368 -1.991191 0.9192778
-3.772731 -1.587668 2.320948 3.87249 1.077704 1.512606 2.937937 2.286878 3.534298 4.056902 3.372542 2.564794 0.07922613 -2.091546 0.8713667
-3.807903 -1.230753 2.531828 3.864841 1.029796 1.253596 2.615946 2.309853 3.372545 4.039015 2.938244 2.45195 -0.4480422 -2.33549 0.8286988
-3.716662 -1.473303 2.645368 4.048939 1.143896 1.400856 2.635065 2.386334 3.318086 4.315383 3.175193 2.809655 -0.0527642 -2.259827 1.162454
-3.75847 -1.461253 2.790014 3.776963 1.022467 1.332798 2.697895 2.316967 3.281138 4.182658 3.204932 2.856506 -0.1314707 -2.082574 0.9423445
-3.506576 -1.229852 2.933521 3.941682 1.046762 1.665106 2.841178 2.42298 3.295222 4.44948 3.330311 2.691585 -0.1506008 -2.023502 0.9605219
-3.725141 -1.448505 2.779736 3.803815 0.7994513 1.281363 2.540361 2.428979 3.101625 3.998017 3.080701 2.608402 -0.3154409 -2.449106 0.7949804
-3.794701 -1.464084 2.693108 3.859993 1.128232 1.254024 2.55249 2.235055 3.17457 4.212026 3.273672 2.436289 -0.3506354 -2.258943 0.8559453
-4.110021 -1.887143 2.386491 3.731252 0.8662143 1.337017 2.604142 2.041476 3.138021 3.998306 3.029466 2.571116 -0.2064738 -2.193806 0.5887475
-3.94631 -1.589998 2.374742 3.909972 0.8328882 1.355476 2.571984 2.060622 3.070395 3.953717 3.102602 2.512026 -0.3003772 -2.52008 0.8399162
-3.810216 -1.710569 2.179154 3.771366 0.8001286 1.204224 2.401714 2.204768 2.815511 4.040075 2.792516 2.297628 -0.2244782 -2.594017 0.7399445
-4.040996 -1.821278 2.449851 3.636888 0.8395712 1.320966 2.408373 1.953531 3.107169 3.910609 3.042111 2.44528 -0.2055975 -2.407837 0.8438327
-4.128139 -2.01222 2.293384 3.746879 0.7752812 1.259232 2.475193 2.140975 2.968227 3.972111 2.885674 2.235324 -0.2789166 -2.356238 0.6098707
-3.84672 -1.898758 2.328149 3.523593 0.7726548 1.360442 2.510924 2.074625 3.165305 4.058211 3.095954 2.671648 -0.5271437 -2.605783 0.8124676
-3.692522 -1.465081 2.559294 3.694201 1.065222 1.445958 2.58754 2.247211 3.412955 4.20352 3.085162 2.609818 -0.1017646 -2.014563 0.8581801
-3.445767 -1.312184 2.945811 4.291219 1.227757 1.579969 3.143014 2.610987 3.377336 4.412104 3.400771 2.999673 -0.02017618 -1.901848 1.285952
-3.100404 -1.154151 2.740406 3.885237 1.226645 1.586152 3.01788 2.4705 3.44119 4.444024 3.239374 2.733754 -0.04150933 -1.857643 1.058208
-3.411579 -1.197804 2.748371 3.953137 1.193124 1.517942 2.95072 2.360229 3.499099 4.238569 3.211796 2.707007 -0.1369625 -2.01426 0.8426131
-3.389061 -1.168971 2.851897 4.257599 1.383335 1.635434 3.300492 2.552841 3.656284 4.318502 3.406301 2.896305 0.2705121 -1.709454 1.166976
-3.518763 -1.225761 2.930996 4.14312 1.362502 1.832704 3.045622 2.724816 3.418085 4.319454 3.333778 2.73916 0.05117543 -1.82601 1.110946
-3.498851 -1.158295 2.820297 4.132283 1.26513 1.735922 3.007355 2.636999 3.401287 4.37638 3.460965 2.967386 0.06657548 -2.051931 1.179888
-3.549086 -1.378197 2.921268 4.248896 1.113053 1.655288 2.964773 2.533604 3.628837 4.5648 3.529584 2.818512 -0.2133288 -1.81205 1.201413
-3.298817 -1.194071 3.001383 4.424879 1.336231 2.007299 3.047946 2.68481 3.685727 4.682261 3.474588 3.05263 0.3382025 -1.672257 1.315513
-3.592719 -1.419038 2.75144 4.020349 1.168567 1.58085 3.035193 2.581586 3.382454 4.292689 3.239579 2.867592 -0.0952825 -2.135847 1.133549
-3.374365 -1.341531 2.743212 4.208051 1.535141 1.515448 3.208645 2.635758 3.810668 4.484281 3.287561 2.950417 0.06639738 -1.671898 1.356505
-3.299415 -1.162879 3.106235 4.273578 1.099238 1.839247 3.123422 2.654567 3.612171 4.404758 3.609029 2.995484 0.09437964 -1.866134 1.454098
-3.521509 -0.9731644 2.914043 4.411657 1.385756 1.71481 3.172219 2.559041 3.740306 4.469811 3.256348 2.825309 0.03111141 -1.630474 1.175255
-3.344956 -1.055612 2.672361 4.207104 1.285284 1.697738 3.207578 2.697867 3.596781 4.621668 3.449804 3.153047 0.1389278 -1.925551 1.125929
-3.443315 -1.117184 2.893492 3.992383 1.231404 1.553283 2.831783 2.643858 3.470569 4.358828 3.242237 2.954678 -0.007465373 -1.816912 1.027656
-3.721717 -1.341253 2.823157 4.010733 1.195013 1.492932 2.909052 2.508599 3.69115 4.468811 3.343738 2.988732 0.1265753 -1.975123 1.181006
-3.341982 -1.436823 3.216651 4.123025 1.210055 1.707022 3.007037 2.548212 3.451094 4.605482 3.468106 3.043914 0.2048736 -1.778759 1.201356
-3.277902 -1.549592 2.766142 3.915316 1.208656 1.792041 3.15756 2.423077 3.442104 4.37743 3.605673 3.062726 0.04242008 -2.011194 1.145279
-3.289011 -1.263234 2.976738 4.318872 1.40692 1.671852 3.136204 2.576874 3.613519 4.472175 3.588386 3.255425 0.008787293 -1.872225 1.174414
-3.10508 -0.9234967 3.182656 4.257905 1.512282 2.065434 3.069568 2.693162 3.921384 4.754361 3.592575 3.132556 0.3684437 -1.465965 1.373629
-3.139834 -1.122682 2.957383 4.156414 1.370941 1.911945 3.051141 2.871945 3.901902 4.441373 3.700354 3.278179 0.3401818 -1.858222 1.309844
-3.219777 -0.9584462 3.14869 4.279542 1.471181 2.081364 3.206502 2.671878 3.633509 4.973221 3.688575 3.131881 0.2246452 -1.656073 1.518158
-2.79759 -0.7723257 3.268276 4.441901 1.712067 2.400137 3.224777 2.91141 3.903327 4.683005 3.829155 3.39188 0.3857805 -1.334432 1.58103
-3.204838 -0.9191841 3.500929 4.352559 1.609165 2.061216 3.22518 2.814146 3.873303 4.800936 3.764859 3.092075 0.2509773 -1.553889 1.254652
-3.396286 -1.282908 2.89646 4.253815 1.344676 1.806394 3.245657 2.587092 3.978451 4.763166 3.400383 3.183097 0.2567825 -1.621323 1.43582
-3.402247 -1.362531 2.923776 4.013371 1.332031 1.693697 3.094734 2.669929 3.339476 4.384204 3.435915 2.951362 0.1489312 -1.96555 1.033794
-3.557798 -1.270132 2.87134 3.982906 1.167693 1.666157 2.946975 2.333891 3.531197 4.43529 3.388697 2.691316 0.04317477 -2.073747 1.164655
-4.008946 -1.508822 2.519817 4.067321 1.125472 1.795922 3.143393 2.381294 3.242149 4.246016 3.217613 3.063607 -0.1524562 -2.101715 1.049819
-3.542698 -1.558613 2.558127 3.608098 0.9004016 1.390935 2.77093 2.388997 3.005976 4.027767 3.197032 2.457802 -0.4074594 -2.271396 0.6707337
-3.870147 -1.79491 2.387084 3.61393 0.7535039 1.461465 2.666403 2.126333 3.004986 4.087423 3.130275 2.513726 -0.1606209 -2.28554 0.8282854
-3.509762 -1.690806 2.578717 3.682196 1.129657 1.488964 2.459915 2.126501 3.199846 4.207642 3.360632 2.631769 -0.4515523 -2.110728 0.9614757
-3.536849 -1.546312 2.642178 4.018668 0.9930455 1.427236 2.89406 2.548267 3.489131 4.40157 2.973029 2.848726 -0.04661305 -1.96087 1.15483
-3.596943 -1.62582 2.731176 3.839268 1.046105 1.513705 3.037502 2.385335 3.318966 4.157179 3.001261 2.713387 -0.1296534 -2.149892 1.045149
-3.714793 -1.676618 2.582783 3.79117 1.047254 1.446435 2.735678 1.998606 3.247692 4.11601 3.033087 2.567551 -0.3810532 -2.184985 0.9240504
-3.605949 -1.694719 2.65696 3.859305 1.043419 1.39573 2.629978 2.604658 3.342927 4.331819 3.194005 2.867037 0.006403103 -1.937829 1.065752
-3.831234 -1.523422 2.502937 3.669808 1.051952 1.498817 2.597716 1.983013 3.241406 4.011198 3.044313 2.614041 -0.184043 -2.165132 0.6923925
-3.772637 -1.516629 2.766309 4.127041 1.137956 1.424086 2.667509 2.523646 3.156161 4.348193 3.351139 2.833559 -0.3152909 -2.08708 0.9203858
-3.627026 -1.60238 2.666076 4.044006 1.272893 1.591963 2.907095 2.591674 3.176554 4.516307 3.209612 3.05377 0.2494898 -1.881997 1.22331
-3.692326 -1.56264 2.695706 3.665297 1.055675 1.303666 2.733202 2.353636 3.2373 4.236896 3.123637 2.684967 -0.2445502 -2.169585 1.030898
-3.80679 -1.769203 2.558223 3.800368 0.9635769 1.425853 2.756633 2.193524 3.045679 4.046242 2.956647 2.316194 -0.4341578 -2.401639 0.7560569
-3.639959 -1.593278 2.625978 3.861793 1.10345 1.308933 2.902951 2.142922 3.286423 4.409029 3.021909 2.467916 -0.0874532 -2.273532 0.9926175
-3.738848 -1.692204 2.21818 3.742872 0.8139635 1.316288 2.732667 2.142749 3.056717 3.908326 3.090681 2.564368 -0.3798296 -2.4715 0.9717017
-3.74726 -1.598218 2.499219 3.582986 0.9754052 1.203367 2.3697 2.161225 3.111864 4.004893 3.110835 2.817145 -0.3762216 -2.384443 0.9717475
-3.904725 -1.806324 2.449792 3.737371 0.9437449 1.215377 2.602495 2.227442 3.22261 4.17311 2.990284 2.472312 -0.1270562 -2.131213 0.8756894
-3.734652 -1.554658 2.575374 3.932499 1.029148 1.306601 2.71367 2.030995 3.228603 4.136018 3.064788 2.712701 -0.1117964 -2.17704 1.112843
-3.693253 -1.141174 2.623027 3.918278 1.008327 1.614817 2.750239 2.458566 3.321283 4.166448 3.136967 2.653446 0.1163229 -2.073335 1.203504
-3.790116 -1.566478 2.611319 3.905535 1.021004 1.550815 2.813163 2.487448 3.259174 4.155293 3.189229 2.688714 0.005765682 -2.056651 0.862231
-3.427617 -1.263473 2.666981 4.012425 1.246139 1.591033 2.964436 2.33365 3.581734 4.377991 3.260935 2.669752 0.1040296 -1.861732 1.145745
-3.626685 -1.376347 2.679259 3.988697 1.067729 1.363698 2.889659 2.380988 3.182815 4.420357 3.161724 2.698013 -0.1578801 -2.05341 0.9299169
-3.573965 -1.407275 2.640361 3.904427 1.125766 1.45059 2.86476 2.275267 3.328903 4.157387 3.249766 2.549016 -0.2262621 -1.98317 0.845355
-3.844877 -1.416647 2.566544 3.835291 1.085328 1.211193 2.632989 2.040235 3.269321 3.952491 3.348988 2.8073 -0.4007746 -2.32026 0.8980741
-3.850384 -1.578126 2.593037 3.920781 0.9859099 1.233083 2.636146 2.297338 3.179331 4.223982 2.946781 2.448272 -0.4406952 -2.199602 0.7136887
-3.828629 -1.669576 2.69144 3.732869 0.9832158 1.192939 2.873339 2.155424 3.23198 4.390142 3.128089 2.669502 -0.02737211 -2.142235 1.055122
-3.913918 -1.466692 2.751415 4.246512 0.8936965 1.751012 2.880359 2.332181 3.34806 4.292424 3.232157 2.506645 -0.08943131 -2.009185 1.096847
-3.561261 -1.45951 2.977704 3.985892 1.222741 1.781595 2.859668 2.485416 3.515141 4.386151 3.589585 3.172323 -0.1409675 -1.94774 1.32851
-3.458445 -1.216955 2.58725 4.224491 1.099145 1.786544 2.928411 2.504992 3.366137 4.47137 3.355587 2.963826 -0.09270549 -1.835796 1.015468
-3.621914 -1.451849 2.824844 4.036475 1.093828 1.532208 2.970927 2.505009 3.303422 4.104974 3.196303 2.715344 0.1376397 -2.046682 0.9289092
-3.695281 -1.51367 2.607944 4.012185 1.385354 1.713289 3.006936 2.472376 3.483083 4.108828 3.425004 2.861779 -0.1521237 -2.240997 1.12101
-3.505292 -1.23018 2.850307 4.20917 1.178113 1.495889 3.050144 2.480318 3.314088 4.482982 3.697944 2.932494 0.03645035 -1.944916 1.254848
-3.622682 -1.118281 3.070197 4.229232 1.291368 1.757797 2.897167 2.6971 3.834976 4.522723 3.59284 3.045854 0.2320917 -1.554791 1.174246
-3.338215 -0.9581495 2.910498 4.380777 1.383342 2.063962 3.098519 2.833105 3.781974 4.463346 3.668715 3.238158 0.2553866 -1.653267 1.233142
-3.383534 -1.61535 2.758131 4.070287 1.376026 1.775189 2.94194 2.464726 3.535045 4.512092 3.642831 2.966628 0.2837169 -1.779232 1.214801
-3.089916 -1.147616 2.815117 4.345779 1.30089 1.917228 3.374145 2.724678 3.526414 4.690668 3.541701 3.187545 0.103141 -1.975952 1.235128
-3.362554 -1.014515 2.974564 4.396567 1.54696 2.121015 3.211645 2.772486 3.790167 4.508767 3.583997 3.020391 0.2501394 -1.541871 1.473815
-3.381122 -1.055995 2.881334 4.21498 1.401948 1.853291 3.247854 2.607006 3.76237 4.703268 3.525484 2.993505 0.1719623 -1.552293 1.396999
-3.019084 -0.9176835 3.359321 4.632101 1.780618 2.196136 3.414249 3.260722 4.021983 4.953565 3.956975 3.543888 0.4897226 -1.41687 1.552154
-2.863156 -0.4832996 3.387114 4.753108 1.88232 2.368085 3.819575 3.149563 4.185602 5.023897 4.073727 3.557937 0.7234472 -1.062474 1.64806
-2.775346 -0.372515 3.59257 4.893272 2.118477 2.608891 3.837667 3.383044 4.147044 5.173471 4.173287 3.803537 0.8631681 -1.093068 1.843123
-2.435629 -0.2486687 4.020775 5.077602 2.186646 2.666486 4.031681 3.477305 4.435447 5.46521 4.358216 3.869807 1.137932 -0.864064 2.19369
-2.475771 -0.2449695 4.040936 5.343437 2.237146 2.885476 4.357867 3.803093 4.647876 5.61859 4.650321 4.044201 1.37834 -0.729961 2.213484
-2.656094 -0.07471063 3.913858 4.76996 2.354734 2.818521 3.919236 3.462192 4.424521 5.366551 4.535121 3.881238 1.235962 -0.9577685 2.125734
-2.438242 -0.4395381 3.87536 5.18015 2.215307 2.931235 4.17075 3.489483 4.683005 5.708862 4.52871 4.106029 1.168995 -0.8606496 2.200336
-2.505077 -0.2848178 4.096726 5.091098 2.261073 2.473995 4.003149 3.787169 4.43998 5.154995 4.639782 3.915141 0.9741781 -0.9035741 2.339095
-2.583397 -0.4456165 3.708275 4.848313 2.135226 2.482573 3.72039 3.352581 4.224448 5.036793 4.355923 3.504695 0.7249529 -0.9699814 1.83293
-2.64639 -0.3877352 3.651536 5.060557 2.09414 2.435495 3.972377 3.466801 4.468168 5.264391 4.431305 3.775602 1.037313 -0.8841222 1.960238
-2.564271 -0.3997179 3.824336 4.955733 2.110644 2.436281 3.934321 3.354116 4.410307 5.277615 4.00991 3.728585 1.019787 -1.071308 1.941338
-2.260266 -0.5448196 3.929781 5.139887 2.310406 2.581235 4.169789 3.726786 4.689608 5.616637 4.353449 3.772276 1.070179 -0.7892883 2.245594
-2.325833 -0.02078497 4.09793 5.300406 2.299787 2.876015 4.129262 3.68591 4.689974 5.748301 4.920419 3.947367 1.046025 -0.5322464 2.272817
-2.415058 -0.08524239 4.048047 5.163043 2.369964 2.59454 4.075008 3.551323 4.551613 5.727719 4.731286 4.048108 1.080529 -0.8048653 2.451107
-2.294697 -0.3175503 4.081628 5.277902 2.513682 2.911177 4.099356 3.550386 4.877831 5.654085 4.611056 3.955533 1.130029 -0.7582284 2.342991
-2.346648 0.03084429 4.161235 5.348422 2.194381 2.909563 3.997159 3.378969 4.630593 5.581086 4.601277 4.00046 1.092014 -0.7006377 2.144298
-2.35324 -0.1885883 3.938008 5.345824 2.352775 2.619176 3.897865 3.731845 4.253212 5.562591 4.183396 4.100825 1.210022 -0.7647432 2.193745
-2.364229 -0.1752989 3.912671 5.118238 2.373311 2.859638 3.881026 3.654649 4.416101 5.39603 4.522718 3.963675 0.9576558 -0.802531 2.242202
-2.177744 -0.07468988 4.054549 5.228715 2.569664 2.735806 3.99587 3.779842 4.714382 5.519488 4.458317 4.126519 1.245184 -0.8618676 2.274995
-2.283504 -0.07991475 4.007014 5.155093 2.240439 2.853549 4.136573 3.676062 4.649123 5.4768 4.468479 3.954531 1.161141 -0.8000397 2.197326
-2.415987 -0.1465967 3.752144 4.893227 2.288337 2.580847 4.254155 3.3497 4.266073 5.333721 4.27191 3.763861 0.989436 -0.9226496 2.11423
-2.796619 -0.2654244 3.603483 4.927099 1.999646 2.413379 3.80768 3.227521 4.424161 5.212114 4.235406 3.441064 0.8127455 -1.252781 1.859302
-2.728558 -0.542197 3.818979 4.892995 2.00618 2.441486 4.060576 3.521062 4.342357 5.332732 4.282381 3.623562 0.9103268 -1.045032 2.170177
-2.825026 -0.4458166 3.503811 4.673782 1.875393 2.187191 3.612925 3.196832 4.04931 5.082715 4.089341 3.497245 0.8728771 -1.427148 1.905025
-2.588002 -0.5000172 3.641411 5.064261 2.19976 2.540744 3.958028 3.565361 4.451028 5.19179 4.087965 3.802349 1.028904 -1.238221 1.970767
-2.417754 -0.06700582 4.113498 5.351573 2.294457 2.975449 4.217705 3.668785 4.692801 5.661863 4.655143 4.068992 1.167242 -0.9184091 2.322037
-2.134869 -0.235514 4.001422 5.10341 2.27712 2.732544 4.325919 3.745429 4.533297 5.521366 4.62259 3.952066 1.121149 -0.6177589 1.987481
-2.162946 0.005857503 4.263854 5.543428 2.691604 3.032278 4.330889 3.660434 4.934351 5.541015 4.712806 4.252877 1.271432 -0.6143066 2.48556
-2.12696 0.08167259 4.369899 5.299602 2.43959 2.854874 4.388365 3.742073 4.875782 5.716175 4.791816 4.35901 1.307469 -0.6815774 2.38319
-2.333094 -0.001999704 4.002917 5.534209 2.571908 2.877788 4.331483 3.870863 4.486986 5.739855 4.740626 3.965979 1.315966 -0.6711149 2.463841
-2.273855 -0.3070998 4.030476 5.311171 2.411985 2.766293 4.29496 3.72566 4.71772 5.619044 4.497303 4.047074 1.035673 -0.9906436 2.552312
-2.38247 -0.3700813 3.777211 5.249434 2.373765 2.708285 4.015752 3.705822 4.480216 5.388514 4.589434 4.085538 1.292449 -0.8499647 2.237806
-2.389933 -0.355501 4.081557 5.2766 2.293643 2.835781 4.127332 3.707189 4.768749 5.276554 4.437208 3.837015 1.137922 -0.7619551 2.265684
-2.421319 -0.3311189 3.696346 5.088716 2.093203 2.636591 3.873721 3.403762 4.510278 5.243236 4.471604 3.95788 1.057168 -1.151614 1.77348
-2.656711 -0.309436 3.611484 4.948295 2.292802 2.546255 3.554816 3.444728 4.345978 5.213425 4.333451 3.685812 0.9001157 -1.294967 1.862546
-2.347536 -0.07806212 3.848337 5.135439 2.271945 2.641408 3.901594 3.469679 4.57826 5.430729 4.599867 3.946211 1.025925 -1.012749 2.346981
-2.451304 -0.246724 3.993429 5.152319 2.306014 2.67541 3.981014 3.636774 4.606961 5.400866 4.585212 3.769473 0.9830674 -0.7963286 2.245776
-2.595546 -0.283972 3.873165 4.852177 2.182193 2.706976 3.968084 3.372361 4.338741 5.493612 4.461044 4.072517 1.0029 -0.9045801 2.156123
-2.623706 0.01203028 3.906799 5.19038 2.366259 2.675278 3.782835 3.679131 4.523478 5.50706 4.575744 3.933414 1.095973 -0.8791285 2.147532
-2.533852 -0.3539388 3.713039 5.276116 2.347779 2.795829 4.209646 3.333132 4.560771 5.475801 4.578888 3.904865 1.015677 -0.7743981 2.069449
-2.415988 -0.4776799 3.790139 5.118546 2.107494 2.36163 3.956079 3.422504 4.37923 5.272788 4.391625 3.716432 0.8955166 -1.050323 1.669411
-2.798787 -0.480096 3.674792 4.884302 1.923287 2.543014 3.850978 3.119835 4.333826 5.105439 4.180001 3.739548 0.8297244 -1.222573 1.954555
-2.779671 -0.5160539 3.561958 4.902677 1.887452 2.201542 3.613021 3.158049 4.115126 4.963612 4.018812 3.619571 0.7994149 -1.264288 1.790755
-2.888805 -0.8446933 3.590895 4.721082 1.713493 2.126323 3.57971 3.08565 3.795939 4.770397 3.944866 3.351741 0.5746405 -1.413439 1.85956
-3.172572 -0.949263 3.245893 4.365047 1.648105 2.090754 3.273198 3.065822 3.88146 4.735618 3.660741 3.12214 0.2043836 -1.796507 1.224267
-3.039515 -0.5812816 3.371829 4.767544 1.81667 2.108173 3.352517 3.050275 3.983017 4.788274 3.990131 3.43546 0.6899707 -1.410377 1.505881
-2.784097 -0.9038946 3.507167 4.399409 1.804949 2.02651 3.735077 3.096785 4.202261 4.647338 4.138927 3.464411 0.6155779 -1.577744 1.76585
-2.55929 -0.3729175 3.715494 5.071366 2.144164 2.379173 3.990151 3.371414 4.486624 5.171554 4.295014 3.7457 0.9733256 -0.9176735 1.890188
-2.606727 -0.2796141 3.890777 5.103992 2.25398 2.500111 4.054928 3.622086 4.363338 5.258615 4.248017 3.67885 1.112564 -0.8253365 2.154669
-2.557554 -0.4141628 3.769822 4.928641 2.128868 2.534582 3.930785 3.573897 4.57214 5.33483 4.337205 3.792708 0.9829876 -1.020152 2.072893
-2.352113 -0.2159201 3.911166 5.133154 2.45647 2.896657 3.991217 3.63182 4.611119 5.588446 4.616796 4.003065 1.107064 -0.7305874 2.106752
-2.407033 -0.3237678 3.869661 5.144573 2.417963 2.656638 3.886121 3.553035 4.515711 5.156827 4.438884 3.89411 1.156084 -1.073439 2.021772
-2.501387 -0.382539 3.858539 5.072723 2.322193 2.733982 3.985006 3.894539 4.595976 5.638666 4.568928 4.320995 1.09697 -0.7710866 2.089029
-2.463159 -0.4158244 3.812761 4.99037 2.267878 2.66793 3.890229 3.626268 4.566958 5.134226 4.301238 3.936561 1.000297 -0.9002204 2.041572
-2.453929 -0.4980964 3.605762 4.579331 2.006935 2.491964 3.761093 3.183898 4.396026 4.920172 4.078825 3.533461 0.6924886 -1.31602 1.605411
-2.806099 -0.779892 3.495932 4.687784 1.735297 2.354349 3.713057 3.109837 4.161522 5.090319 4.12244 3.445334 0.6154943 -1.493022 1.658139
-3.003851 -0.6217073 3.424343 4.703189 1.868214 2.258508 3.404097 2.991945 4.102655 4.903056 3.731851 3.498023 0.6096012 -1.128257 1.741623
-2.999501 -1.142684 3.536877 4.620174 1.864534 2.323231 3.613756 3.136717 3.873114 4.751253 3.949182 3.386243 0.6559824 -1.351138 1.771985
-2.836732 -0.7026034 3.218053 4.447111 1.848575 2.223996 3.43295 2.793556 4.043978 5.199193 4.013943 3.645017 0.8220434 -1.340971 1.703868
-2.650023 -0.7162008 3.342082 4.595701 1.700889 2.067435 3.752856 3.154904 4.132585 4.84929 4.090117 3.555155 0.5132844 -1.390567 2.114105
-3.043193 -0.9118562 3.308361 4.561198 1.897502 2.206746 3.355818 2.989189 4.146745 4.847911 3.927555 3.180887 0.545057 -1.344308 1.584115
-2.889216 -0.8095859 3.387351 4.651426 1.772568 2.338654 3.786164 2.996685 4.265195 4.986939 4.061956 3.17297 0.7620945 -1.404864 1.66706
-3.04321 -0.5815902 3.470647 4.668778 1.903824 2.546643 3.771865 3.090363 4.221694 5.194107 4.123379 3.517866 0.434168 -1.241772 1.584203
-2.972772 -0.9249973 3.267376 4.648679 1.658957 2.0884 3.565542 3.092228 4.004335 5.00403 3.940193 3.310185 0.574238 -1.324017 1.436836
-3.066304 -0.9756271 3.246961 4.622929 1.501213 2.113938 3.517325 2.873944 4.053312 4.95765 3.77921 3.254336 0.4385014 -1.463384 1.594535
-3.300132 -0.9775242 3.24695 4.560844 1.697105 2.204584 3.199364 2.934898 3.8197 4.759887 3.729742 3.134872 0.3950539 -1.547528 1.33618
-3.276809 -1.343441 3.163039 4.346362 1.878385 2.048402 3.195338 2.569441 3.711597 4.636107 3.880303 3.24499 0.2803149 -1.844444 1.243495
-3.688735 -1.007656 3.153939 4.329806 1.204561 2.029382 3.327724 2.644193 3.818449 4.646674 3.639463 2.915309 0.2834022 -1.827463 1.587322
-3.207665 -1.278789 3.239026 4.535153 1.671939 2.08915 3.342035 2.98698 3.763191 4.692445 3.657128 3.238371 0.3391347 -1.372397 1.322226
-3.265394 -0.9894355 3.402942 4.299683 1.600898 2.070417 3.195427 2.717024 3.639587 4.885166 3.77391 3.232089 0.4893482 -1.611298 1.521915
-3.128924 -0.937251 3.191025 4.368761 1.741324 1.926792 3.492944 2.945326 3.858675 4.672541 3.956146 3.281967 0.5990498 -1.490469 1.641846
-3.144005 -1.134518 3.256023 4.484727 1.529138 1.953426 3.237842 2.921634 3.752869 4.548012 3.610905 3.206693 0.5341404 -1.247495 1.455452
-3.043233 -1.111336 3.016175 4.26782 1.632007 2.230502 3.377248 2.531287 3.738474 4.596078 3.774402 3.086277 0.216543 -1.590827 1.516418
-3.186795 -1.246628 3.257207 4.198026 1.326321 1.858911 3.038383 2.623257 3.692359 4.633183 3.47151 3.091782 0.2200731 -1.597527 1.326519
-3.339835 -1.3153 2.94323 4.253238 1.491045 1.856677 3.01579 2.711565 3.766381 4.475609 3.573301 3.106623 0.3933494 -1.704719 1.418212
-3.396025 -1.208974 3.068342 4.357033 1.352049 1.598592 3.050621 2.541872 3.771515 4.394151 3.504941 3.156908 0.20108 -1.752716 1.335828
-3.514193 -1.620785 2.651274 3.83751 1.11299 1.532794 2.872671 2.249622 3.501837 4.228994 3.31445 2.565929 -0.124193 -1.863193 0.9969291
-3.865532 -1.790165 2.479862 3.595578 1.005699 1.337294 2.622296 1.900793 3.125565 4.099781 3.13419 2.530791 -0.2827374 -2.139195 0.9018264
-3.741556 -1.488309 2.530006 3.9521 1.013755 1.572655 2.470222 2.284571 3.091705 4.294559 3.177158 2.665075 -0.06947558 -2.11425 1.08445
-3.702997 -1.354196 2.729261 3.935931 1.387327 1.604145 2.847825 2.378255 3.355737 4.292415 3.118164 2.831658 -0.004434411 -2.052325 0.7928246
-3.639399 -1.361032 2.937838 3.987169 1.213018 1.366695 2.812108 2.196964 3.231886 4.310719 3.392218 2.604851 -0.1197857 -2.045281 1.017148
-3.464026 -1.348346 2.687373 4.147711 1.221188 1.503008 3.155096 2.576474 3.531924 4.549451 3.152538 2.767726 0.1423622 -1.723183 0.963735
-3.486655 -1.493471 2.684338 3.797414 1.241359 1.45536 2.813845 2.28737 3.664753 4.179482 3.493041 2.750292 0.2151287 -2.061307 1.019595
-3.616842 -1.408268 2.645612 3.814212 0.9352652 1.550362 2.900589 2.463918 3.414425 4.425872 3.268708 2.515711 -0.06051014 -1.858334 1.015354
-3.968202 -1.83728 2.635881 3.663694 0.9481568 1.332585 2.800808 1.871334 2.948738 3.717699 2.999937 2.326944 -0.3023818 -2.432493 0.7959816
-4.191942 -2.126912 2.185452 3.239203 0.663042 0.9714821 2.307634 1.702324 2.816322 3.763649 2.747357 2.334513 -0.5902209 -2.511743 0.3748244
-4.459281 -2.148232 2.100082 3.4926 0.4148137 0.8916753 2.26368 1.774666 2.64081 3.775513 2.596665 2.112702 -0.7464984 -2.61235 0.4665182
-3.935805 -2.119427 2.088755 3.217325 0.4792017 1.12123 2.095556 1.887014 2.813326 3.635743 2.847567 2.082767 -0.6591973 -2.502347 0.4962673
-3.881611 -1.784056 2.499853 3.790448 0.7811305 1.478518 2.986679 2.504279 3.262059 4.146299 3.124463 2.43919 -0.4613505 -2.158403 0.8175973
-3.419175 -1.549917 2.407083 3.936648 1.110135 1.42601 2.782107 2.391226 3.184498 4.183628 3.254231 2.685479 0.01336974 -2.425804 0.6957825
-3.514197 -1.399678 2.721098 4.070688 0.9857012 1.360806 3.153658 2.084219 3.505748 4.041948 3.257873 2.713296 -0.2467283 -1.928695 1.089282
-3.642561 -1.524994 2.500891 4.208594 1.070598 1.713171 2.727495 2.294436 3.202222 4.340767 3.2232 2.645676 -0.1205592 -2.128722 1.033355
-3.685446 -1.554738 2.416749 3.799417 1.10019 1.431215 2.677023 2.122199 3.124825 4.348971 3.140629 2.631008 -0.3602497 -2.426783 0.7973113
-3.376294 -1.520524 2.71026 3.945366 1.13739 1.545183 2.942736 2.641926 3.581276 4.492573 3.328728 2.932161 -0.06486963 -2.131402 1.113911
-3.489295 -1.265623 2.922466 4.065763 1.107088 1.723824 2.847513 2.523646 3.170617 4.383462 3.495692 2.762874 -0.1509596 -2.208343 1.205649
-3.408177 -1.239013 2.889134 3.988766 1.329155 1.675912 3.094981 2.587385 3.567598 4.399044 3.253144 2.842592 0.01605888 -1.715144 1.138234
-3.190095 -0.9839086 2.784421 4.113379 1.270978 1.817846 3.237878 2.557067 3.667127 4.668069 3.372923 2.933779 0.08313784 -1.894049 1.402637
-2.966359 -1.076883 3.289481 4.366058 1.384082 1.912638 3.419461 2.633567 3.621178 4.837889 3.487564 2.85575 0.4862846 -1.6546 1.427184
-3.450917 -1.276991 3.000345 4.092365 1.254214 1.543058 2.820924 2.653573 3.466697 4.435752 3.202918 2.908785 0.1429882 -1.860856 1.117143
-3.786189 -1.547051 2.907772 4.194073 1.221654 1.684722 2.855577 2.626227 3.48733 4.41785 3.621588 2.943517 0.07708694 -1.93282 1.240402
-3.502551 -1.312049 2.865707 4.11745 1.066918 1.613767 2.896674 2.432861 3.447893 4.24336 3.359511 2.77495 0.07627073 -2.143731 1.041925
-3.291676 -1.317924 2.690637 3.984738 1.177897 1.695986 3.137718 2.393934 3.536125 4.318707 3.381655 2.938203 -0.02609577 -2.076744 1.105642
-3.483015 -1.318463 3.142539 4.325328 1.353044 1.678187 2.863767 2.393122 3.256974 4.554995 3.340538 2.699169 0.1777464 -1.951922 1.245547
-3.157307 -1.058191 3.252191 4.445481 1.373401 1.748727 2.946821 2.61669 3.787292 4.424303 3.366873 3.155842 0.08604886 -1.607473 1.154335
-3.085719 -1.302725 3.066335 4.213212 1.487506 1.739665 3.003804 2.724191 3.92281 4.704615 3.525189 3.135576 0.2764895 -1.816495 1.38867
-3.240478 -1.25895 3.122823 4.221956 1.563267 1.701331 3.175143 2.731332 3.761244 4.275986 3.54352 3.052803 0.1698496 -1.928843 1.358788
-3.241147 -1.049948 3.322464 4.45965 1.442887 1.847132 2.988189 2.727249 3.728034 4.742437 3.715682 3.284005 0.1271874 -1.47798 1.235944
-3.257351 -1.040091 3.111087 4.606804 1.698727 1.780036 3.077043 2.916175 3.812247 4.875188 3.573015 3.260896 0.3315337 -1.39376 1.451615
-3.147511 -0.7756832 3.371747 4.555253 1.828745 2.192727 3.325641 2.958104 4.044436 4.810993 3.881627 3.279851 0.3290573 -1.423661 1.539922
-3.304827 -0.7105657 3.068648 4.540278 1.849249 1.994815 3.443285 2.967989 3.893308 4.745666 3.483501 3.017697 0.5408541 -1.652078 1.878497
-3.027819 -0.8473601 3.226637 4.480283 1.678235 2.085913 3.450306 2.772399 3.827453 4.800294 3.855236 3.458884 0.5248332 -1.42086 1.642235
-3.027745 -0.6584436 3.305905 4.747809 1.586337 2.172844 3.573509 3.073387 4.03939 5.095321 4.149444 3.510061 0.721254 -1.567943 1.698882
-2.724471 -0.7785637 3.486502 4.526799 1.823604 2.386093 3.426093 3.224223 4.039563 4.843531 3.910126 3.375382 0.570597 -1.369753 1.537724
-3.03445 -0.7437986 3.270547 4.623133 1.723526 2.228289 3.482828 3.182368 4.236442 4.671291 3.922724 3.386098 0.3812147 -1.392077 1.694143
-3.119817 -0.6974164 3.18283 4.434328 1.51046 1.914155 3.399425 2.993594 4.001767 4.818579 3.82359 3.121898 0.4673931 -1.681623 1.654701
-3.119668 -1.147861 3.1994 4.358974 1.559753 1.983787 3.200412 2.673471 3.839481 4.643846 3.824392 2.981216 0.3125553 -1.648635 1.43604
-3.183717 -0.6243519 3.022118 4.113656 1.402561 1.923777 3.115087 2.693498 3.61784 4.44589 3.711295 2.879857 0.2327749 -1.758605 1.311052
-3.315114 -0.88707 3.030174 4.09343 1.489922 1.804851 3.212002 2.865054 3.788475 4.515296 3.848649 3.089673 0.4365077 -1.523004 1.317723
-3.337263 -1.274693 2.81486 4.241468 1.137725 1.861988 3.004745 2.516524 3.565211 4.533783 3.413121 3.196418 0.09344542 -1.922972 1.437175
-3.493276 -1.205398 2.974961 4.209191 1.369984 1.785243 3.078099 2.485757 3.408682 4.528271 3.573539 2.998244 0.02646703 -1.828493 1.121724
-3.253546 -1.343917 2.949529 4.141014 1.485304 1.77323 3.0298 2.780608 3.612816 4.561268 3.530301 3.07724 0.002802076 -1.757135 1.16229
-3.486417 -1.385454 2.894852 3.69248 1.101446 1.580288 2.96233 2.391105 3.392663 4.514473 3.29861 2.783116 0.1032128 -2.225621 1.144799
-3.642005 -1.3885 2.846154 3.909438 0.9764217 1.581059 3.101739 2.416326 3.209912 4.394502 3.213222 2.523404 -0.2143998 -2.189432 0.8231197
-3.688289 -1.759904 2.531675 3.85258 1.120576 1.410051 2.802329 2.373763 3.369879 4.158082 3.010868 2.474263 -0.2537267 -2.075071 1.20469
-3.788826 -1.301997 2.743801 3.907928 1.006531 1.454004 2.666353 2.445147 3.185767 4.039941 3.329958 2.779945 0.06431837 -2.258388 0.755697
-3.747177 -1.47303 2.813919 4.141769 0.9811252 1.591582 2.908613 2.39258 3.384297 4.207787 3.508964 2.789005 -0.1477729 -1.947419 1.222019
-3.956175 -1.599116 2.513947 3.825061 1.003156 1.311058 2.72736 2.405758 2.99661 4.179114 3.165195 2.555574 -0.3789797 -2.151433 0.6641559
-3.713446 -1.45892 2.742739 3.660984 0.8317326 1.450457 2.580144 2.316486 3.102842 4.353912 3.089446 2.621287 -0.07632043 -2.035595 0.7738152
-3.649324 -1.339798 2.905391 3.754345 1.166189 1.607073 2.877695 2.416979 3.459885 4.113321 3.171585 2.806157 -0.06636182 -2.373042 0.7636385
-3.698359 -1.482674 2.464226 3.838043 1.088782 1.243057 2.92517 2.146107 3.07421 4.096023 3.233893 2.811836 -0.1894571 -2.092204 1.03081
-3.823243 -1.372109 2.718987 3.924865 0.9808303 1.398986 2.578341 2.097288 3.426627 4.102202 3.293895 2.447829 -0.2469881 -2.244414 0.8680261
-3.726953 -1.434696 2.476215 3.770153 0.8177994 1.2022 2.562668 2.384448 3.262495 4.098595 2.957591 2.260851 -0.189142 -2.19343 0.8130304
-3.750294 -1.952069 2.569579 3.722917 0.8577243 1.340721 2.673559 2.391183 3.016036 4.20297 3.03547 2.70872 -0.09754329 -2.047098 0.8604708
-3.847874 -1.679293 2.518871 3.680674 0.8471733 1.28145 2.540761 2.032089 3.216872 3.992948 2.939215 2.634276 -0.2900709 -2.355139 0.6565508
-3.698088 -1.71589 2.879926 3.785512 1.032865 1.585438 2.68859 2.429385 3.31623 4.206893 3.352596 2.694972 -0.2044425 -2.131241 0.9123931
-3.591907 -1.382642 2.822011 4.042708 0.8353069 1.510434 2.981011 2.123648 3.419821 4.313431 3.416201 2.825854 -0.2251175 -2.007649 1.219855
-3.892041 -1.584573 2.552899 4.039637 0.8975896 1.409643 2.394212 2.328014 3.365274 4.095294 3.174918 2.59032 -0.1065185 -2.240603 0.7607901
-3.76449 -1.412687 2.64518 4.086476 1.280546 1.664062 2.862546 2.344392 3.340088 3.921929 3.118365 2.66549 0.02236232 -1.916235 0.6959956
-3.50192 -1.598818 2.709056 3.9164 0.8868697 1.320764 2.778729 2.409355 3.371 4.201858 3.050622 2.645748 -0.2037185 -2.075003 0.878549
-3.645476 -1.42841 2.541114 3.795067 1.06351 1.780415 2.878585 2.231868 3.111174 4.197046 3.103319 2.61409 0.09340967 -1.85832 0.8890874
-3.554415 -1.237948 2.749861 4.022786 1.159154 1.658809 2.870131 2.664575 3.517642 4.583633 3.346041 2.898826 0.1531271 -2.025118 1.083372
-3.115596 -1.276741 2.978912 4.024904 1.253762 1.745315 2.890263 2.483551 3.562047 4.399004 3.502648 2.998031 0.08950264 -2.120486 1.438518
-3.185513 -0.8397277 3.08583 4.554065 1.547948 2.385807 3.301972 2.818136 3.990908 4.863782 3.809638 3.225957 0.4709215 -1.667919 1.575161
-2.98972 -0.9852052 3.378263 4.631402 1.631612 2.411283 3.414808 3.169327 4.01606 4.819546 3.892206 3.55461 0.3406967 -1.634729 1.642031
-2.884218 -0.5236037 3.517855 4.766336 2.046143 2.474094 3.762197 3.088244 3.951353 5.00012 3.965106 3.518087 0.9256879 -1.25862 1.882203
-3.068083 -0.6309808 3.279043 4.683818 1.798777 2.199132 3.481238 3.337199 4.116461 4.986123 4.052724 3.247187 0.6442128 -1.428295 1.753453
-2.954329 -0.6230267 3.524901 4.742419 1.698595 2.204622 3.626724 3.051301 3.93462 5.03264 3.859759 3.290987 0.6408924 -1.321567 1.717021
-2.947939 -0.7842711 3.592133 4.688753 1.919832 2.277398 3.650393 3.039868 4.139945 4.975841 4.113124 3.655368 0.5148981 -1.276515 2.021345
-2.494869 -0.395938 4.034198 4.883583 2.166727 2.625766 3.960232 3.412765 4.319696 5.274038 4.36022 3.641857 1.004358 -1.157011 2.274348
-2.550069 -0.04286003 3.839906 4.935399 1.967556 2.450487 3.945744 3.345996 4.278937 5.133795 4.393065 3.814045 0.6389447 -0.9660666 1.857051
-2.918785 -0.4956705 3.658119 4.940669 1.939654 2.260621 3.60366 3.190027 4.121479 5.098076 4.242743 3.417217 0.789955 -1.506378 1.82418
-2.889274 -0.3888269 3.486106 4.901588 1.787645 2.483812 3.823704 3.1869 4.028104 5.331594 3.927948 3.709869 0.6427396 -1.151488 1.900639
-2.688966 -0.6311944 3.75202 4.760404 2.018455 2.559854 3.867791 3.348522 4.247373 5.077554 4.298597 3.522678 0.9082883 -1.357443 1.855222
-2.693839 -0.7778571 3.425857 4.779082 1.651988 2.166742 3.532523 3.246107 4.047449 5.161235 3.940444 3.419821 0.647488 -1.436554 1.552419
-3.124956 -1.024331 3.227231 4.516571 1.759009 1.836778 3.259203 2.863175 3.754063 4.567289 3.397927 3.230542 0.4544972 -1.544346 1.606796
-3.136132 -1.029972 3.031054 4.414092 1.521027 1.846851 3.377357 2.786437 3.983358 4.407131 3.893276 3.068608 0.09006198 -1.579199 1.35258
-3.034946 -1.040116 3.395981 4.503757 1.609467 2.082847 3.34158 3.011108 3.977293 4.864769 3.651653 3.382208 0.4037585 -1.384329 1.606124
-3.330688 -1.127138 2.926887 4.200953 1.46288 1.9634 3.201187 2.920314 3.815142 4.688681 3.919846 3.236017 0.2890853 -1.80392 1.252526
-3.339054 -1.082809 3.219026 4.502221 1.544862 1.991809 3.272386 2.783228 4.060731 4.602498 3.613488 3.032285 0.3404696 -1.557127 1.497376
-3.368993 -1.417455 3.082981 4.17384 1.435747 1.74853 2.959296 2.682102 3.510854 4.452803 3.568961 3.035973 0.07434354 -2.081849 1.204554
-3.199054 -0.9494427 3.094525 4.287152 1.444231 1.895165 3.258924 2.807868 3.673704 4.634853 3.363371 3.217587 0.1503004 -1.591407 1.509407
-3.258837 -1.303212 3.086165 4.322757 1.408599 1.813959 3.370351 2.733382 3.596713 4.581864 3.52733 2.913603 0.2517459 -1.774171 1.344418
-3.382628 -1.191298 3.041741 4.189739 1.188539 1.763192 2.985759 2.405648 3.651859 4.418853 3.50085 2.897877 0.08445839 -1.829824 1.220055
-3.402878 -1.253993 3.031018 4.28728 1.288424 1.73471 3.086923 2.62475 3.59308 4.272219 3.227748 2.956539 0.1088023 -1.817115 1.244995
-3.321695 -1.594166 2.942172 4.20718 1.308191 1.815598 2.924241 2.503967 3.322099 4.456716 3.35091 2.910724 0.1698409 -1.818471 0.9468401
-3.245181 -1.043936 2.9771 4.266784 1.351152 1.611925 3.166117 2.980759 3.633199 4.807952 3.868978 3.130621 0.1420137 -1.625521 1.497453
-3.224264 -0.7478818 3.201137 4.404828 1.624786 2.110996 3.302952 2.893578 3.984306 4.815263 4.039551 3.253277 0.5808217 -1.412827 1.494093
-3.154531 -1.151374 3.151056 4.307217 1.397698 1.818886 3.235569 2.793463 3.786091 4.463831 3.596434 2.872112 0.2321065 -1.651747 1.362229
-3.506082 -1.342393 3.087688 4.069517 1.19847 2.01049 3.254888 2.593839 3.562541 4.452786 3.59669 2.933215 0.06520916 -1.85818 1.234138
-3.061605 -0.9212189 3.195088 4.495779 1.570846 1.816238 3.21229 2.556655 3.758437 4.605394 3.664481 3.154992 0.3363896 -1.7641 1.536387
-3.075067 -1.092306 3.231724 4.55774 1.93794 2.101307 3.284389 2.876514 3.799257 4.732325 3.989386 3.229065 0.5452454 -1.656852 1.543293
-3.394448 -0.8590375 3.086382 4.261136 1.452866 2.046047 3.075873 2.912772 3.857405 4.936786 3.728861 3.155323 0.4515548 -1.499116 1.546347
-3.193604 -0.8475229 3.101567 4.305897 1.724767 1.719789 3.159634 2.85935 3.839468 4.869466 3.692894 3.096335 0.2653307 -1.60271 1.321102
-3.159247 -0.787731 3.238422 4.583016 1.800443 2.291124 3.469231 2.982298 3.974855 5.062528 3.954979 3.476197 0.5885206 -1.188894 1.798096
-2.824098 -0.4265778 3.616913 4.905401 1.792191 2.529329 3.973443 3.156729 4.321134 5.237332 4.294618 3.453892 0.5603699 -1.368035 1.830038
-2.715777 -0.582304 3.554951 4.730812 2.03774 2.252657 3.68262 3.252397 4.063923 4.893078 4.087738 3.533178 0.7041341 -1.209866 1.6414
-2.730138 -0.4969764 3.809954 4.819789 1.746141 2.313553 3.671028 3.290755 4.208292 5.311788 4.279306 3.585368 0.8101566 -1.127363 2.067388
-2.870304 -0.3605563 3.494509 4.819117 1.894775 2.542297 3.711599 3.083725 4.34508 5.211561 4.005075 3.564126 0.850437 -1.206417 1.907112
-2.803199 -0.6461237 3.52236 4.66053 1.936704 2.204828 3.513133 3.082071 4.210095 4.921358 4.072066 3.662547 0.7464682 -1.2761 1.544269
-2.859463 -0.669348 3.388278 4.752513 1.911077 2.271745 3.462417 3.288501 4.079823 5.0147 3.94018 3.251331 0.7622822 -1.486907 1.765208
-2.785452 -0.5078437 3.370285 4.722007 2.058391 2.120126 3.487883 3.110466 4.24837 4.976424 4.117557 3.436614 0.7778252 -1.430782 1.817232
-2.863986 -0.4474187 3.647609 4.435181 1.953605 2.320233 3.706731 3.266765 4.319902 5.137267 3.970268 3.647335 0.6620328 -1.5571 1.708403
-2.973107 -0.6011272 3.667158 4.571806 1.945377 2.144259 3.51659 2.954291 4.226042 5.15312 4.232497 3.700423 0.683669 -1.048041 2.004788
-2.903043 -0.7519982 3.605625 4.896454 1.828784 2.286132 3.715335 3.261811 4.150413 4.987213 4.047495 3.80348 0.8688468 -1.248914 1.897179
-2.535313 -0.4011062 3.672156 4.949193 1.977045 2.456508 3.682818 3.400157 4.100665 5.143592 4.250588 3.557373 0.7588097 -1.023355 1.751941
-2.810018 -0.5996237 3.577076 4.943541 1.878867 2.368406 3.812885 3.162526 4.519406 5.010817 4.142441 3.685457 0.8200787 -1.368674 1.791796
-2.733944 -0.2425522 3.75946 4.993592 1.951548 2.59918 3.987223 3.308296 4.40188 5.212886 4.360819 3.636175 0.7095793 -1.200296 1.989116
-2.426726 -0.4113262 3.929826 5.074158 2.18287 2.592407 3.951372 3.5251 4.376201 5.504576 4.343765 3.981954 1.197351 -0.6720247 2.149684
-2.321238 -0.396062 3.844521 5.269065 2.406953 2.968044 4.153158 3.679984 4.498746 5.434589 4.68763 4.222577 1.216154 -0.7249308 2.16883
-2.263746 0.1475613 4.160104 5.253903 2.566931 2.989348 4.36692 3.693191 4.564248 5.413829 4.798063 4.136526 1.42069 -0.5356006 2.530812
-1.785867 0.01761046 4.23146 5.359163 2.673701 2.989715 4.345104 4.040898 4.854443 5.822247 4.758555 4.226042 1.258787 -0.6228347 2.511199
-1.801319 0.3940486 4.442421 5.716561 2.819452 3.138668 4.486258 4.327661 5.203999 5.908509 4.88232 4.554594 1.636606 -0.2381999 2.747963
-1.709143 0.6142742 4.641591 5.720295 2.906125 3.400396 4.744896 4.286615 5.269393 6.13487 5.420645 4.385668 1.699342 -0.137463 2.835857
-1.35611 1.023754 4.881026 6.052719 3.266673 3.936762 4.965465 4.779834 5.804605 6.502182 5.514074 5.01139 2.330427 0.1550645 3.346292
-1.249268 0.8427179 4.939758 6.280761 3.370375 3.908071 5.33489 4.838669 5.546613 6.54496 5.404301 4.993457 2.107194 0.2171211 3.124244
-1.379565 0.7667795 4.986146 5.948446 3.286296 3.628836 4.960306 4.330975 5.697094 6.344347 5.250709 4.531444 1.883519 0.3001196 3.172288
-1.204007 1.079613 5.217128 6.149013 3.566169 3.782847 5.277634 4.987699 5.803678 6.523688 5.716389 5.103639 2.260926 0.09884214 3.549441
-1.218666 0.7816019 4.957778 6.181356 3.145204 3.904034 5.062239 4.730389 5.69156 6.41168 5.569904 5.274409 2.228875 0.1876907 3.292993
-1.372071 0.8127128 4.990877 6.345455 3.443161 3.714869 5.082864 4.850087 5.858655 6.363668 5.535766 4.953119 2.181789 0.08476596 3.488159
-1.425721 1.071038 4.732534 6.11402 3.449455 3.98795 5.149589 4.756652 5.482575 6.73102 5.661587 5.065339 2.104972 0.2905909 3.124524
-1.218728 0.973293 5.10747 6.373674 3.553863 3.732413 5.132393 4.573296 5.678272 6.512076 5.345569 4.927088 2.155301 0.363567 3.128722
-1.065426 0.884755 5.125395 6.283957 3.508075 3.922323 5.378128 4.745609 5.800796 6.619272 5.468906 5.053213 2.569429 0.301839 3.411209
-1.174824 1.011851 5.17179 6.220278 3.300026 3.778053 5.259337 4.705718 5.733813 6.787707 5.795406 5.119325 2.301049 0.5879963 3.548516
-1.081804 0.9911284 5.148981 6.291588 3.397709 3.809225 5.158643 4.647317 5.725477 6.655706 5.63841 5.182628 2.195597 0.3081301 3.466146
-1.333124 1.100963 5.190806 6.444358 3.661255 4.003711 5.207057 4.984755 5.892649 6.657243 5.953514 4.913287 2.497693 0.296692 3.785739
-1.074715 0.9952392 5.392917 6.583839 3.697927 4.226978 5.679245 4.999473 6.035267 6.893793 5.812082 5.110401 2.666481 0.6209229 3.581473
-0.7332081 1.442969 5.611771 6.792365 3.801407 4.168419 5.541395 5.082801 6.123489 6.989771 6.0984 5.712457 2.685374 0.6339437 4.033401
-0.6164935 1.49973 5.499285 6.967759 4.033192 4.319105 5.477894 5.363275 6.202259 7.067708 6.355053 5.428235 2.772744 0.6065087 3.884097
-0.9897173 1.221068 5.534005 6.830206 3.797819 4.313847 5.573157 5.217929 6.063859 6.991544 5.998896 5.408142 2.644039 0.5461027 3.621877
-0.596829 1.629683 5.735917 6.782883 4.066614 4.267001 5.610663 5.328259 6.330786 7.108448 6.104189 5.653924 2.815185 1.077124 4.101909
-0.6736782 1.872624 5.775538 7.178438 4.229121 4.841347 6.084834 5.416691 6.773117 7.832514 6.550702 5.711241 3.06323 1.239469 4.060261
-0.4384106 1.762154 5.805769 7.026799 4.258669 4.828344 5.910663 5.63487 6.429545 7.475995 6.561434 6.072276 3.060419 1.096589 4.069871
-0.3252026 1.705771 6.100049 7.080673 4.265728 5.017284 6.112621 5.640655 6.466636 7.376543 6.307802 6.106759 3.209885 1.244439 4.424395
-0.3735732 1.863976 6.084611 7.030073 4.184637 4.643014 6.152599 5.605377 6.465462 7.432158 6.607812 5.990437 2.992229 1.123003 4.228968
-0.4568497 1.82295 5.838387 7.164875 4.307723 4.8467 6.177655 5.640357 6.875903 7.456784 6.482508 5.900144 3.163024 0.8910663 4.04589
-0.3709962 1.644006 6.131305 7.388824 4.295607 4.839806 6.328434 5.688275 6.639497 7.577254 6.437506 5.993865 3.475205 1.238303 4.24248
-0.1698381 2.176544 6.144262 7.489956 4.416058 4.892914 6.052859 5.687314 6.724843 7.516467 6.620308 6.007323 3.156039 1.284847 4.287153
-0.4656069 1.677336 6.06434 7.250541 4.133462 4.725066 5.891337 5.773898 6.74031 7.368915 6.56358 5.954874 3.170988 1.167044 4.099854
-0.25301 2.248833 5.998475 7.185584 4.501647 5.042973 6.165776 5.833769 6.715772 7.784864 6.495398 6.112689 3.422962 1.306578 4.34956
-0.1899256 1.87989 6.057352 7.281666 4.348831 5.016551 6.482601 5.735363 6.686384 7.540865 6.755528 6.055239 3.291972 1.35438 4.360813
-0.2959574 1.863099 6.089907 7.267742 4.227322 4.752319 6.002363 5.754144 6.654162 7.648585 6.55369 5.931367 3.16506 1.187842 4.324622
-0.4419743 1.870753 5.862637 7.066737 4.185189 4.711248 6.133069 5.520263 6.449788 7.658454 6.563841 5.656305 3.121046 1.076329 4.285813
-0.3892862 1.639266 5.97558 7.384955 4.292447 4.717317 6.15617 5.610423 6.681459 7.548489 6.392925 6.055835 3.348597 1.36451 4.215359
-0.2240165 1.797082 5.873479 7.280332 4.232935 4.656853 6.263688 5.625483 6.601908 7.578278 6.533961 5.821017 2.930982 1.165563 4.125435
-0.603931 1.782201 5.972013 7.192694 4.272847 4.68316 6.072863 5.56538 6.561657 7.371221 6.433545 6.042572 3.184434 1.093916 4.175343
-0.3584899 1.838517 5.735458 7.139034 4.311251 4.797033 6.186494 5.666323 6.590366 7.534746 6.535672 5.944346 3.018389 1.014643 4.28088
-0.5045553 1.822586 5.624095 7.078835 4.281095 4.774232 5.976547 5.582919 6.399341 7.332786 6.780491 5.778911 3.040243 1.070643 3.97112
-0.6126868 1.745249 5.67209 6.910037 4.263106 4.647946 5.791081 5.488206 6.521788 7.390121 6.321342 5.912038 3.067114 0.938193 4.10367
-0.5389954 1.778334 5.705116 7.24676 4.351562 4.623757 5.877749 5.416171 6.541943 7.283724 6.428404 6.010111 2.821847 1.201363 4.140915
-0.5119333 1.494572 5.728659 6.869684 4.07919 4.727138 5.721412 5.55868 6.271762 7.23009 6.241792 5.747723 2.790958 0.8347068 4.012107
-0.8045914 1.525052 5.670924 6.952092 4.204812 4.402518 5.855835 5.383362 6.317351 7.209048 6.201541 5.697613 2.680193 1.04988 4.075213
-0.9300078 1.36899 5.597946 6.852906 3.963051 4.505728 5.611412 5.469935 6.267056 7.092588 6.188808 5.542068 2.684788 1.05511 3.872046
-0.7221282 1.307272 5.622438 6.826746 4.019056 4.365495 5.676269 5.301825 6.227656 7.201777 6.009386 5.452769 2.662186 0.5324749 3.855624
-0.7852141 1.397181 5.575528 6.54829 3.738259 4.383564 5.725282 5.248837 6.243279 7.016724 6.083024 5.638043 2.608325 0.8655826 3.717211
-0.6790264 1.595812 5.671222 7.15286 3.880236 4.498497 5.722806 5.284788 6.354377 7.257935 6.363623 5.77113 2.964077 0.9984524 4.012622
-0.444269 1.604291 5.654706 6.911584 4.083722 4.440543 5.99924 5.333808 6.242132 7.109868 6.109438 5.556866 2.910173 0.929863 3.959953
-0.4591367 1.799839 6.029136 7.332356 4.264758 4.668401 6.037584 5.692994 6.446378 7.386605 6.194659 6.098117 3.205606 1.223118 4.143954
-0.5013403 1.598408 5.824614 7.362786 4.324382 4.784629 5.867658 5.477839 6.479659 7.5069 6.717963 5.815997 3.0411 0.9042347 4.096482
-0.5085495 1.671429 5.767917 7.116159 4.350657 4.660849 6.167662 5.734003 6.620934 7.705299 6.489616 5.919751 2.992054 1.212325 4.185086
-0.4047135 1.987645 5.867245 7.083934 4.193961 4.898798 5.983153 5.815136 6.533643 7.293224 6.436336 5.799909 3.027955 1.141422 3.951109
-0.3508467 1.61442 5.971744 7.110724 4.171542 4.709337 5.878179 5.427263 6.335782 7.334755 6.192857 6.027364 3.056009 0.8825327 4.077258
-0.483039 1.654067 5.692327 6.939943 4.180867 4.779901 5.71523 5.577746 6.613882 7.257572 6.18667 5.706857 2.942715 0.8542562 4.032215
-0.3973148 1.419103 5.832007 7.100199 4.120216 4.575062 5.989625 5.355087 6.196447 7.220269 6.377275 5.723549 3.02647 1.165596 4.049981
-0.6435406 1.31768 5.624856 6.948472 4.182079 4.324475 5.718225 5.336204 6.166138 7.106396 6.212387 5.578888 2.672568 0.8266764 3.865595
-0.622691 1.416144 5.580365 6.993057 4.410315 4.52558 5.792368 5.33009 6.269083 6.936845 6.058145 5.735394 2.746917 0.8388895 3.766417
-0.6203731 1.537567 5.860695 7.050933 4.041128 4.528263 5.722677 5.533435 6.42857 7.379259 6.068545 5.646691 2.706972 0.8939907 4.246671
-0.1622066 1.672688 5.933188 7.013035 4.112969 4.65278 5.935749 5.52744 6.452143 7.236207 6.379947 5.910255 2.844149 0.9179147 4.110622
-0.637969 1.398637 5.493155 6.934683 4.023284 4.365848 5.693044 5.294489 6.309379 7.163085 6.160452 5.568199 2.793156 0.976992 4.014214
-0.7432316 1.274893 5.451072 6.8287 3.882107 4.337004 5.69009 5.410773 6.118636 6.933413 5.810803 5.631797 2.771554 0.7930412 3.919674
-0.5304197 1.722741 5.887197 6.815512 4.08796 4.586978 5.631515 5.27263 6.325823 7.409008 6.336822 5.735973 2.850098 0.8864164 4.129733
-0.3774714 1.598067 5.935753 7.101019 4.365719 4.529343 6.038958 5.464231 6.300868 7.418 6.495158 5.831691 2.817458 0.7724965 3.865038
-0.5100101 1.749227 5.886805 7.158458 4.138 4.605387 6.035344 5.309593 6.28685 7.459279 6.491029 5.678351 2.896908 1.107587 4.143261
-0.4218319 1.992161 5.80331 7.263201 4.463002 4.598987 6.160013 5.722531 6.592175 7.527057 6.661863 6.064105 3.080579 1.235575 4.196231
-0.4763846 1.790503 5.888648 7.07609 4.118601 4.883568 5.817231 5.475211 6.334413 7.263889 6.624192 5.8595 3.116954 1.063467 4.292456
-0.4654878 1.520858 5.648113 6.954094 3.969908 4.379609 5.857029 5.623295 6.29408 7.260859 6.273588 5.812268 2.980548 1.125294 3.661762
-0.1621794 1.748245 6.34508 7.278555 4.294816 4.876712 6.367598 5.641155 6.657811 7.378471 6.411542 5.99702 3.270764 1.085399 4.378449
-0.3128086 2.193956 6.155386 7.229748 4.564949 4.909672 6.239691 5.839551 7.084509 7.740024 6.566942 5.995696 3.165302 1.245689 4.456644
-0.1704514 1.838815 5.955792 7.353238 4.403513 4.975615 6.234881 5.652371 6.634818 7.77392 6.702988 6.218174 3.311336 1.17188 4.451838
-0.1207602 2.01413 6.262577 7.636343 4.577958 5.072756 6.454389 5.832538 6.916863 7.606399 6.849003 6.155746 3.500767 1.670095 4.538957
-0.0458695 1.923827 6.064235 7.377614 4.482721 5.075778 6.261083 5.936138 6.76422 7.60918 6.643747 6.088965 3.248588 1.272919 4.440514
0.105813 2.15629 6.241914 7.398121 4.780523 5.063876 6.266484 6.032155 6.940391 7.922151 6.801778 6.179495 3.399489 1.51538 4.630918
-0.04183484 2.49113 6.489326 7.814438 4.882193 5.16543 6.456313 6.147056 7.059613 8.003292 6.781462 6.504579 3.827847 1.585933 4.808297
-0.2981025 1.973678 6.163837 7.344293 4.435312 4.992178 6.337115 5.703771 6.684955 7.556328 6.662823 6.081241 3.635426 1.168836 4.388197
-0.4228963 2.063693 6.24359 7.456363 4.43602 4.935183 6.429834 5.725871 6.866426 7.788525 6.821968 6.08232 3.282866 1.232343 4.131607
-0.269801 1.815587 5.928921 7.215554 4.405019 4.803399 6.238115 5.937641 6.708035 7.505073 6.547958 6.215206 3.153807 1.27312 4.566785
-0.458652 1.7691 5.653656 7.178573 4.234869 4.858818 5.958146 5.419328 6.739095 7.47764 6.042955 5.919133 3.003568 0.7969398 4.096853
-0.8083131 1.51657 5.722168 7.022494 3.948085 4.673236 5.679141 5.38356 6.301284 7.166491 6.14394 5.869674 2.875711 1.044573 3.941566
-0.6202808 1.54294 5.426685 6.984997 4.075264 4.532745 5.840293 5.320903 6.309549 7.268064 6.319593 5.734971 3.010037 0.9289826 3.809807
-1.053985 1.437115 5.53832 6.799341 3.93628 4.478917 5.82252 5.347043 6.098539 7.146183 6.211948 5.537212 2.557959 0.9694017 3.785
-0.8603153 1.513017 5.564456 6.642209 3.78053 4.394265 5.525 5.178152 5.960604 7.167189 6.037499 5.498657 2.819506 0.6905515 3.910425
-0.6980977 1.450165 5.499702 6.791467 3.773023 4.453333 5.60513 5.313283 5.941754 7.030912 6.283567 5.553352 2.675576 0.6909743 3.814988
-0.7366676 1.611116 5.478658 6.731377 3.869054 4.42768 5.576801 5.091195 6.226344 7.238461 6.197667 5.441124 2.773849 0.9735169 3.900373
-0.6663108 1.42441 5.891421 7.128692 4.094743 4.532974 6.21544 5.358814 6.466346 7.310725 6.31183 5.719621 2.944672 1.02787 3.94512
-0.6304733 1.766302 6.077679 6.948208 4.166437 4.648192 6.144805 5.398817 6.463355 7.494918 6.325108 5.799205 3.177659 1.126466 3.983749
-0.2488091 1.724419 6.047075 7.215302 4.513535 4.804444 6.066558 5.788433 6.585955 7.712117 6.589638 5.893491 3.141496 1.401709 4.357744
0.05111689 1.833626 6.135968 7.199561 4.313841 4.759085 6.498482 5.831915 6.582654 7.905211 6.655901 6.04605 3.388036 1.249636 4.243492
0.03472305 2.050663 6.042548 7.228311 4.481853 5.067667 5.925138 5.680687 6.784918 7.845053 6.495146 6.169836 3.425394 1.349574 4.548664
-0.2102329 1.868542 5.974947 7.265451 4.462924 4.987788 6.284769 5.837183 6.828728 7.72386 6.768707 6.353025 3.380771 1.342988 4.341658
0.02271199 2.088198 6.069706 7.521866 4.772953 5.316285 6.383544 5.638729 6.879859 7.657566 6.644866 6.668505 3.603868 1.677034 4.569235
-0.373355 1.96228 6.069926 7.22889 4.538243 4.784449 6.276667 5.741424 6.918747 7.653321 6.549201 6.166391 3.326175 1.515705 4.454819
-0.2246864 1.79952 6.040973 7.255327 4.434262 4.970312 6.198415 5.644894 6.660194 7.690546 6.614465 6.254196 3.341509 1.284565 4.259607
-0.02399189 1.969032 6.037213 7.323295 4.344366 4.799428 6.239822 5.772001 6.883077 7.394188 6.771226 6.330273 3.134377 1.490366 4.240889
-0.146726 1.968276 6.296609 7.346552 4.700197 5.09474 6.47864 5.998259 6.849292 7.76588 6.711973 6.292577 3.447787 1.471805 4.411259
-0.02749321 1.917693 6.110763 7.474793 4.58741 5.008405 6.527279 5.931488 6.90295 7.835046 6.833211 6.173447 3.464694 1.609035 4.364525
-0.0874329 2.297318 6.283027 7.763554 4.585122 5.09698 6.215528 6.012058 6.988432 8.03774 6.88042 6.183703 3.352899 1.649635 4.622679
-0.1914844 2.022173 6.375416 7.563756 4.734626 5.223317 6.325282 6.102198 6.726629 7.810452 6.846611 6.386236 3.456374 1.353195 4.705641
-0.08085241 2.107467 6.115085 7.225221 4.547755 4.85086 6.303287 5.883856 6.91451 7.724647 6.758952 6.409573 3.242584 1.575686 4.465623
-0.2254093 2.095278 6.305161 7.394368 4.45413 4.998451 6.502184 5.984839 6.882133 7.505532 6.849262 6.502949 3.444699 1.334349 4.640119
0.1234643 2.139697 6.32651 7.570507 4.783747 5.06298 6.458273 5.997235 7.115795 7.763348 7.003565 6.431716 3.464721 1.811884 4.602183
0.1045783 2.546922 6.580761 7.695998 4.922472 5.3884 6.484227 6.162116 7.233375 8.106072 6.931342 6.708238 3.630436 1.766145 4.756662
0.2423495 2.164961 6.519494 7.56075 4.939622 5.095805 6.703512 6.053355 7.157464 7.865332 6.744941 6.580647 3.590494 1.633068 4.704836
0.0179781 2.215775 6.447692 7.671773 4.864269 5.672413 6.470967 6.09975 7.014078 8.176485 7.096617 6.571832 3.785196 1.864057 4.718578
0.1043182 2.351044 6.289577 7.475402 4.806268 5.196781 6.573514 6.035514 7.048403 7.874085 7.031644 6.074343 3.366211 1.713667 4.837282
0.21541 2.11114 6.500452 7.57387 4.775393 5.298194 6.692439 6.167283 7.138963 7.921214 6.911172 6.308857 3.692791 1.81558 4.600407
0.1979086 1.958625 6.410193 7.596269 4.864605 5.1985 6.4758 6.262471 6.944032 7.809779 6.923806 6.375481 3.524659 1.572186 4.840158
0.01902536 2.014434 6.190698 7.446234 4.861234 4.981045 6.326382 5.97039 6.712743 7.719387 6.722877 6.218682 3.562268 1.511844 4.643485
0.1849644 2.210396 6.235903 7.610602 4.793315 5.207176 6.461456 5.969408 7.068329 7.753641 6.902537 6.346848 3.405759 1.66078 4.660526
-0.08013136 2.364766 6.475733 7.569489 4.887746 5.223346 6.638259 6.133668 7.110016 8.148804 6.842932 6.643901 3.659384 1.904036 4.600702
0.4067224 2.316667 6.393404 7.872018 4.913223 5.446747 6.661156 6.213844 7.295688 8.259435 7.222434 6.546847 3.914741 1.891252 4.774417
0.08537226 2.494378 6.757192 8.020233 5.158232 5.5023 6.742841 6.248865 7.238483 8.268892 7.198746 6.630399 3.796923 1.896351 4.881848
0.4063557 2.814845 6.769996 8.125429 5.068258 5.863425 6.886118 6.371111 7.215858 8.428187 7.314844 6.664229 3.917679 2.131814 4.884166
0.8631873 2.627788 7.080595 8.30785 5.37282 5.882227 7.228012 6.815151 7.808937 8.486149 7.504244 7.158264 4.138476 2.338889 5.265693
0.7622898 2.941879 7.140425 8.161545 5.369569 5.771715 7.01357 6.664607 7.775344 8.467194 7.479159 6.939341 4.189076 2.175558 5.182692
0.6685415 3.079291 7.229156 8.288912 5.639125 6.075504 7.506534 6.647405 7.751576 8.609861 7.707546 7.068095 4.393714 2.428923 5.417049
0.9719829 2.998313 7.232097 8.623821 5.646147 6.14327 7.455049 7.23112 7.879887 8.726042 7.880717 7.094461 4.4967 2.574571 5.632116
1.130494 3.336435 7.38283 8.523671 5.826301 6.153962 7.44396 7.241345 7.95783 8.71304 7.824741 7.240233 4.537064 2.576228 5.616973
1.140649 3.242005 6.883239 8.687005 5.532165 5.950943 7.440938 6.679706 7.687813 8.784725 7.710078 7.069815 4.321794 2.414644 5.44704
1.098734 3.481275 7.64015 8.772894 5.847274 6.386989 7.89932 7.230896 8.16573 9.093588 8.155167 7.556836 4.670638 2.791801 5.882833
1.168162 3.175322 7.526132 8.793889 5.729958 6.487249 7.58325 7.229936 8.016941 8.948515 7.969795 7.733594 4.483558 2.906148 5.940963
1.010858 3.327833 7.618419 8.687694 5.68864 6.258858 7.750194 6.963761 7.956244 8.748001 7.774744 7.223066 4.502062 2.587472 5.458045
0.9233021 3.398303 7.518823 8.665913 5.673963 6.212633 7.3089 6.883736 8.082045 8.974092 7.875693 7.389289 4.62066 2.460234 5.422554
1.063486 2.932014 7.32824 8.577647 5.666253 6.151364 7.577158 6.903838 8.057398 9.106787 7.727716 7.516273 4.556702 2.693489 5.747793
1.190346 3.296181 7.604429 8.639233 5.881584 6.356664 7.648616 7.168063 8.372701 9.246338 8.159518 7.514648 4.621409 2.613089 5.875292
0.9278804 2.99289 7.21448 8.454013 5.734011 6.211553 7.351051 6.416667 7.873248 9.061437 7.945569 7.153247 4.551364 2.276807 5.452119
0.8771691 3.074812 7.162644 8.447974 5.705763 5.995944 7.19031 6.879332 8.031826 8.67305 7.675071 7.36762 4.218034 2.287804 5.416204
0.8856295 3.108009 7.308084 8.379095 5.548005 5.978357 7.326308 6.650288 7.980299 8.675634 7.676174 7.111995 4.390906 2.617251 5.693791
0.7689331 2.934011 7.03903 8.098109 5.564232 5.971217 7.341134 6.577627 7.808677 8.608205 7.589545 7.232816 4.339848 2.409011 5.528926
0.3258308 2.628133 6.999788 8.264703 5.133969 5.786064 6.653953 6.466684 7.300052 8.160921 7.197632 6.891415 3.994751 2.069316 4.96806
0.2654218 2.425696 6.722379 8.069089 4.947594 5.643317 6.731181 6.24921 7.369059 8.726968 7.332631 6.787697 3.952341 1.964049 5.045421
0.4527687 2.61142 6.728617 7.828789 5.10939 5.475098 6.86426 6.249147 7.397527 8.294225 7.14328 6.876851 3.644379 1.728686 4.851129
0.6955589 2.462136 6.617735 8.295665 5.022488 5.909732 6.99488 6.486512 7.616737 8.390264 7.292671 6.821697 4.073148 2.232306 4.98465
0.3951426 2.772594 6.850538 8.026496 4.950377 5.440323 6.891997 6.523022 7.222293 8.408364 7.226987 6.933826 3.989626 1.925867 5.092385
0.3410764 2.62105 6.886367 8.05754 5.12754 5.611159 6.769004 6.325272 7.426476 8.368792 7.414513 6.876043 3.743365 1.86755 4.980725
0.3051537 2.297322 6.453662 7.758925 4.866931 5.045589 6.560416 6.385103 7.044739 7.975337 7.026903 6.357416 3.851993 1.822861 4.655155
0.2905586 2.391203 6.453189 7.756357 5.100661 5.387064 6.668192 6.435966 7.128068 8.193103 7.365615 6.421301 3.677942 2.021126 4.913254
0.2684784 2.417228 6.685086 7.877344 4.902614 5.393384 6.751451 6.221564 7.088789 8.089365 7.180861 6.518514 3.757555 1.949823 4.69715
0.1746367 2.430826 6.463353 7.717647 4.815449 5.461269 6.792497 6.371251 7.004821 7.940221 7.079693 6.540522 3.806284 1.683086 4.982784
0.3871843 2.454649 6.715153 7.861501 4.968513 5.671836 6.613313 6.169519 7.170993 8.16379 7.245295 6.779291 3.781176 1.887391 4.746615
0.2447577 2.199366 6.487885 8.057381 5.052479 5.397833 6.881479 6.18502 7.095192 8.170218 7.147166 6.805458 3.840267 1.91203 4.926875
0.5536493 2.723071 6.724204 7.942076 5.241597 5.639232 7.022431 6.368663 7.423024 8.32427 7.66273 6.689865 4.138157 1.941941 5.145306
0.3572934 2.768269 6.694353 7.930553 5.349132 5.616199 6.881223 6.557968 7.256833 8.386836 7.554287 6.593005 4.020196 2.22108 5.234102
0.3411011 2.61448 6.634995 8.132069 5.021571 5.465887 6.895904 6.380666 7.198121 8.065319 7.253055 6.53992 3.801258 1.661447 4.991099
0.3546487 2.631363 6.832263 7.8227 5.043317 5.415405 6.909373 6.347754 7.509514 8.401428 7.228992 6.574368 3.71827 2.033358 4.877753
0.3667742 2.474853 6.713749 7.952956 5.284648 5.658223 6.797391 6.592429 7.313267 8.09302 7.188102 6.574998 4.002254 1.989585 4.957108
0.2279234 2.818046 6.751322 7.884799 5.324743 5.495098 7.016354 6.291507 7.420596 8.030074 7.37735 6.797996 4.095238 2.051141 5.075144
0.1780234 2.555378 6.728534 7.877102 5.082168 5.475949 6.816636 6.248565 7.278518 8.254947 7.351203 6.561041 3.78993 2.138368 4.892999
0.2214106 2.44531 6.819218 7.726881 5.096547 5.496931 6.616662 6.309834 7.103537 8.177433 7.24257 6.639558 3.90015 1.995031 4.869496
0.8413135 2.620584 6.956074 8.052244 4.964172 5.773241 7.166541 6.524467 7.530058 8.248824 7.21954 6.860057 4.050858 2.069149 5.04706
0.671129 2.713946 6.89748 8.109718 5.178379 5.757259 6.903692 6.567111 7.566166 8.574864 7.449751 6.802288 4.103109 2.14434 5.174544
0.6752937 2.612848 6.866211 7.957342 5.064624 5.654239 6.876133 6.568104 7.581284 8.385495 7.109964 6.771217 4.088106 1.989098 5.101508
0.1231858 2.51657 6.528663 7.88774 4.988363 5.479017 6.572015 6.171684 7.265617 8.143548 6.861463 6.351548 3.641995 1.794997 5.002984
-0.03647884 2.187467 6.3826 7.773339 4.598596 5.107494 6.516541 6.102057 7.033274 7.996884 7.017088 6.347722 3.422929 1.662277 4.60221
-0.09819301 2.187641 6.153004 7.420393 4.634268 5.104828 6.365465 5.752289 6.968418 7.577674 6.762117 5.833259 3.58522 1.645091 4.545021
-0.3793769 1.819193 6.22796 7.216291 4.550102 4.988616 6.202963 5.68187 6.632689 7.696868 6.684305 6.138942 3.374412 0.9592641 4.362302
-0.3003053 2.183009 6.146178 7.336906 4.562566 4.999962 5.914532 5.811259 6.750442 7.668022 6.575703 6.043436 3.171154 1.324361 4.35664
-0.4791958 1.805381 5.833912 7.026421 4.252579 4.869305 5.857744 5.637594 6.60195 7.600002 6.552004 6.035224 2.899346 1.13741 3.999245
-0.3686958 1.998952 5.988791 7.336954 4.428901 4.82267 6.057135 5.522317 6.635929 7.691281 6.578028 6.012541 3.164176 1.359037 4.174945
-0.08825157 2.041723 6.205325 7.118775 4.673109 5.119291 6.090041 5.841193 6.770668 7.79999 6.872432 6.199485 3.35666 1.545682 4.387373
-0.1502524 2.041055 6.169661 7.453792 4.65205 5.268056 6.451244 5.943623 6.984765 7.660828 6.69753 6.08265 3.232051 1.434997 4.621925
-0.126583 1.93585 6.220175 7.43715 4.707365 5.204899 6.442815 5.97107 6.887479 7.782875 6.746 6.396543 3.360887 1.398552 4.414185
-0.005508974 2.085387 6.263014 7.447469 4.759822 5.109001 6.371297 6.045004 6.89811 7.846348 7.006796 6.210732 3.569088 1.626615 4.624237
-0.0296675 2.164403 6.293622 7.525015 4.556408 5.165216 6.543823 5.994585 6.896176 8.034667 7.193898 6.583956 3.308211 1.305468 4.486749
0.1532717 2.329656 6.512615 7.551993 4.663599 5.147877 6.514151 6.102539 7.04165 7.78992 7.093422 6.228246 3.679618 1.713568 4.742532
-0.0872906 2.208758 6.425571 7.604548 4.492773 5.118683 6.36623 5.674605 7.104104 7.805052 6.73762 6.165593 3.599573 1.117613 4.597051
-0.2663069 2.203184 6.097038 7.543695 4.709025 5.246053 6.44757 6.001186 7.211815 8.033039 6.797011 6.216589 3.518777 1.624637 4.694466
-0.1614578 2.305063 6.493825 7.635642 4.771722 4.91445 6.580072 5.97288 7.113668 7.826465 6.648555 6.499395 3.480672 1.619317 4.709994
0.1670302 2.473115 6.553582 7.859765 4.867333 5.168051 6.758553 6.160564 7.000348 8.083667 6.908293 6.425487 3.546656 1.796297 4.925227
0.2490708 2.453627 6.586468 7.742102 4.788251 5.465192 6.549144 6.187112 7.220472 8.275912 7.055738 6.582487 3.98124 1.64747 4.952608
0.2700669 2.423832 6.650893 7.644027 5.082226 5.393239 6.852941 6.644642 7.196085 8.319114 7.235843 6.606919 3.729286 1.725576 5.142274
0.6442376 2.66022 6.85145 7.840852 5.208936 5.714223 6.903507 6.653118 7.149925 8.407423 7.165021 6.880191 4.009688 2.090434 5.036598
0.4232726 2.801708 6.802717 8.000666 5.214312 5.741281 6.809865 6.408007 7.360876 8.420745 7.293321 6.725243 3.962463 1.956726 4.984947
0.4654957 2.862157 6.911462 8.181469 5.405128 5.615336 6.79783 6.473741 7.590108 8.492511 7.479662 7.005762 3.913695 2.19486 5.365071
0.6030847 2.970653 6.756713 8.10853 5.283394 5.76651 6.94323 6.505419 7.462224 8.594615 7.385042 6.914714 4.225868 2.187432 5.181158
0.6418736 2.794748 6.987712 8.122708 5.450674 5.770183 7.041786 6.529713 7.362375 8.362687 7.257253 6.666061 4.108196 2.013619 4.881566
0.4807185 2.568001 6.730394 8.167442 5.177526 5.817049 7.008338 6.714219 7.657762 8.268296 7.369444 6.745637 4.128935 2.271762 5.368177
0.5199572 2.980325 6.5752 8.006715 4.98016 5.563067 6.872451 6.396959 7.315231 8.411371 7.275016 6.594217 3.924384 2.122341 5.177261
0.1591074 2.601062 6.613569 7.759222 5.022751 5.437239 6.766862 6.579265 7.382985 8.25066 7.318092 6.703037 3.61369 1.617939 4.929742
0.8109334 2.938326 6.997102 8.330567 5.292842 5.649358 7.198127 6.646241 7.653503 8.506644 7.57238 6.950189 4.1789 2.17859 5.40558
0.7254483 2.81473 7.211246 8.274949 5.485215 5.91878 7.109414 6.722415 7.802078 8.705776 7.57165 7.235719 4.327995 2.092973 5.435568
1.011037 3.168512 7.495504 8.691375 5.665744 6.184164 7.565264 7.154143 7.977678 8.988606 8.337728 7.565953 4.482412 2.473315 5.68537
1.209224 3.366365 7.588795 8.84303 5.710134 6.29241 7.467644 6.991864 8.092351 8.940256 7.925625 7.44409 4.766867 2.628151 5.741651
0.9492723 3.254089 7.301853 8.449849 5.871358 6.091197 7.463341 6.841616 8.197068 8.651759 8.019966 7.273758 4.61111 2.523499 5.549643
0.7094881 3.186684 7.185541 8.505862 5.677085 6.035072 7.382945 7.015946 7.979477 8.728926 7.979877 7.39 4.436873 2.504215 5.448831
0.9264901 3.22704 7.318669 8.396824 5.672002 5.863397 7.247046 6.629158 7.825892 8.793904 7.854647 7.207632 4.516414 2.33501 5.532536
0.7375285 3.042559 7.386233 8.685277 5.884465 5.981631 7.485415 6.858538 8.143032 8.809115 7.741 7.271928 4.485449 2.520067 5.550614
1.04063 3.227181 7.06957 8.598741 5.492528 6.094994 7.485671 6.85352 7.974619 8.797683 8.028486 7.161626 4.267271 2.589493 5.587594
0.9843308 3.170692 7.25429 8.726933 5.844405 6.145312 7.243464 7.298879 8.210016 8.97182 8.052881 7.367793 4.751625 2.530831 5.750716
1.208858 3.099217 7.421409 8.719601 5.940901 6.27409 7.486066 7.227226 7.979577 8.959314 8.179964 7.439583 4.657618 2.953671 5.721009
0.8724872 3.121529 7.376239 8.79175 5.666811 6.285117 7.76149 7.180447 7.859762 8.755211 7.921814 7.517388 4.318708 2.917624 5.665917
0.9575401 3.344886 7.328491 8.661324 5.743294 6.040915 7.48958 6.885705 7.976526 8.775791 7.789283 7.297447 4.330372 2.448643 5.648123
0.9660797 2.85021 7.135015 8.462669 5.725505 6.121627 7.417269 6.872884 7.783041 8.971989 7.887319 7.227366 4.186012 2.583708 5.238449
0.5232137 2.997397 7.171479 8.562551 5.597125 5.835222 7.166749 6.739722 7.870137 8.540692 7.534053 7.025085 4.382369 2.467633 5.531588
1.197886 3.205075 7.344906 8.749389 5.659137 6.385591 7.656224 7.044042 7.806271 8.744465 8.037408 7.483448 4.700492 2.432793 5.667988
1.107816 3.306524 7.338337 8.517473 5.617307 6.139899 7.599328 6.958743 7.997339 8.663052 7.972671 7.040107 4.693215 2.494892 5.523673
0.8295 3.19316 7.516449 8.47244 5.841062 6.29925 7.578517 6.941751 8.000078 8.89413 8.149175 7.635638 4.622041 2.716747 5.576717
1.173492 3.24376 7.323427 8.577382 5.790012 6.359343 7.81319 7.023638 8.024407 8.994858 8.123481 7.588924 4.685307 2.668447 5.576905
1.001534 3.446953 7.271891 8.678107 5.876936 6.18546 7.436451 7.281541 8.101903 8.841049 7.975096 7.487791 4.621807 2.806453 5.861667
1.347804 3.48584 7.51912 8.645685 5.96587 6.30739 7.709732 7.141359 8.061593 9.162797 7.952119 7.569988 4.669077 2.833427 5.977059
1.230097 3.47247 7.392161 8.749824 6.027727 6.058354 7.840548 7.396296 8.273669 9.043943 8.349484 7.551015 4.642042 2.703353 6.129511
0.9797758 2.889786 7.180162 8.544385 5.629095 6.229079 7.269194 6.793158 7.756475 8.991725 7.746415 7.151143 4.587604 2.78213 5.553599
0.8382555 3.040438 7.099321 8.338685 5.403717 5.929501 7.13902 6.599189 7.589576 8.603657 7.471362 7.007261 4.260559 2.346897 5.307285
0.5543343 2.796527 6.834553 8.25004 5.279103 5.651068 6.995662 6.717398 7.781629 8.451049 7.45331 6.924584 4.198614 2.215882 5.296892
0.2722079 2.446927 6.561025 7.93572 5.195698 5.443286 6.774477 6.249301 7.255959 8.468283 7.344578 6.631151 3.886056 1.750705 4.871337
0.1919755 2.5892 6.438784 7.747957 4.993441 5.51386 6.689141 6.243638 7.543702 8.103262 7.073556 6.467952 3.556339 1.665236 4.763665
0.3405504 2.708699 6.735718 7.939117 5.185705 5.749189 6.731746 6.560524 7.590703 8.517431 7.240771 6.763831 3.835816 2.049359 4.857183
0.5774991 2.890904 7.011162 7.948485 5.288941 5.633938 7.151155 6.50662 7.413539 8.540494 7.640728 6.934426 3.953031 2.154674 5.282547
0.5599976 3.05215 7.059504 8.147601 5.118158 5.810397 6.994328 6.384762 7.625113 8.510956 7.358005 7.06298 4.177667 2.146692 5.413125
0.6456832 2.765437 6.853192 8.281173 5.06182 5.833602 6.967637 6.552634 7.52823 8.482586 7.61838 6.906782 4.15392 2.198227 5.329672
0.4648117 2.595711 7.05595 8.118098 5.257295 5.530426 7.044413 6.393803 7.599576 8.123855 7.462284 7.053041 4.085658 2.150403 5.098095
0.626994 2.792715 7.056569 8.173562 5.223461 5.691482 6.946873 6.38401 7.631558 8.549127 7.644469 6.791261 3.782182 2.075385 5.280469
0.5775202 2.591738 6.649027 7.947644 5.320355 5.500618 6.942493 6.424653 7.468617 8.282762 7.538248 7.028274 4.088363 2.322031 4.867028
0.5837572 2.636649 6.884828 7.98113 5.180568 5.486136 6.898262 6.528367 7.411923 8.67157 7.344725 6.814087 4.037463 2.179065 4.953353
0.4282904 2.373267 6.85619 7.965177 5.254134 5.599435 6.814717 6.493391 7.524378 8.336749 7.418242 6.799745 4.065755 2.141038 5.092485
0.2881051 2.582289 7.058628 7.921356 5.100943 5.533703 6.806677 6.198188 7.410218 8.275425 7.441201 6.770816 4.026657 2.215851 5.144323
0.1568439 2.49713 6.447171 7.603041 4.806877 5.18585 6.714239 6.043518 7.047026 7.889569 7.271579 6.476278 3.620468 1.513413 4.830923
0.3148483 2.554446 6.616994 7.818679 4.934724 5.424514 7.062377 6.252304 7.007658 8.202208 7.250209 6.728549 3.825186 1.757459 4.784452
0.2974557 2.593339 6.487782 8.17498 4.892082 5.664057 6.947181 6.512139 7.257279 8.43848 7.255083 6.665874 3.675755 1.94218 4.980688
-0.0007754645 2.2735 6.462487 7.834126 4.868998 5.325477 6.489027 6.059437 7.147121 8.069273 7.049607 6.260365 3.863604 1.778272 4.734886
0.04823386 2.511905 6.556452 7.745284 4.90249 5.223536 6.75095 6.144847 7.181172 8.133315 6.873129 6.584512 3.777343 1.755444 4.728249
0.07687742 2.277516 6.26308 7.451847 4.507681 5.125155 6.355758 5.979996 7.018615 8.102642 7.032735 6.356218 3.573162 1.564617 4.807891
-0.0591039 2.272462 6.4183 7.577965 4.76225 5.158437 6.427432 6.013872 7.131913 7.786553 6.856465 6.363971 3.450559 1.62484 4.8693
0.1914082 2.272587 6.518126 7.665256 4.613643 5.190487 6.514027 6.167842 7.128708 7.833193 7.03323 6.455503 3.718842 1.916493 4.850407
0.1498657 2.281569 6.557491 7.877952 4.872221 5.256394 6.21484 6.060749 7.005781 7.871282 7.191816 6.476033 3.550702 1.552558 4.83487
0.1884924 2.436506 6.396815 7.961071 4.932857 5.38549 6.902423 6.196422 7.218024 7.927019 7.498789 6.751807 3.76695 1.781882 4.60935
0.1575231 2.344403 6.460285 7.62662 4.744255 5.369514 6.655634 6.102094 7.101184 8.062327 7.313323 6.516965 3.936045 1.565427 4.761631
0.289707 2.339062 6.581964 7.675698 4.886959 5.455055 6.479905 6.256434 7.195544 8.112091 7.046016 6.610269 3.583258 1.502936 4.92966
0.2628198 2.280425 6.438219 7.761467 4.908033 5.340147 6.769735 6.317967 7.082362 8.340153 7.169834 6.54828 3.754132 1.732179 4.887573
0.06440323 2.066178 6.222782 7.537772 4.643973 4.971937 6.324987 5.916931 6.932258 7.571331 6.856483 5.91661 3.4891 1.521313 4.693702
-0.5281328 1.843731 6.135113 7.260317 4.302155 4.912134 6.237075 5.736906 6.77453 7.634497 6.463464 5.940727 3.281151 1.433647 4.407669
0.03920603 1.978696 6.257369 7.571493 4.578723 4.777322 6.474737 5.910438 6.858666 7.783231 6.82561 6.358673 3.493758 1.477152 4.421102
-0.03433314 2.157084 6.34316 7.361918 4.709227 5.278515 6.669856 6.196987 7.018103 7.928596 6.890332 6.569324 3.490225 1.485985 4.621091
0.2064189 2.137858 6.415147 7.862914 4.75262 5.390008 6.492185 6.197821 7.233508 8.066946 6.945519 6.71654 3.735656 1.980492 4.771748
-0.1748578 2.263458 6.244919 7.661242 4.701995 5.244932 6.491003 6.28081 7.1088 7.916693 6.808873 6.404717 3.439945 1.678607 4.529322
-0.01469164 2.239331 6.220598 7.330677 4.431448 5.11477 6.571153 5.764065 6.923517 7.815578 6.983311 6.186917 3.608513 1.765005 4.797438
0.2288459 2.354 6.361073 7.715379 4.641353 5.011455 6.31247 5.834813 7.146786 7.983835 6.966264 6.443072 3.799978 1.774028 4.672113
-0.03817808 2.095672 6.299004 7.84834 4.773558 5.421002 6.525607 5.800239 7.177772 8.076152 7.17155 6.549167 3.671311 1.58275 4.812103
0.3620662 2.248744 6.330533 7.723695 4.733442 5.241384 6.727168 6.118361 7.532969 7.910974 7.00147 6.549093 3.603991 1.586645 4.569715
0.1486531 2.228467 6.558412 7.663247 4.905543 5.413209 6.706887 6.04274 7.363086 8.102653 7.18003 6.508472 3.75877 1.898674 4.658928
-0.01243802 2.539015 6.506285 7.799772 4.937605 5.398478 6.819104 6.156433 7.07197 7.941215 7.132124 6.403571 3.756776 1.796123 4.964461
0.3220398 2.524383 6.420515 7.705012 4.806188 5.162717 6.587467 6.091439 7.291495 8.055065 7.280398 6.445813 3.754377 1.952484 4.810588
0.09977139 2.241175 6.353535 7.57123 4.609361 5.186951 6.442322 5.827361 7.030389 8.196851 6.919734 6.610813 3.480157 1.701929 4.678562
-0.1031781 2.327972 6.450623 7.793881 4.939775 5.408382 6.851886 6.40215 7.038887 8.106414 7.09977 6.467146 3.588995 1.671448 4.683355
0.1419205 2.448126 6.429487 7.698584 4.863469 5.141193 6.674296 5.962584 7.190074 8.013746 7.089685 6.4236 3.633644 1.8521 4.788495
0.1027678 2.280705 6.425356 7.778724 4.74422 5.271266 6.602073 6.001175 6.964936 8.19069 6.783769 6.578867 3.739978 1.578572 4.975488
-0.009313575 2.212205 6.333732 7.424878 4.558544 5.015573 6.321264 6.019249 6.735913 7.798396 6.826078 6.032963 3.319222 1.691284 4.619651
0.14962 2.374305 6.408677 7.844345 4.772427 5.149661 6.758538 6.126836 7.262956 7.993127 7.081056 6.473647 3.688491 1.670491 4.778787
-0.1514302 2.158482 6.382889 7.526118 4.607513 5.237171 6.374414 6.055922 6.970954 7.791755 6.850711 6.494869 3.469983 1.471251 4.763554
-0.1505737 2.412577 6.396695 7.483266 4.750783 5.240034 6.584301 6.110171 7.013654 8.240437 7.085562 6.572213 3.6758 1.619257 4.707306
-0.287517 2.001453 6.113924 7.277083 4.400011 4.742178 6.236914 5.7621 6.816095 7.655254 6.576159 6.171935 3.509175 1.301937 4.329136
-0.6303364 1.750253 6.210897 7.243815 4.562567 4.813189 6.43048 5.644218 6.736937 7.338499 6.567453 6.064992 3.352305 1.227344 4.192149
-0.3131899 2.057471 5.988857 7.406408 4.278335 4.773176 6.289878 5.585823 6.738345 7.652566 6.70768 6.019341 3.257894 1.352613 4.237235
-0.3899696 1.898986 6.11761 7.301126 4.573935 4.886758 6.296498 5.69473 6.94513 7.594691 6.619216 5.937637 3.280787 1.186679 4.29897
-0.3022351 2.10232 6.099255 7.211969 4.529653 4.947449 5.97935 5.737505 6.719497 7.546561 6.971469 6.182678 3.597555 1.509156 4.415205
-0.2554664 1.869289 6.003227 7.675102 4.625692 4.884067 6.372869 5.853421 6.734955 7.933195 6.687829 6.227773 3.307845 1.593889 4.370618
