GAH1_2022 GAH1_2023 IAH1_2022 IAH1_2023 IAH2_2022 IAH2_2023 ILH1_2022 ILH1_2023 INH1_2022 INH1_2023 MNH1_2022 MNH1_2023 MOH1_2023 MOH2_2022 MOH2_2023
-5.26919 -3.174972 1.068465 2.549403 -0.5502662 -0.2482598 1.35004 0.6987187 1.629234 2.600393 1.612022 1.060725 -1.630812 -3.705483 -0.5486944
-5.114587 -2.937212 1.149628 2.390794 -0.4254017 -0.0348358 1.499464 0.7891355 1.653508 2.699776 1.965427 1.253937 -1.622728 -3.633649 -0.6966744
-5.111531 -2.979067 1.130857 2.325474 -0.2837557 -0.1421902 1.278017 0.79067 1.946341 2.474902 1.788352 1.263444 -1.66587 -3.699627 -0.7037832
-4.931246 -2.837459 1.055305 2.527308 -0.2537129 0.3280007 1.286135 0.8987507 1.928122 2.827169 1.774642 1.349962 -1.523089 -3.435647 -0.5514061
-5.295118 -2.891424 1.319146 2.578003 -0.5858219 0.06319877 1.579003 0.7459877 1.700232 2.755868 1.782765 1.122605 -1.64911 -3.683366 -0.6409702
-5.349694 -3.22196 1.159666 2.456567 -0.2955397 -0.1190689 1.027888 0.7737196 1.435571 2.649771 1.630914 0.9425347 -1.701733 -3.881874 -0.6235448
-5.385133 -3.220538 1.06599 2.33278 -0.6377928 -0.2621627 1.193577 0.7018548 1.635113 2.703079 1.659487 0.9920033 -1.823241 -3.846285 -0.683761
-5.62774 -3.507478 0.6532203 2.108374 -1.028007 -0.3706719 1.025765 0.5923219 1.389885 2.348948 1.415557 0.812088 -2.136066 -4.10151 -0.6691115
-5.581509 -3.358335 0.7703462 1.888742 -1.021524 -0.3937647 0.8789564 0.4040855 1.452705 2.146796 1.16986 0.761739 -2.154637 -4.18081 -1.119788
-5.833828 -3.382575 0.6384945 1.863815 -1.097301 -0.4528503 0.5939759 0.01317374 1.325896 1.916296 1.016705 0.5935351 -2.204652 -4.426778 -1.065056
-6.026481 -3.930161 0.1455549 1.642055 -1.036925 -0.7890933 0.3742851 0.177605 0.9568589 1.802243 0.8762708 0.3957702 -2.429811 -4.282007 -1.37891
-6.119361 -3.972511 0.1523249 1.60004 -1.403 -1.039955 0.5094331 -0.1750141 0.8123794 1.971501 1.021588 0.2977742 -2.69508 -4.499372 -1.457137
-5.932461 -3.86807 0.1900296 1.662133 -1.519861 -0.9551648 0.4644783 0.07979194 1.026804 1.936247 0.7698495 0.3680053 -2.539623 -4.337272 -1.248736
-6.15832 -4.170091 0.3538312 1.206869 -1.513348 -0.9558608 0.26195 0.09448633 1.044518 1.806941 0.7924152 0.3183345 -2.782305 -4.541004 -1.553307
-6.04731 -4.112885 0.3097325 1.098848 -1.503346 -1.170324 0.09934197 -0.5453125 0.8921225 1.743235 0.5647485 0.02828572 -2.745496 -4.547027 -1.571984
-6.204434 -3.931373 0.2037213 1.260843 -1.489076 -1.384379 -0.05170778 -0.1258707 0.7568567 1.433609 0.4058371 0.1134007 -2.691031 -4.487657 -1.67955
-6.501863 -4.321869 -0.1607516 1.27488 -1.957497 -1.506557 0.2357552 -0.7188342 0.5319153 1.477137 0.4380041 -0.2107503 -2.693743 -4.802241 -2.138869
-6.456759 -4.328805 -0.1753001 0.8891841 -1.755287 -1.332976 -0.0515462 -0.5143238 0.4836945 1.343919 0.3200653 0.06000294 -3.076217 -4.869158 -1.820537
-6.356908 -4.298296 -0.2109196 1.218398 -1.860555 -1.408844 -0.146659 -0.4775116 0.526161 1.315391 0.2815261 -0.1444546 -2.844992 -4.951594 -2.119991
-6.424387 -4.468604 -0.2361003 1.044892 -1.721938 -1.265754 0.0008900076 -0.4883658 0.6431822 1.380504 0.5288324 -0.06331207 -2.910109 -5.100285 -1.826875
-6.374671 -4.112589 0.05634114 1.170908 -1.477726 -0.8395645 0.323541 -0.2528122 0.8729606 1.612878 0.7350899 0.3175724 -2.869334 -4.496029 -1.659102
-6.149827 -3.795281 0.1512789 1.470677 -1.728422 -1.118193 0.1869854 -0.232724 0.6995854 1.796301 0.7128518 0.2073614 -2.70929 -4.781494 -1.639312
-6.044323 -3.833027 0.3309181 1.576198 -1.367702 -0.7108559 0.4357665 -0.0300435 1.027572 1.850705 0.8438282 0.3882291 -2.544662 -4.392175 -1.569457
-6.071529 -3.920315 0.15454 1.386354 -1.32501 -0.6806733 0.3620764 -0.2098541 0.8406669 1.913515 0.8561024 0.202984 -2.497118 -4.683932 -1.377023
-6.076141 -4.066413 0.3750213 1.442184 -1.564874 -1.117991 0.2659847 -0.1581084 0.675477 1.803171 0.4758487 0.1500151 -2.751641 -4.55904 -1.494189
-6.419506 -4.019576 -0.09322776 1.385047 -1.548941 -1.090111 0.04386136 -0.3499468 0.457616 1.633019 0.5182077 0.1786923 -2.680043 -4.837423 -1.772915
-6.518107 -4.167654 -0.1099083 0.915193 -1.763928 -1.319307 -0.1307218 -0.5124289 0.3746694 1.250755 0.3803092 -0.243361 -3.121146 -5.108947 -1.764074
-6.569552 -4.57699 -0.2318091 0.7350979 -1.916532 -1.418473 -0.1954245 -0.6286383 0.2929965 1.179318 0.3577496 -0.1640031 -3.125456 -5.13493 -2.120968
-6.807923 -4.330466 -0.3456865 0.7019111 -2.391963 -1.49106 -0.3476006 -0.7154416 0.1607295 1.05098 -0.1238021 -0.5868798 -3.165918 -5.213111 -2.008453
-6.616162 -4.458432 -0.3299646 0.8537207 -2.100831 -1.410757 -0.04103939 -0.4658455 0.3933256 1.299561 0.2144727 -0.4057778 -2.966343 -5.054083 -1.893759
-6.618708 -3.977744 -0.03311851 1.110158 -1.702125 -1.285523 -0.1042714 -0.3972506 0.5282134 1.289697 0.3800636 -0.2208405 -3.183363 -5.169046 -2.014495
-6.581731 -4.181494 0.2899436 1.226648 -1.673278 -1.064038 0.01892659 -0.2938691 0.7697466 1.654426 0.4415825 0.2919211 -2.711311 -4.640827 -1.683373
-6.213158 -4.020086 0.2515741 1.328185 -1.44946 -1.000473 0.2567938 -0.1049629 0.5718824 1.678169 0.5702066 0.3556441 -2.487227 -4.747729 -1.525715
-6.119716 -4.120209 0.2702823 1.508993 -1.543437 -1.086948 0.5778043 -0.2264691 1.027021 1.862812 0.7415677 0.2219882 -2.652404 -4.489862 -1.426484
-5.995101 -3.972845 0.3461081 1.578048 -1.472828 -0.8190618 0.4381527 0.00156333 0.7291895 1.751995 0.9466418 0.4836286 -2.396448 -4.46398 -1.209873
-5.86464 -3.879729 0.237071 1.774978 -1.244953 -1.013529 0.3191723 -0.09636761 0.9741813 1.84119 0.888577 0.443602 -2.643427 -4.532282 -1.335111
-6.08847 -3.876807 0.1307363 1.336772 -1.512273 -1.032588 0.1416662 -0.16396 0.7367929 1.498978 0.8313022 0.3164337 -2.678933 -4.552053 -1.737288
-6.101957 -4.015715 0.2444706 1.424324 -1.449335 -0.9356494 0.4422225 0.008253976 0.9884164 1.809066 0.7172712 0.2666264 -2.509077 -4.318317 -1.438554
-6.128842 -3.999368 0.05252411 1.303905 -1.380794 -0.9269309 0.3005094 -0.1388336 0.7793272 1.658891 0.9311094 0.3578171 -2.59455 -4.57561 -1.593474
-5.873369 -3.761746 0.2027825 1.76201 -1.226857 -0.4729923 0.5128947 0.2657257 1.186092 1.626941 1.092169 0.5764828 -2.075163 -4.32284 -1.296048
-5.707432 -3.825244 0.5829023 1.650903 -1.092391 -0.5627027 0.7582807 0.2580632 1.442268 2.059563 1.078418 0.4218802 -2.238052 -4.263793 -1.152315
-5.761561 -3.778728 0.6616709 1.666267 -1.022291 -0.7372229 0.8896549 0.1162595 1.105369 2.072771 1.214341 0.537393 -2.295022 -4.352294 -1.233185
-5.463762 -3.651096 0.7687426 1.98139 -0.9790351 -0.4494128 0.6135109 0.2621851 1.355593 2.360558 1.226612 0.741014 -1.992332 -4.114588 -0.9753882
-5.748868 -3.577521 0.7776282 1.942393 -1.109411 -0.5469666 0.4680277 0.4324705 1.259413 2.107455 1.176121 0.6769166 -2.278154 -3.94087 -0.9460794
-5.17419 -3.299099 0.7782359 2.271349 -0.6512087 -0.2451434 1.060546 0.4894605 1.444565 2.350176 1.575828 0.8560295 -1.809902 -3.971064 -0.7180264
-5.472936 -3.311875 0.7053975 1.866055 -0.7152502 -0.4381112 0.8929237 0.3813598 1.204013 2.396934 1.450917 0.5357383 -2.190631 -3.820896 -0.975748
-5.616258 -3.510549 0.5946035 2.017855 -0.8788932 -0.2962216 0.6109098 0.262439 1.345011 2.193347 1.301011 0.7195092 -1.931266 -3.981276 -1.044779
-5.889562 -3.777871 0.5697043 1.668525 -1.273991 -0.5858906 0.4227565 0.04850939 1.03976 1.960464 1.085884 0.4981392 -2.285049 -4.346548 -1.248066
-5.968053 -3.895662 0.2969462 1.405989 -1.416495 -0.7145935 0.2994314 -0.04252911 0.955522 1.822677 0.8447471 0.205432 -2.437168 -4.464846 -1.626879
-6.191516 -3.859218 0.08701844 1.266028 -1.773178 -1.049683 0.1593715 -0.2020934 0.5068457 1.547562 0.6274155 0.2290748 -2.53522 -4.549708 -1.642748
-6.154016 -3.957868 0.2351605 1.51714 -1.530839 -1.014729 0.4874792 -0.2389553 0.9826401 1.835103 0.9423592 0.2398319 -2.824511 -4.359508 -1.495338
-5.897837 -4.181915 0.3020545 1.116308 -1.646469 -0.8162782 0.3017465 -0.4114699 0.833422 1.646039 0.6889641 -0.1166869 -2.673881 -4.810009 -1.856033
-6.293256 -3.813141 0.0246558 1.402693 -1.379384 -0.9329975 0.2625469 0.06562293 1.016074 1.729391 0.7327131 0.3776969 -2.402349 -4.58227 -1.623001
-6.127042 -3.857103 -0.004151222 1.44864 -1.515358 -1.057903 0.1388487 0.2845142 0.9051646 1.712613 0.657406 0.03011983 -2.48833 -4.587698 -1.567269
-6.005126 -3.887722 0.001460661 1.515418 -1.379231 -0.84968 0.4400051 -0.09318929 1.029373 1.901313 0.8278132 0.2639271 -2.499353 -4.576818 -1.512178
-6.013139 -4.101881 0.125189 1.195834 -1.8462 -1.263796 0.2836458 -0.1834713 0.7584478 1.65042 0.3073152 -0.01052637 -2.570346 -4.264416 -1.958203
-6.173026 -4.038878 0.3636908 1.549551 -1.536278 -1.268225 0.321551 -0.1069635 0.9607177 1.689206 0.6793734 0.2113779 -2.85677 -4.579322 -1.416022
-6.23259 -4.138633 0.03421569 1.414945 -1.542422 -1.270172 0.1375196 -0.1217625 0.5685032 1.707488 0.7078207 0.04414993 -2.70789 -4.724226 -1.624082
-6.195823 -3.842272 0.08621356 1.33464 -1.387305 -0.9043166 0.4449691 0.1267763 0.8765124 1.91236 0.4817323 0.1563109 -2.655292 -4.748872 -1.626323
-6.222038 -4.45599 -0.06676758 1.057275 -1.667563 -1.381054 0.05673501 -0.5209415 0.7060885 1.497273 0.5097174 0.0004987859 -2.923756 -4.692855 -1.773694
-6.45754 -4.271268 -0.2446138 1.063874 -1.896074 -1.212354 -0.1503825 -0.6968094 0.4499171 1.393614 0.4918167 -0.06994205 -2.824419 -4.737818 -1.94825
-6.536739 -4.339387 -0.1978807 1.241433 -1.909831 -1.253409 -0.04154049 -0.4644051 0.5632532 1.474859 0.415321 -0.0654136 -3.026169 -5.087786 -1.721312
-6.36036 -4.304451 -0.1822226 1.223858 -1.706132 -1.441494 -0.1501637 -0.4375329 0.5705014 1.575832 0.2712944 0.2325546 -2.852082 -5.055228 -1.806888
-6.396482 -4.210405 -0.2412861 1.001731 -1.724304 -1.192099 0.1639881 -0.3394459 0.6976827 1.539949 0.3505067 -0.07437255 -2.874583 -4.815555 -1.912571
-6.497831 -4.386954 -0.007546488 1.004499 -1.750228 -1.303591 0.1663647 -0.4062831 0.8231467 1.648701 0.4865745 -0.02788454 -3.00807 -4.935436 -1.874636
-6.739251 -4.450559 -0.307244 0.9367362 -1.961107 -1.622252 -0.3582458 -0.7009218 0.4831181 1.439963 0.3335614 -0.230633 -3.113201 -5.040833 -2.080299
-6.684141 -4.36202 -0.4353153 0.7167899 -1.733494 -1.50781 -0.04001387 -0.3974366 0.1835957 1.214398 0.1290856 -0.1515998 -2.86583 -5.135696 -2.071288
-6.958121 -4.516206 -0.3307043 0.8523351 -2.000286 -1.711617 -0.1352173 -0.7152632 0.453951 1.005178 0.03834367 -0.2895178 -3.227112 -5.121292 -2.033959
-7.150389 -4.938355 -0.6897156 0.5509422 -2.622923 -1.870492 -0.724919 -0.9449198 -0.1328327 0.7664935 -0.1620734 -0.817304 -3.750546 -5.686306 -2.376212
-7.296538 -5.478092 -1.154579 -0.01371237 -2.640976 -2.310334 -0.9297858 -1.331669 -0.683319 0.5791161 -0.396165 -1.10943 -3.503492 -5.809421 -2.824619
-7.250665 -5.443196 -1.132272 0.3281717 -2.596744 -2.172459 -0.6852361 -1.290742 -0.4629727 0.510802 -0.2782378 -0.9327438 -3.772525 -5.695331 -2.788699
-7.40353 -5.108664 -0.9005134 0.3270322 -2.416561 -2.127194 -0.5865004 -1.281043 -0.2817249 0.4821051 -0.4412172 -0.699523 -3.522994 -5.695749 -2.538303
-7.186199 -4.807054 -0.6182292 0.2727478 -2.381392 -2.023513 -0.3735625 -0.7700043 -0.1143423 0.8578413 -0.07056294 -0.5947958 -3.739083 -5.531038 -2.528827
-7.103467 -4.843225 -0.5361931 0.7132799 -2.507628 -1.678537 -0.7155967 -1.02841 -0.2184813 0.8798987 -0.1500579 -0.6361157 -3.394546 -5.12695 -2.520841
-7.214916 -5.033077 -0.9220649 0.4803665 -2.287339 -2.100237 -0.50426 -1.112811 -0.447904 0.8641295 -0.4007433 -0.7998747 -3.648799 -5.365072 -2.497821
-7.301328 -5.036477 -1.136947 0.2268683 -2.785505 -2.197389 -0.9592406 -1.125824 -0.1322735 0.6555822 -0.2286957 -0.7717659 -3.532546 -5.609847 -2.554983
-7.357847 -5.035957 -1.119253 -0.06792488 -2.717971 -2.407036 -1.241915 -1.424004 -0.4053153 0.3216666 -0.6969132 -1.186069 -4.005057 -5.686236 -2.673795
-7.311212 -5.30914 -1.119427 -0.05530191 -2.752576 -2.211449 -1.171216 -1.481629 -0.521007 0.4836972 -0.6934321 -1.198762 -4.166806 -6.030015 -2.895824
-7.333606 -5.252053 -1.118234 0.1032555 -2.809733 -2.247861 -0.7734713 -1.61212 -0.4157978 0.3879111 -0.358527 -0.8600016 -3.822995 -5.502536 -2.621795
-7.457493 -5.253516 -1.123525 0.183386 -2.756074 -2.141361 -1.110411 -1.465963 -0.702533 0.2877218 -0.7312002 -1.117573 -3.948761 -5.923749 -2.959324
-7.706168 -5.547034 -1.222188 -0.02726362 -2.923454 -2.53096 -0.9755149 -1.553034 -0.4324265 0.3276734 -0.586717 -1.178915 -4.088168 -6.025803 -2.981896
-7.433817 -5.519441 -1.212482 0.2240353 -2.544869 -2.370598 -1.148688 -1.395259 -0.5762249 0.2818049 -0.558525 -1.142434 -4.062413 -5.798674 -2.812551
-7.509721 -5.248074 -0.939778 0.1093808 -2.897862 -2.411993 -1.013668 -1.514647 -0.4151854 0.5666657 -0.6382248 -1.087804 -3.937146 -5.951733 -2.840379
-7.223567 -5.267583 -0.9005643 0.1363736 -2.498114 -2.387644 -1.013944 -1.323485 -0.49093 0.502405 -0.3727594 -0.9718593 -3.823505 -5.815566 -2.740883
-7.152366 -5.304547 -0.7501537 0.5265808 -2.722592 -2.068502 -0.7072897 -1.150154 -0.118932 0.535933 -0.2388567 -0.9696496 -3.615871 -5.744941 -2.860319
-7.212928 -4.814434 -0.9818375 0.5228603 -2.367978 -1.970937 -0.8668592 -1.235383 -0.2862615 0.668554 -0.3151902 -0.7756703 -3.654671 -5.732874 -2.454937
-7.164193 -5.394392 -1.22932 0.1223035 -2.748887 -2.408376 -1.231115 -1.488696 -0.6674328 0.6126838 -0.6432591 -1.121814 -4.04853 -5.69686 -2.835112
-7.556997 -4.903178 -1.127053 0.414148 -2.602595 -2.314892 -1.014195 -1.18555 -0.4698633 0.4350634 -0.4546492 -0.95843 -4.12407 -5.860338 -2.696201
-7.398102 -5.21146 -0.7976739 0.2505593 -2.756165 -2.196993 -0.9059825 -1.42876 -0.2670033 0.2526288 -0.5203339 -1.229537 -3.767091 -5.867991 -2.942183
-7.540067 -5.672053 -1.137534 -0.1556358 -2.829574 -2.446232 -0.8195961 -1.595391 -0.3868069 0.3229635 -0.2760707 -0.856776 -4.079534 -5.848488 -2.805402
-7.490444 -5.546147 -1.100501 0.005257374 -2.579222 -2.388185 -1.010183 -1.504328 -0.6089889 0.2090183 -0.7360318 -0.8607541 -3.75354 -5.854911 -2.638149
-7.594046 -5.507115 -1.089527 0.01716966 -2.832797 -2.517388 -1.207868 -1.573147 -0.7697104 0.0751438 -0.9390636 -1.216312 -4.075042 -5.859674 -2.859385
-7.715108 -5.061407 -1.222473 0.1414176 -2.691411 -2.440348 -1.197236 -1.519133 -0.2765802 0.5044108 -0.5765077 -1.100837 -3.926453 -6.017889 -3.048661
-7.544988 -5.758379 -1.226826 -0.1857011 -2.820834 -2.505733 -1.052109 -1.441406 -0.7036798 0.3589489 -0.5816534 -1.341927 -4.097203 -5.996815 -2.690792
-7.732735 -5.340779 -1.37725 -0.1086243 -2.752145 -2.197552 -1.127207 -1.334308 -0.6949778 0.2948923 -0.7535525 -1.245026 -4.024109 -5.95641 -2.95053
-7.564474 -5.600218 -1.06662 -0.1222434 -2.830268 -2.473688 -1.060584 -1.496014 -0.9024074 0.2464372 -0.815185 -1.448171 -4.025658 -5.919542 -2.836577
-7.680381 -5.28338 -1.31789 -0.08159409 -2.559231 -2.113465 -1.048525 -1.580763 -0.5810873 0.2631683 -0.8714125 -1.253158 -3.879264 -6.196951 -2.885124
-7.504371 -5.476171 -1.144749 -0.0732245 -2.77741 -2.245681 -1.069299 -1.756397 -0.5556254 0.2717982 -0.7894347 -1.057497 -3.88038 -5.84511 -2.866008
-7.453644 -5.441033 -1.052024 0.185001 -2.839365 -2.234263 -0.9456698 -1.449885 -0.1538578 0.4100703 -0.5296961 -1.131589 -3.880083 -5.876912 -2.743989
-7.431609 -5.20654 -0.953098 0.331476 -2.42261 -2.042839 -0.9180629 -1.241526 -0.2762682 0.4898515 -0.3469177 -1.14079 -3.880164 -6.012494 -2.818241
-7.437621 -5.566513 -1.124927 0.1067157 -2.613052 -2.456588 -0.8131475 -1.250224 -0.4995359 0.4868425 -0.6442592 -0.8685672 -3.939008 -5.881692 -2.970701
-7.741017 -5.673925 -1.499142 -0.1430015 -2.96442 -2.68944 -1.395632 -1.639939 -0.8880244 0.1029283 -0.7856491 -1.334703 -4.092315 -6.199271 -3.173663
-7.829245 -5.460373 -1.450417 -0.09460571 -3.038294 -2.568532 -1.222891 -1.651738 -0.8983986 0.08432257 -0.6396968 -1.308512 -4.20167 -6.259406 -3.249185
-7.821294 -5.671728 -1.248785 -0.2418148 -3.209337 -2.645568 -1.403073 -1.972843 -1.028978 0.1874017 -1.165277 -1.464458 -4.081759 -6.190552 -3.185393
-7.615337 -5.343821 -1.212537 -0.2571371 -2.583917 -2.307473 -1.267879 -1.712581 -0.5634803 0.2609753 -0.6693156 -1.031331 -4.123527 -6.071129 -2.938529
-7.559769 -5.407044 -0.9854117 -0.08917822 -3.030912 -2.420644 -1.03368 -1.713453 -0.7400308 0.2589825 -0.6372185 -1.143411 -3.957389 -6.21897 -3.007057
-7.44012 -5.431435 -1.146974 -0.1417885 -3.010112 -2.586144 -1.237744 -1.600013 -0.7842774 0.1421724 -0.8361323 -1.21047 -3.946785 -6.210481 -2.755141
-7.658802 -5.402673 -1.427351 -0.08233234 -2.997865 -2.569115 -1.099367 -1.593312 -0.7554594 0.2459309 -0.6580998 -1.066188 -3.919541 -6.061807 -2.866278
-7.363154 -5.446669 -1.014585 0.05181205 -2.528272 -2.204318 -0.9036534 -1.525092 -0.4361911 0.4497133 -0.5405577 -1.123934 -3.789985 -5.940006 -2.845702
-7.559696 -5.240902 -1.255524 0.04143704 -2.693273 -2.306474 -1.012993 -1.300479 -0.5115773 0.3552669 -0.5422495 -1.083537 -4.043805 -6.055917 -2.719597
-7.622256 -5.538433 -1.426457 -0.09414127 -2.97539 -2.463148 -1.162938 -1.657065 -0.655636 0.2446735 -0.8059826 -1.285574 -4.325562 -6.122928 -3.116987
-7.606916 -5.415319 -1.333455 -0.02096988 -2.818354 -2.383903 -1.171637 -1.513021 -0.5912303 0.1508875 -0.7796231 -1.222713 -4.035383 -5.789583 -3.021152
-7.504174 -5.175116 -1.009875 0.08852245 -2.908423 -2.347369 -1.253491 -1.247816 -0.4087223 0.4505011 -0.6341785 -0.9961769 -3.69039 -6.049175 -2.721637
-7.295571 -5.1527 -0.8795614 0.2274082 -2.558724 -2.264259 -0.7254584 -1.685459 -0.4665907 0.5708929 -0.5443637 -0.9881835 -3.90886 -5.691852 -2.519353
-7.23504 -5.081037 -0.9118715 0.353816 -2.509197 -1.978659 -0.5857848 -1.202249 -0.2558684 0.6564087 -0.2420204 -0.673756 -3.617677 -5.47046 -2.457328
-7.027409 -5.044455 -1.040479 0.5073612 -2.468395 -2.116404 -0.7061927 -1.421399 -0.2170031 1.028083 -0.218192 -0.9039284 -3.578173 -5.496903 -2.790489
-6.905034 -4.863765 -0.7635767 0.582523 -2.513981 -2.109641 -0.6413594 -1.147982 0.01847008 0.7617895 -0.2317551 -0.4724892 -3.528215 -5.384947 -2.400346
-7.114826 -4.830886 -0.7735884 0.375183 -2.278035 -1.85195 -0.6774249 -1.062558 0.08514399 0.8759573 -0.0791461 -0.5487749 -3.545321 -5.429333 -2.440963
-7.185091 -4.843045 -0.9421707 0.4026132 -2.344323 -1.960572 -0.9280411 -1.210761 -0.1560109 0.9341303 -0.07643669 -0.8677384 -3.432448 -5.582321 -2.729407
-7.257701 -4.987824 -0.8479236 0.4507754 -2.367927 -2.025626 -0.77365 -1.029869 0.09300794 0.5604539 -0.101896 -0.6844935 -3.518189 -5.467174 -2.4735
-7.262857 -5.007646 -0.8467799 0.3158969 -2.620339 -2.207382 -0.9469316 -1.260585 -0.1250606 0.6100689 -0.3972772 -0.8213624 -3.748333 -5.661838 -2.629212
-7.289244 -5.192299 -1.002273 0.2135185 -2.645797 -2.40055 -0.6929113 -1.385973 -0.5566888 0.2853341 -0.7559487 -1.068752 -3.918083 -5.630268 -2.579532
-7.38862 -5.311249 -1.126866 0.0839 -2.691282 -2.316258 -0.8989643 -1.452758 -0.3972112 0.3688857 -0.4995715 -0.9102466 -4.005761 -5.621302 -2.729667
-7.274357 -5.326015 -1.334371 0.01539817 -2.768309 -2.346383 -1.07403 -1.695295 -0.5768907 0.07628114 -0.5788494 -1.032836 -4.121039 -5.707525 -2.901521
-7.639134 -5.612453 -1.403422 -0.08177281 -2.791154 -2.541591 -1.158885 -1.670766 -0.6189229 0.5976948 -0.7081323 -1.13125 -3.776812 -6.179939 -2.988093
-7.641655 -5.469422 -1.247437 -0.02378692 -2.749907 -2.531916 -1.093064 -1.669523 -0.898076 0.4815848 -0.5521466 -1.339338 -4.001131 -5.927858 -2.782008
-7.421328 -5.213143 -1.032002 0.2495184 -2.652492 -2.311038 -0.9857093 -1.420946 -0.4620255 0.6944305 -0.5991344 -1.069292 -3.900192 -5.683063 -3.02929
-7.389676 -5.114809 -0.9503951 0.1633625 -2.675131 -2.254053 -0.9426358 -1.587242 -0.538966 0.4238604 -0.5241887 -1.007795 -4.092666 -5.8087 -2.780908
-7.671475 -5.269305 -1.303692 0.1368659 -2.735902 -2.309603 -1.006668 -1.679943 -0.8423705 0.4390361 -0.8489215 -1.177454 -4.068955 -6.051191 -3.049761
-7.162255 -4.849478 -1.165711 0.1271357 -2.49902 -2.041933 -0.7209769 -1.387092 -0.2680008 0.5113885 -0.7049395 -0.946743 -3.76682 -5.74612 -2.646504
-7.401292 -4.999214 -0.9688311 0.1302757 -2.478592 -2.273066 -0.9407607 -1.136509 -0.1760731 0.4575979 -0.5905022 -1.109706 -3.928811 -5.7194 -2.777753
-7.255493 -4.93359 -0.9579359 0.187675 -2.77355 -2.262356 -0.7643095 -1.545972 -0.4423441 0.5710142 -0.1583051 -0.7867813 -3.66366 -5.789468 -2.697805
-7.663446 -5.54508 -1.421514 0.08257994 -2.828129 -2.419663 -1.260042 -1.437114 -0.7855639 0.2721332 -1.023106 -1.150099 -4.043554 -5.984986 -2.801137
-7.658504 -5.618329 -1.157994 -0.2016035 -3.030667 -2.522976 -1.253745 -1.777977 -0.5899009 0.2267337 -0.8276785 -1.616928 -3.958313 -6.184534 -3.036008
-7.788627 -5.931539 -1.497992 -0.2991049 -3.096676 -2.860447 -1.174272 -1.734971 -0.9027808 0.08097291 -1.091294 -1.376145 -4.460437 -6.11608 -3.184113
-7.706035 -5.231751 -1.118291 -0.1984331 -3.037362 -2.690258 -1.31038 -1.604497 -0.6418125 0.2997953 -0.8259853 -1.261008 -4.186057 -6.131007 -2.775675
-7.554253 -5.373235 -1.028394 -0.03364815 -2.724615 -2.262855 -1.160081 -1.283754 -0.4889546 0.06204493 -0.7449282 -1.274828 -4.064552 -5.872797 -2.919856
-7.354555 -5.263738 -1.088566 0.2095345 -2.772642 -2.449031 -0.8400319 -1.338791 -0.5331724 0.5000142 -0.6651031 -1.149335 -3.715736 -5.746087 -2.742044
-7.414063 -5.128694 -1.035305 0.1769093 -2.650769 -2.240031 -1.019756 -1.597493 -0.3826709 0.37763 -0.5792726 -1.023027 -3.759064 -5.812981 -2.91387
-7.140726 -5.053646 -0.9230179 0.05453049 -2.681782 -2.147923 -0.8857337 -1.401355 -0.3702476 0.5397587 -0.3586756 -1.163912 -3.975504 -5.688908 -2.705403
-7.353414 -5.196824 -1.119656 0.06569563 -2.819172 -2.164912 -1.048072 -1.505797 -0.6774544 0.1281394 -0.3119507 -1.262703 -3.873173 -5.677832 -2.930418
-7.319483 -5.039922 -1.049578 0.04997712 -2.698236 -2.155599 -0.7766075 -1.212131 -0.3264287 0.4799565 -0.4153776 -0.9599193 -3.878028 -5.777833 -2.840816
-7.36141 -5.041857 -1.163218 0.200736 -2.775985 -2.069293 -0.7670452 -1.215194 -0.2062993 0.6895264 -0.4166117 -0.8858993 -3.653808 -5.79137 -2.579274
-7.338597 -5.159122 -1.117035 0.1566116 -2.638316 -2.031487 -0.8401862 -1.335625 -0.2931666 0.3984403 -0.475079 -1.04572 -3.673986 -5.715627 -2.91479
-7.327953 -5.105601 -1.103778 0.3459234 -2.606124 -2.242015 -0.914349 -1.516652 -0.4704956 0.4350718 -0.3592074 -1.086893 -3.771649 -5.784812 -2.671176
-7.15245 -5.217064 -0.9134871 0.1079605 -2.672377 -1.996019 -0.7952077 -1.330743 -0.3846285 0.7922896 -0.4772233 -0.955139 -3.861647 -5.575089 -2.538146
-7.496949 -4.751313 -1.013058 0.3204948 -2.640311 -1.980236 -0.9225555 -1.127416 -0.2663326 0.70891 -0.2296537 -0.9188057 -3.751836 -5.538011 -2.53133
-7.396524 -5.106422 -1.104622 0.1365442 -2.504289 -2.390025 -0.7361583 -1.202694 -0.2737482 0.6064334 -0.2259435 -0.6885342 -3.819862 -5.564254 -2.449727
-7.353207 -5.025789 -1.060025 0.3646236 -2.12117 -2.087806 -0.5740095 -1.05453 -0.01198152 0.7602466 -0.06928941 -0.8456689 -3.561091 -5.308955 -2.357994
-7.020451 -4.795872 -0.7671415 0.4802714 -2.337012 -1.816377 -0.9106137 -1.128425 -0.07176237 0.539488 -0.330638 -0.5962462 -3.598956 -5.468994 -2.469079
-7.028977 -4.660966 -0.6932244 0.5810377 -2.478358 -1.946713 -0.5527272 -1.182887 -0.153758 0.7787287 0.01004195 -0.7248271 -3.321829 -5.306437 -2.292936
-7.248583 -4.753629 -1.058374 0.4893686 -2.450954 -2.044564 -0.6528976 -1.063807 -0.04901685 0.8709882 -0.1081093 -0.8729473 -3.413894 -5.632822 -2.514329
-6.743801 -4.895965 -0.9431588 0.514296 -2.364785 -1.801158 -0.3781938 -1.021648 0.04298416 1.028744 -0.05581444 -0.6718198 -3.484969 -5.244376 -2.490445
-7.257377 -5.0522 -0.9152913 0.3789122 -2.354219 -2.097951 -0.5216476 -1.195646 -0.0481926 0.7220177 -0.3223477 -0.8833877 -3.733435 -5.685926 -2.580772
-7.317704 -5.086439 -0.9391432 0.2625994 -2.494605 -2.28481 -0.925013 -1.307256 -0.3991187 0.5418136 -0.4453701 -0.7941174 -3.781658 -5.916908 -2.816593
-7.690478 -5.490343 -1.277015 0.001270502 -2.929485 -2.24201 -0.7917233 -1.35983 -0.6407434 0.4631724 -0.4251183 -1.263757 -3.973133 -5.996206 -2.894069
-7.545172 -5.466409 -1.207564 -0.1583848 -2.708588 -2.383926 -1.129975 -1.381073 -0.5889974 0.1971602 -0.5394272 -1.104281 -4.137342 -5.807858 -2.865917
-7.679886 -5.596525 -1.195264 -0.223227 -3.143153 -2.649954 -1.238359 -1.588782 -0.9473137 0.0693217 -0.7910869 -1.154835 -4.184638 -6.092625 -3.079941
-8.066366 -5.829164 -1.76641 -0.2595227 -3.51272 -2.945229 -1.290659 -2.288245 -0.9243013 -0.09362238 -1.110285 -1.777348 -4.362091 -6.49355 -3.403629
-7.911263 -5.917388 -1.670795 -0.4687253 -3.136492 -2.855596 -1.569216 -2.172474 -0.737266 -0.1721934 -1.090883 -1.775457 -4.328483 -6.255752 -3.539207
-7.942575 -5.907182 -1.352863 -0.2377166 -3.054406 -2.664718 -1.476399 -1.989748 -0.9320212 -0.1680086 -1.095728 -1.530374 -4.419742 -6.540885 -3.459635
-7.733748 -5.690578 -1.831633 -0.3073192 -3.128004 -2.866987 -1.623448 -1.952858 -0.7865343 -0.1778626 -0.9709829 -1.604188 -4.502713 -6.461895 -3.240088
-7.985423 -5.493357 -1.574465 -0.2282641 -3.473528 -2.53191 -1.278333 -1.69314 -0.8389018 0.1777983 -1.078702 -1.508003 -4.240803 -6.199884 -3.109261
-8.269238 -5.818517 -1.356797 -0.4948234 -3.020911 -2.789907 -1.482693 -1.992733 -0.8474422 -0.2486298 -1.05084 -1.571479 -4.34827 -6.1819 -3.635203
-8.211398 -5.788846 -1.668669 -0.6325451 -3.43948 -2.928685 -1.659131 -1.995317 -1.039174 -0.3781656 -1.089252 -1.386207 -4.58743 -6.621493 -3.339188
-8.103179 -5.890447 -1.91726 -0.508146 -3.257888 -2.870223 -1.622631 -2.09883 -1.248276 -0.1591733 -1.206253 -1.75168 -4.5538 -6.41711 -3.612791
-8.159451 -5.617853 -1.860801 -0.4798965 -3.381225 -2.945033 -1.572907 -1.868091 -0.8201722 -0.08288569 -1.20364 -1.870416 -4.456526 -6.677608 -3.278445
-8.200608 -5.867675 -1.743307 -0.3621869 -3.437284 -2.975742 -1.548161 -1.748885 -1.204845 -0.2328436 -1.055625 -1.68215 -4.547854 -6.395135 -3.523058
-8.349968 -5.946972 -1.644984 -0.7030736 -3.477656 -3.08131 -1.701714 -2.326315 -1.350723 -0.2848519 -1.197663 -1.995791 -4.56287 -6.744957 -3.602699
-7.698549 -5.64302 -1.834329 -0.4329594 -3.065174 -2.746208 -1.562393 -1.877299 -1.046021 -0.1043803 -1.197814 -1.522848 -4.599306 -6.446647 -3.425153
-8.019928 -5.797166 -1.556283 -0.3413661 -3.248332 -2.875814 -1.475606 -1.892856 -0.9301154 0.1489109 -1.086461 -1.449034 -4.139132 -6.264871 -3.47782
-8.014689 -5.66751 -1.488103 -0.3497561 -3.264938 -2.940327 -1.150577 -2.037781 -1.154523 0.05196108 -1.051728 -1.593324 -4.360661 -6.330543 -3.297324
-7.913499 -5.724459 -1.542814 -0.2747631 -3.229556 -2.723259 -1.374517 -1.800798 -0.8551518 0.07916311 -1.13209 -1.501561 -4.403157 -6.314847 -2.987053
-7.578369 -5.493165 -1.501176 -0.143756 -3.312695 -2.618314 -1.252398 -1.662747 -0.7179791 0.1709146 -0.8295705 -1.248871 -4.26134 -6.161597 -3.074529
-7.61306 -5.464582 -1.380319 -0.1711005 -3.031402 -2.605512 -1.089907 -1.606044 -0.9582163 0.1327527 -0.7962494 -1.345567 -4.047976 -5.979259 -2.916863
-7.43824 -5.436372 -1.247275 -0.2231981 -2.898256 -2.503448 -1.044102 -1.391834 -0.7532995 0.2835059 -0.5640459 -1.135797 -4.042216 -5.876155 -2.917718
-7.44433 -5.450855 -1.278109 0.02302097 -2.881251 -2.458356 -1.235344 -1.393607 -0.5856377 0.4892401 -0.71712 -0.9947917 -3.982946 -5.922619 -2.834354
-7.684395 -5.649982 -1.349442 -0.0799046 -2.464287 -2.453805 -1.043776 -1.695008 -0.4943412 0.4904605 -0.7378097 -1.300962 -4.030726 -5.978583 -3.077504
-7.278445 -5.099589 -1.405033 -0.00774583 -2.894042 -2.154459 -0.8842684 -1.330539 -0.6947851 0.5332481 -0.8038545 -1.00268 -3.890554 -5.85362 -2.997062
-7.311452 -5.117874 -1.150909 0.2431041 -2.532464 -2.2044 -0.8629152 -1.432797 -0.2917518 0.5415731 -0.3141279 -0.9256295 -3.993233 -5.724609 -2.53842
-7.174746 -5.305596 -0.9836441 0.3808981 -2.573017 -2.143173 -0.7773434 -1.198548 -0.4095646 0.3249496 -0.6053066 -0.6966752 -3.758412 -5.59617 -2.529873
-7.258911 -4.925665 -0.8096857 0.4255506 -2.412312 -1.989382 -0.6514364 -1.235763 0.1481618 0.9657699 -0.08457657 -0.7135395 -3.573584 -5.648224 -2.439213
-6.993435 -4.726444 -0.8542018 0.3432894 -2.49768 -1.977681 -0.6120111 -1.065745 -0.04847673 0.8326374 -0.09857423 -0.8375478 -3.57084 -5.433112 -2.355016
-6.887033 -4.61408 -0.4306083 0.5084323 -2.290749 -2.058515 -0.3151482 -0.902582 0.3418271 1.034238 -0.001199205 -0.5532103 -3.618732 -5.404653 -2.199082
-7.292672 -4.899557 -0.8036814 0.446131 -2.556785 -2.106719 -0.7610925 -1.061096 -0.2892197 0.6142576 -0.3109967 -0.6652322 -3.605036 -5.555351 -2.61254
-7.116107 -5.128507 -0.8800611 0.2803008 -2.336291 -2.131013 -0.6716409 -1.371835 -0.1752803 0.7397729 -0.3139444 -1.098481 -3.656092 -5.651312 -2.586709
-7.320359 -5.339441 -1.053237 0.09600497 -2.729996 -2.142882 -0.9406728 -1.363829 -0.4087839 0.388794 -0.5767636 -1.01085 -3.894713 -6.07947 -2.651026
-7.653965 -5.460077 -1.275014 -0.1271864 -3.084528 -2.5104 -1.291271 -1.87092 -0.6602792 0.2715461 -0.8400543 -1.197704 -4.220402 -6.051911 -3.053909
-7.431073 -5.542284 -1.493198 -0.01210515 -2.893132 -2.508392 -1.123494 -1.43543 -0.4023122 0.2095514 -0.672482 -1.187984 -4.128608 -5.981873 -2.945888
-7.324765 -5.082261 -1.079361 0.1758448 -2.558374 -2.327362 -0.7181581 -1.437201 -0.3938777 0.5464371 -0.5262148 -0.9809874 -3.789603 -5.81033 -2.713582
-7.180393 -4.920453 -0.7884445 0.5986947 -2.403593 -1.912383 -0.933783 -1.181002 -0.2542679 0.5437917 -0.1143657 -0.8279042 -3.570179 -5.205019 -2.537721
-7.144941 -5.016365 -0.7212017 0.328486 -2.558804 -1.977913 -0.6943543 -1.095412 -0.2133141 0.4873907 -0.1986994 -0.7503098 -3.599746 -5.580702 -2.404744
-7.179364 -5.034795 -0.6985169 0.5930005 -2.306886 -1.703121 -0.467389 -0.9386722 -0.1562911 0.8412503 0.01469942 -0.8242782 -3.51221 -5.331779 -2.287867
-6.989025 -4.847877 -0.7414941 0.5318028 -2.280537 -1.897445 -0.750588 -0.868205 -0.02597017 0.8825957 -0.1063322 -0.4118075 -3.4501 -5.535379 -2.50597
-7.001154 -4.686282 -0.6113055 0.5588551 -2.349334 -1.840105 -0.7187242 -1.369146 0.02199404 0.7098359 -0.2922483 -0.630405 -3.629233 -5.57046 -2.50832
-7.02718 -4.973377 -0.7574417 0.5286836 -2.365629 -1.994427 -0.4198386 -1.045486 -0.2604752 0.7263061 -0.190962 -0.8038877 -3.595853 -5.344608 -2.222641
-7.241566 -4.895449 -0.9907903 0.41814 -2.280385 -1.912255 -0.4469176 -1.024153 -0.3787001 0.441396 -0.1355754 -0.4843833 -3.653718 -5.442112 -2.565757
-7.39333 -4.864508 -0.8087772 0.6699144 -2.310984 -1.94107 -0.7107991 -0.8622812 -0.008910094 0.8383167 -0.3226144 -0.7367865 -3.625743 -5.305167 -2.535111
-6.964971 -4.925832 -0.7370816 0.4716444 -2.515999 -1.797348 -0.4619498 -1.083937 -0.01947622 0.8390771 -0.03271892 -0.6714903 -3.583496 -5.440552 -2.353099
-6.862554 -4.840306 -0.6723459 0.466459 -2.32046 -1.914704 -0.4168319 -1.172176 0.01317768 0.8459269 -0.1299357 -0.4765509 -3.342857 -5.43042 -2.396378
-6.864546 -4.672505 -0.6144501 0.5077861 -2.192987 -1.687228 -0.4593685 -1.124519 -0.2030745 0.755687 -0.20908 -0.6544916 -3.296261 -5.34748 -2.210041
-6.791806 -4.777192 -0.3776972 0.7551436 -2.169963 -1.641343 -0.5218978 -1.004111 0.1948978 1.086164 0.2127871 -0.7205048 -3.244952 -5.306634 -2.324994
-6.884646 -4.559048 -0.310018 0.9181413 -1.99356 -1.644833 -0.255672 -0.6298355 0.3030697 1.201615 0.1882254 -0.3821702 -3.171885 -5.379404 -1.859412
-6.88753 -4.479751 -0.3175812 0.8152784 -1.946581 -1.579037 -0.009983349 -0.6209781 0.3392127 1.231922 0.5293953 -0.2340416 -3.165216 -5.147571 -2.060691
-6.52265 -4.267803 -0.1728104 1.20772 -1.690945 -1.359115 -0.02601858 -0.4751782 0.3704579 1.384728 0.3023579 -0.103621 -2.696268 -4.89397 -2.075641
-6.519136 -4.562715 -0.2226623 1.115372 -1.797762 -1.454521 -0.0832441 -0.5333281 0.1905191 1.407067 0.4164597 -0.2180655 -2.963591 -5.018041 -1.976871
-6.403593 -4.193689 -0.05512969 1.025398 -1.848472 -1.132738 0.3057661 -0.4136787 0.5543604 1.377823 0.5524701 -0.1503405 -2.918863 -4.72737 -1.738652
-6.456464 -4.151051 -0.1004376 1.117909 -1.589412 -1.269186 -0.06002326 -0.4843859 0.6484204 1.554223 0.5259399 -0.177414 -3.142967 -5.035807 -1.697322
-6.216787 -4.199084 -0.01552643 1.234901 -1.668602 -1.073295 -0.1025649 -0.4171336 0.5640704 1.582351 0.3629414 0.08586259 -2.906196 -4.870853 -1.65169
-6.245102 -4.175629 -0.04794265 0.977543 -1.683341 -1.221076 0.1406949 -0.5052533 0.4620202 1.614183 0.5851269 -0.02836722 -2.859157 -4.770184 -1.877067
-6.256311 -4.246309 -0.06464278 1.216002 -1.800584 -1.192098 0.009021453 -0.3976541 0.886876 1.702677 0.5148504 -0.09249698 -2.838509 -4.724115 -1.818753
-6.110434 -4.199547 -0.05590493 1.116743 -1.73464 -1.346615 0.1333098 -0.5062782 0.6845294 1.279043 0.6022538 -0.1180544 -2.875858 -4.832128 -1.855318
-6.519945 -4.18047 0.03097192 1.013225 -1.680924 -1.119581 -0.009070422 -0.2573968 0.5897244 1.156029 0.2083699 0.1823072 -2.948765 -4.805183 -1.674339
-6.533481 -4.198213 -0.01275112 1.215733 -1.696908 -1.156903 -0.008259887 -0.1362878 0.542695 1.579049 0.4934999 0.1399459 -2.918911 -4.667812 -1.650153
-6.341468 -4.283018 -0.2619532 1.094959 -1.938273 -1.467817 -0.006282215 -0.2029604 0.6132144 1.60759 0.662865 -0.04928199 -2.901897 -4.968688 -1.799351
-6.192682 -4.025599 -0.08337417 1.220878 -1.540996 -1.006866 0.1368986 -0.4846286 0.7165223 1.609155 0.5296982 -0.09833101 -2.77402 -4.718526 -1.688807
-6.120516 -4.024468 0.3224659 1.578409 -1.412137 -1.055639 0.3357911 -0.09881747 0.8072677 2.029337 0.990835 0.4023842 -2.626111 -4.417099 -1.63609
-6.001891 -3.568005 0.5026183 1.792253 -1.199805 -0.3524409 0.7543528 0.1089948 1.287824 2.137233 1.000793 0.6058143 -2.278528 -4.266318 -0.997661
-5.874086 -3.320561 0.5943392 1.989641 -0.9283669 -0.248517 0.7710984 0.007768699 1.264026 2.243725 1.333519 0.4616867 -2.232209 -4.307789 -1.342676
-5.884499 -3.78962 0.3993643 1.737403 -1.21229 -0.7275205 0.5461492 -0.22717 1.0566 2.014809 0.8887007 0.1320017 -2.636381 -4.295897 -1.599712
-5.735166 -3.999737 0.1619585 1.55795 -1.062145 -0.753593 0.3623389 0.1053114 1.095277 2.004038 1.047242 0.5512628 -2.361348 -4.134962 -1.261414
-5.940777 -3.667927 0.6206147 1.589781 -1.321881 -0.5994468 0.4223072 0.1291754 1.04787 2.064272 0.6375475 0.5067707 -2.471238 -4.046933 -1.140441
-5.673195 -3.546074 0.7582994 1.787814 -1.053615 -0.5028865 0.8994504 0.3528319 1.335238 2.273448 1.097893 0.7158751 -2.020466 -3.837145 -1.20469
-5.633838 -3.521666 0.5699654 1.794749 -1.091627 -0.5454238 0.8462285 0.07560343 1.248876 2.06414 1.113638 0.731859 -2.224261 -4.204917 -1.235533
-5.584778 -3.460653 0.680721 2.238385 -0.9778296 -0.6731768 0.8399469 0.3014187 1.570036 2.277147 1.363777 0.748867 -2.166646 -4.056268 -1.186984
-5.486477 -3.515535 0.3877792 1.943066 -1.096999 -0.6785483 0.8224478 0.2003063 1.212345 2.402138 1.137364 0.4439698 -2.165526 -4.321071 -1.065556
-5.782701 -3.610007 0.6550662 1.918342 -0.9782542 -0.5977171 0.9011392 0.442721 1.355525 1.950277 1.02952 0.8105054 -2.31866 -4.042294 -1.192992
-5.73739 -3.612002 0.8926978 1.934421 -0.8725325 -0.3509932 0.7849615 0.3869423 1.671765 2.269546 1.477238 0.7742559 -2.01617 -3.845678 -0.9509637
-5.379795 -3.452009 0.8272221 2.042128 -0.8159098 -0.2362994 1.15445 0.6033425 1.583032 2.437442 0.9813442 0.8970688 -1.991107 -3.749116 -0.8358014
-5.482437 -3.404284 0.6929732 1.939397 -1.087453 -0.6483006 1.038401 0.3440931 1.503887 2.2063 1.042337 0.8579801 -1.930767 -3.670817 -1.047462
-5.794888 -3.55664 1.003149 1.950432 -0.87473 -0.4399502 0.926365 0.371892 1.262442 2.119485 1.295197 0.8876951 -2.067713 -3.97317 -0.9570745
-5.388819 -3.303483 0.7599595 2.017434 -0.9074343 -0.4731969 0.8532539 0.4067016 1.270651 2.34695 1.413514 0.8360661 -2.081676 -4.45812 -1.048703
-5.946938 -3.302687 0.6852286 1.620453 -0.9944941 -0.3570128 0.7728716 0.3519261 1.554611 2.053393 1.197196 0.833327 -2.254674 -3.950965 -1.05044
-5.68717 -3.253653 0.8184231 1.809968 -0.9670153 -0.5348994 0.7679677 0.6287238 1.273615 2.172742 1.321779 0.8323349 -2.117891 -4.084156 -1.149204
-5.663483 -3.309876 0.6874758 1.81593 -0.933971 -0.6222453 0.7856775 0.5115727 1.26462 2.310177 1.01457 0.7779611 -2.217586 -3.941209 -0.7740445
-5.748707 -3.484977 0.5764854 1.906184 -1.0544 -0.5179496 0.5720418 0.2659208 1.233022 2.210684 0.7269759 0.5760504 -2.204319 -4.27808 -0.9887277
-5.846991 -3.756766 0.6344497 1.662624 -1.20776 -0.6094276 0.2649776 0.1468063 1.129154 2.091767 1.010486 0.5985064 -2.491552 -4.134425 -1.413956
-5.636711 -3.358492 0.5477159 2.008145 -0.8349459 -0.605751 0.6527859 0.4378041 1.313381 2.011695 1.414261 0.6495377 -2.098701 -3.956741 -0.9221492
-5.426837 -3.381975 0.8456001 2.018402 -0.7431972 -0.4230062 0.8945895 0.4365207 1.506785 2.498406 1.1271 0.8396158 -2.033447 -3.748937 -0.8904983
-5.245448 -3.326941 0.842619 1.836468 -0.793484 -0.3597064 1.047178 0.5806338 1.179073 2.205371 1.26376 0.9425383 -2.048785 -3.725577 -0.8540954
-5.633453 -3.087906 0.918009 2.103283 -0.5812296 -0.4937013 0.9936348 0.7353388 1.640961 2.418268 1.468706 1.020554 -1.954266 -3.987343 -0.7828904
-5.554598 -3.400948 0.9567589 1.944107 -0.8564157 -0.520485 1.04315 0.740151 1.359006 2.524915 1.505227 0.8861479 -1.947132 -3.812876 -0.8477176
-5.603719 -3.372202 0.7076541 2.131032 -0.9289841 -0.3466265 1.055514 0.3414223 1.4287 2.253076 1.287637 0.9973157 -2.134332 -3.876063 -0.7092943
-5.424794 -3.202427 0.8896285 2.043398 -0.7814274 -0.07578242 1.060306 0.4228875 1.48655 2.459177 1.319118 1.103087 -2.108463 -3.910327 -0.7243176
-5.252108 -3.131203 1.040657 2.198458 -0.7564328 -0.1618565 1.135786 0.6093621 1.528206 2.692239 1.314281 1.128318 -1.794019 -3.887916 -0.8279246
-5.553775 -3.331738 0.6569044 1.887228 -0.9665698 -0.4354365 0.510103 0.3623217 1.394117 2.463545 1.296175 0.724399 -2.058402 -4.078286 -0.9246549
-5.669002 -3.484102 0.8218988 1.923016 -0.8513193 -0.7524228 0.7273565 0.3020228 1.310119 2.303677 1.250087 0.7757083 -2.214794 -4.195955 -1.191488
-5.86017 -3.659836 0.4811227 1.668334 -1.138118 -0.8182284 0.7633813 -0.1890766 1.348868 1.963795 1.068436 0.6031818 -2.367235 -4.615178 -1.387268
-5.848211 -3.720573 0.5855154 1.545547 -1.277632 -0.785632 0.405899 0.1041233 1.082352 1.948036 1.117043 0.4346573 -2.365739 -4.312384 -1.424776
-6.189205 -3.875209 0.4417548 1.60637 -1.466115 -0.8802446 0.5371398 -0.1261447 0.8550787 1.685141 0.906575 0.4862338 -2.490059 -4.459892 -1.459197
-6.163324 -4.157568 -0.0003754289 1.369717 -1.621081 -1.168404 0.1585959 -0.3769027 0.4413586 1.497862 0.6134268 0.07428924 -2.814987 -4.893163 -1.806362
-6.607093 -4.299489 -0.1158867 1.164286 -1.934136 -1.200643 0.2663645 -0.4784702 0.5200921 1.365414 0.201034 0.1613706 -2.833241 -4.986775 -1.945096
-6.14649 -4.031827 -0.02584074 1.304356 -1.5626 -1.074901 0.383666 -0.266719 0.7678599 1.665343 0.5270285 0.2718987 -2.733536 -4.621842 -1.57896
-5.997218 -3.9216 0.2543158 1.358591 -1.336226 -0.9157393 0.3784045 -0.0236482 0.5556348 1.974631 0.8613129 0.4623792 -2.565454 -4.481488 -1.673271
-6.108675 -3.963617 0.143684 1.692725 -1.364432 -0.8682315 0.5147643 0.05753589 0.8816952 1.999725 0.8989573 0.2385675 -2.675114 -4.229693 -1.61533
-6.234892 -4.149947 -0.001063564 1.131516 -1.57419 -1.033267 0.1077741 -0.06165366 0.67478 1.610399 0.7996033 0.09874316 -2.7698 -4.780431 -1.478412
-6.095221 -4.068983 0.07771481 1.39924 -1.555934 -1.029553 0.3100558 -0.341239 0.927256 1.773576 0.6746625 0.1523301 -2.597111 -4.548744 -1.36105
-6.093008 -3.892837 0.1400617 1.414523 -1.425551 -1.109059 0.274243 -0.1706036 0.6110375 1.569 0.7044571 0.2924012 -2.564167 -4.504272 -1.534622
-6.393362 -4.063126 0.05506515 1.173422 -1.958539 -1.313215 0.1166423 -0.3475231 0.634489 1.569506 0.8086256 -0.04593789 -2.814976 -4.48228 -1.531675
-6.153126 -4.234459 -0.06913961 1.148209 -1.5267 -0.9945645 0.1688302 -0.009358445 0.4793626 1.769983 0.8309954 0.3256283 -2.660322 -4.715266 -1.485799
-6.362949 -4.147824 -0.1142645 1.206243 -1.743391 -1.265097 0.2400003 -0.2686808 0.9210151 1.468503 0.6510802 -0.1892679 -2.999916 -4.830189 -1.787397
-6.508625 -4.110687 -0.3291715 1.26237 -1.817641 -1.475616 0.1177208 -0.3777345 0.3132288 1.667956 0.2126677 0.1346307 -3.038137 -4.72001 -1.954609
-6.121402 -3.876571 0.04275121 1.551827 -1.451338 -0.972928 0.2981207 -0.3407954 0.8633513 1.742581 0.6577636 0.3915522 -2.81497 -4.756191 -1.659591
-6.136413 -4.012531 0.1779008 1.33857 -1.368794 -1.006509 0.5241067 0.008850308 0.7580888 1.658153 0.6886814 0.1079928 -2.599891 -4.372868 -1.461526
-6.402757 -3.85876 0.3445927 1.384426 -1.268456 -1.004682 0.4417831 -0.3109664 1.089282 1.829297 0.779659 0.3187183 -2.454759 -4.661969 -1.240414
-5.958188 -4.022979 0.191206 1.472162 -1.154159 -1.03627 0.4352591 0.04130352 0.9559227 1.731284 0.8881864 0.5733709 -2.4925 -4.294828 -1.181956
-5.901035 -3.670077 -0.1212431 1.13316 -1.374299 -1.028257 0.4206878 -0.1866569 1.116758 1.612649 0.8056724 0.1540511 -2.726889 -4.459774 -1.273418
-6.072578 -4.074492 -0.02175695 1.480125 -1.636182 -1.279692 -0.117119 -0.1345741 0.768633 1.650766 0.3680752 0.1470268 -2.826157 -4.71293 -1.672489
-6.521144 -4.20097 0.3208375 1.363026 -1.425745 -1.019115 0.2279783 0.09769596 0.8230645 1.711843 0.75304 0.07468746 -2.619852 -4.58823 -1.756568
-6.502354 -4.346563 -0.1130006 1.114414 -1.684531 -1.356773 0.03344433 -0.2822181 0.4508869 1.568921 0.3624455 -0.1127055 -2.898526 -4.775936 -1.684335
-6.662423 -4.165608 -0.1915113 1.206517 -1.582503 -1.171147 0.1100544 -0.432375 0.5595717 1.469455 0.5054919 -0.008457275 -3.035756 -4.834027 -1.822874
-6.287873 -4.277815 -0.03280298 1.078001 -1.741443 -1.267809 0.109733 -0.3306754 0.512077 1.677792 0.4032283 0.006046234 -2.887091 -4.751007 -1.83294
-6.296059 -3.986581 -0.02342462 1.167269 -1.586423 -1.026643 0.2253624 -0.1763975 0.8348981 1.584546 0.640479 0.05360095 -2.875713 -5.006887 -1.732317
-6.348232 -4.259315 0.1058749 1.339385 -1.625186 -1.091844 0.1708446 -0.277529 0.6280832 1.504057 0.7273441 -0.03255709 -2.745411 -4.821495 -1.729195
-6.357077 -4.221907 -0.05681999 1.340484 -1.631913 -1.037648 0.1595882 -0.2720563 0.8737778 1.681934 0.8353261 0.1089365 -2.54763 -4.746288 -1.611015
-6.620849 -4.313361 -0.2450246 0.925558 -1.898211 -1.252268 -0.06701428 -0.4397783 0.5015784 1.322406 0.3544947 -0.2133783 -3.238878 -5.004335 -1.943874
-6.701927 -4.375517 -0.4625026 0.9603067 -1.745924 -1.594756 -0.2178557 -0.7024383 0.3838035 1.00232 0.3364909 0.01341846 -3.007479 -5.163532 -2.072973
-6.909305 -4.468995 -0.4205516 0.999465 -1.999205 -1.491761 -0.1507345 -0.6050823 0.304477 1.378254 0.5762809 -0.1972451 -3.227758 -5.021881 -2.050506
-6.573928 -4.418871 -0.4675591 0.9651959 -1.902075 -1.231732 -0.05346673 -0.6456114 0.3768249 1.444278 0.4204515 -0.1929473 -3.08197 -5.271583 -2.162192
-6.275128 -4.066157 -0.09718406 1.118302 -1.781611 -1.251332 0.1616053 -0.5096574 0.4538643 1.68824 0.5760152 0.05566906 -2.972417 -4.834504 -2.053239
-6.155158 -4.162192 0.07561062 1.261982 -1.490265 -0.9812489 0.08914688 -0.1338955 0.4481202 1.674922 0.624655 0.009282542 -2.788111 -4.679929 -1.773587
-6.236388 -3.93665 0.2637123 1.347667 -1.411511 -1.014353 0.3110127 -0.4178557 0.8000066 1.865309 0.8880132 0.2691166 -2.604123 -4.669197 -1.859275
-6.271607 -4.017391 0.02398411 1.312709 -1.497994 -1.075336 0.2196941 -0.1799618 0.7349138 1.828367 0.677443 0.04677658 -2.468782 -4.33107 -1.494629
-6.023868 -3.969909 -0.07775029 1.173229 -1.642631 -1.18581 0.1184646 -0.4435144 0.8572148 1.680313 0.7077332 0.1156491 -2.65989 -4.772946 -1.562724
-6.210646 -4.063885 0.02385882 1.206686 -1.633443 -1.188151 0.1697191 -0.2528993 0.6700242 1.560429 0.8418823 0.09952598 -2.696971 -4.571672 -1.480422
-6.213071 -3.975971 0.1297759 1.307721 -1.417078 -1.164569 0.04508381 -0.209742 0.6277698 1.79016 0.8068118 0.1615722 -2.782692 -4.55556 -1.74769
-6.20555 -4.130265 0.001350593 1.508584 -1.517964 -0.9010193 0.3191094 -0.03058402 0.8260718 1.604598 0.6526868 0.3415508 -2.83881 -4.778296 -1.597614
-6.220049 -4.097362 0.2708137 1.273215 -1.580988 -1.074102 0.2212983 -0.2520356 0.6072841 1.91886 0.7333634 0.103428 -2.420543 -4.854214 -1.689496
-6.114711 -4.073953 -0.004111562 1.456594 -1.448253 -1.040226 0.1976483 -0.2250299 0.6840959 1.68979 0.4927899 0.4297094 -2.398586 -4.527382 -1.487407
-5.818505 -3.958382 0.3975429 1.691448 -1.23162 -0.9882666 0.4028134 0.09584815 1.173268 1.953833 0.7852666 0.4987763 -2.409469 -4.182825 -1.451166
-6.054631 -3.848433 0.1154696 1.586807 -1.42284 -1.079856 0.3679383 -0.04227659 0.8672138 1.856054 0.5325791 0.2810326 -2.414038 -4.359851 -1.332587
-5.99386 -4.179766 0.4509386 1.524301 -1.508175 -0.7684806 0.4537703 0.09000816 0.9545699 1.909928 0.9022727 0.137499 -2.557841 -4.719236 -1.280808
-6.379824 -4.0372 -0.1995071 1.263898 -1.468014 -1.250727 0.1117253 -0.4540286 0.2994399 1.414987 0.6431771 0.2586595 -2.657411 -4.535897 -1.890287
-6.265196 -3.974742 -0.2295924 1.242537 -1.410261 -1.276886 0.1702146 -0.243195 0.5530124 1.733179 0.5590917 -0.09422914 -2.909018 -4.750053 -1.77911
-6.239514 -3.986732 -0.02744191 1.442143 -1.498344 -1.406849 -0.05262965 -0.4367477 0.6209742 1.254937 0.5388592 0.009411248 -2.827589 -4.867259 -1.840835
-6.488646 -4.478734 -0.3137337 1.179305 -1.845403 -1.256641 -0.07537453 -0.3808059 0.3245428 1.305326 0.3516561 -0.4729239 -3.029222 -4.961877 -1.736853
-6.5241 -4.418681 -0.2084352 0.9467576 -1.866572 -1.501079 0.1449124 -0.3983555 0.3401045 1.154036 0.3435501 0.0493842 -3.213061 -4.923575 -1.772107
-6.558797 -4.348799 -0.3029879 0.9843076 -2.052902 -1.35497 -0.01518953 -0.6658958 0.245334 1.293747 0.2760286 -0.2859191 -3.161065 -5.057657 -1.973298
-6.581081 -4.270673 -0.3228899 1.062828 -1.903653 -1.592285 0.1136312 -0.6046105 0.446028 1.410844 0.08759493 -0.2896411 -3.142884 -4.955957 -2.004354
-6.621402 -4.38607 -0.04669964 1.025665 -1.709894 -1.420861 -0.1719187 -0.5883843 0.4678977 1.170822 0.2469665 -0.05931909 -3.086106 -5.177871 -1.993229
-6.612268 -4.386946 -0.06024118 0.9773943 -1.741566 -1.410144 -0.04238885 -0.4987069 0.5824182 1.35702 0.3340177 0.006321148 -2.83849 -4.748878 -1.734154
-6.381356 -4.202225 -0.02532938 1.5334 -1.787818 -1.213451 0.0805754 -0.3092357 0.6912302 1.502925 0.5567038 0.1659434 -2.898634 -4.593037 -1.861136
-6.456544 -4.284799 0.129765 1.244805 -1.684435 -1.27784 0.06067406 -0.3104881 0.6226912 1.487187 0.5597352 -0.09928029 -2.701648 -4.694774 -1.694959
-6.313978 -4.031964 -0.01041892 1.199413 -1.680024 -1.382596 0.09336777 -0.3332994 0.5102136 1.549014 0.412868 0.01552327 -2.806023 -5.052797 -1.702931
-6.282732 -4.344083 -0.06177635 1.472204 -1.549669 -1.244342 0.1674465 -0.3885668 0.6094404 1.443193 0.4149745 -0.1513275 -2.890842 -4.93323 -1.783858
-6.71795 -4.576844 -0.09758324 0.9827194 -1.924904 -1.370751 -0.2055583 -0.8497596 0.7195844 1.348543 0.2380259 -0.1221039 -3.032155 -5.272353 -2.069466
-6.578364 -4.315573 -0.1569314 1.170576 -1.828006 -1.34695 -0.1363848 -0.5337773 0.449703 1.143568 0.2934374 -0.1092516 -3.083781 -4.954799 -2.055362
-6.825996 -4.477043 -0.5531219 0.8898042 -2.018848 -1.667789 -0.2059864 -0.5547976 0.2467047 1.107703 0.3244546 -0.2942923 -2.968652 -5.142929 -2.016861
-6.804771 -4.622378 -0.5931501 0.7778329 -2.150237 -1.667606 -0.4926587 -0.991625 0.1027078 1.152422 -0.09198248 -0.3936121 -3.246859 -5.193767 -2.229824
-7.120795 -5.025414 -0.8010159 0.527609 -2.413453 -1.941432 -0.6679911 -0.9993315 -0.3812953 0.7473521 -0.2872729 -0.6303983 -3.49559 -5.633832 -2.349569
-6.988629 -4.994221 -0.7858243 0.3451185 -2.485026 -1.971622 -0.5757405 -1.180902 0.04062102 0.862344 -0.4101843 -0.8935147 -3.641871 -5.69052 -2.400901
-6.841373 -4.933088 -0.849138 0.5224408 -2.342357 -2.017368 -0.5384302 -0.8718003 0.1747882 0.8681186 -0.1451459 -0.6416567 -3.331538 -5.646644 -2.518194
-6.8489 -4.891514 -0.6497612 0.709935 -2.211871 -1.746949 -0.6761654 -0.906278 0.05845127 1.02694 -0.1098881 -0.5873263 -3.262941 -5.299171 -2.220219
-6.659914 -4.585012 -0.5821963 0.7370305 -1.972394 -1.631357 -0.02056301 -0.7768302 0.2596383 1.105657 -0.0003887108 -0.3377064 -3.332023 -4.976858 -2.151118
-6.415241 -4.431594 -0.3735693 0.7712967 -1.858596 -1.264127 -0.1896369 -0.6456323 0.3490911 1.188454 0.1403868 -0.2046056 -2.993555 -5.110477 -1.996697
-6.898374 -4.434536 -0.3844443 0.8598495 -1.81078 -1.356992 -0.2577582 -0.5937484 0.4493054 1.149523 0.3237636 -0.3226226 -2.87758 -5.144241 -1.898236
-6.674176 -4.799091 -0.4775648 0.9705133 -2.084643 -1.659942 -0.1513945 -0.6456224 0.1375924 1.204535 0.3950983 -0.2857036 -3.215008 -5.166595 -2.212561
-6.634783 -4.629332 -0.4844281 0.7073239 -1.860538 -1.611946 -0.3879579 -0.4014707 0.493701 1.147282 0.3630212 -0.2316679 -3.126887 -4.673963 -1.978914
-6.457255 -4.155806 -0.2500171 1.004288 -1.723462 -1.21696 -0.03764137 -0.5462288 0.2369845 1.388131 0.2981293 -0.08605887 -2.954221 -5.091476 -1.821158
-6.676493 -4.442788 -0.03243732 1.055765 -1.750599 -1.391323 0.04680091 -0.3008627 0.5285597 1.494521 0.4563878 0.1050457 -2.909402 -4.838476 -1.748943
-6.552713 -4.406219 -0.3452548 0.9126121 -2.027396 -1.363789 -0.1098757 -0.7436105 0.1951619 1.30963 0.1002277 -0.2049144 -3.162499 -4.938887 -1.796588
-6.281807 -4.076726 -0.00401268 1.208772 -1.725064 -1.155647 0.4767228 -0.2514133 0.6721929 1.647252 0.900689 0.1016052 -2.738346 -4.888426 -1.727364
-6.329438 -4.009472 0.1969425 1.479032 -1.313322 -1.207669 0.2084226 -0.3790538 0.6662238 1.938915 0.6430425 0.2706298 -2.65109 -4.619488 -1.484729
-6.277443 -4.273608 0.06457939 0.9554211 -1.522208 -1.014592 0.1944646 -0.2881171 0.8165559 1.477108 0.6272949 -0.001282968 -2.685791 -4.679323 -1.510749
-6.239246 -4.320804 0.04283635 1.168058 -1.522739 -1.220082 0.1111894 -0.3757399 0.865535 1.356481 0.7219509 0.09313941 -2.70185 -4.788588 -1.738398
-6.597146 -4.370322 -0.1545476 1.201235 -1.81565 -1.200046 -0.222877 -0.5116408 0.569831 1.408479 0.4689933 -0.1970626 -3.014912 -4.858895 -1.677029
-6.466205 -4.356506 -0.2753294 0.9765434 -1.837373 -1.458354 0.0755676 -0.4046725 0.6755064 1.428003 0.502146 -0.1063197 -2.741264 -4.578112 -1.898588
-6.623833 -4.24548 -0.1489948 0.9508214 -1.713442 -1.430672 0.1665284 -0.4909183 0.1049172 1.382638 0.4193408 -0.09953717 -2.979259 -4.906324 -1.912898
-6.675371 -4.449889 -0.1863077 0.9199641 -1.831174 -1.564779 -0.1116124 -0.3926955 0.5744837 1.477924 0.463211 -0.1108521 -3.074488 -5.023105 -1.912907
-6.760187 -4.588188 -0.3332753 0.9003449 -2.096996 -1.54178 -0.2991405 -0.7004719 0.2247817 1.06595 0.1967874 -0.407492 -3.228654 -4.995606 -1.938706
-6.647424 -4.881764 -0.5512192 0.7960864 -2.370249 -1.702879 -0.6988303 -0.887433 -0.05757829 1.249598 0.05703585 -0.6074145 -3.459875 -5.25665 -2.463465
-6.808454 -4.628628 -0.3840069 0.7630526 -2.055858 -1.693239 -0.425666 -0.8504312 0.1507581 0.9917673 0.127347 -0.3903753 -3.518538 -5.325172 -2.415807
-6.99388 -4.343157 -0.5143029 0.7390228 -2.107613 -1.58271 -0.3140329 -0.8876078 0.1904562 1.382067 0.02538802 -0.3446942 -3.311822 -5.171651 -2.156115
-6.732959 -4.721369 -0.6456579 0.6803191 -1.937794 -1.435569 -0.3578437 -0.8896739 -0.1003292 0.99093 -0.04394649 -0.3234307 -3.47283 -5.201001 -2.331319
-6.748176 -4.70093 -0.3928547 0.9002442 -2.046693 -1.731017 -0.4145437 -0.8615373 0.2786778 0.9796035 0.1016275 -0.5722459 -3.253271 -5.055145 -2.134899
-6.727384 -4.811578 -0.424582 1.04138 -2.118324 -1.656671 -0.08048579 -0.8087838 -0.06991192 1.124468 0.1338659 -0.6004847 -3.388049 -5.423318 -2.08058
-6.863821 -4.553918 -0.2931193 0.8754389 -2.072647 -1.515623 -0.2327478 -0.6129404 0.173419 1.312814 -0.0248957 -0.2270168 -3.14768 -5.078819 -2.271216
-6.599628 -4.573635 -0.5116182 0.8153361 -1.926032 -1.72165 -0.1358275 -0.5945668 0.2391122 1.089085 0.288051 -0.420181 -3.246762 -5.148159 -2.090407
-6.62364 -4.48363 -0.4469066 0.7391216 -1.89392 -1.334074 -0.106703 -0.7463462 0.4892043 1.123042 0.3513668 -0.7627137 -2.992735 -5.194246 -1.958093
-6.646597 -4.290763 -0.2883371 1.016585 -1.824003 -1.511847 -0.3967878 -0.6729922 0.3066254 1.188545 0.1304439 -0.1619696 -3.155334 -4.891641 -1.992148
-6.708868 -4.852941 -0.4352339 0.7641003 -1.828183 -1.573209 -0.3920849 -0.750537 -0.04886809 1.018656 0.1404627 -0.3110402 -3.467708 -5.289892 -2.319236
-6.51328 -4.265536 -0.3168051 1.082167 -2.005484 -1.508734 0.06755988 -0.4675128 0.1871552 1.537432 0.1574207 -0.2902842 -2.95249 -4.995845 -2.240065
-6.466303 -4.251443 -0.201632 1.018601 -1.725224 -1.184811 -0.1043235 -0.5975478 0.3665431 1.222323 0.118946 -0.2379971 -2.82809 -4.971094 -1.690954
-6.140079 -4.249113 0.104981 1.05026 -1.833319 -1.225546 0.1200635 -0.2148347 0.6528279 1.651987 0.6148716 0.1167388 -2.885893 -4.944191 -1.732615
-6.315754 -4.500648 -0.07779712 1.198602 -1.741276 -1.631355 -0.2749044 -0.4694566 0.4031383 1.421812 0.2938423 -0.005659796 -3.00926 -4.879701 -1.603262
-6.400989 -4.290758 9.944794e-05 1.036711 -1.845748 -1.397589 -0.06000097 -0.3425334 0.7944011 1.436914 0.4947445 -0.06992305 -2.698277 -4.947463 -1.831217
-6.710063 -4.44101 -0.1810018 0.9539951 -1.801091 -1.280021 0.01007153 -0.4017033 0.420154 1.385093 0.3026887 -0.1828202 -3.092795 -5.019239 -1.991873
-6.289836 -4.211621 -0.01683618 1.17468 -1.587787 -1.207662 0.3614963 -0.2987171 0.5951399 1.705342 0.543171 0.3670221 -2.697212 -4.778353 -1.631799
-6.195773 -4.113889 0.04577429 1.346265 -1.544854 -1.330133 0.1440505 -0.1795666 0.7840583 1.778968 0.7318477 0.1891665 -2.943017 -4.892929 -1.71081
-6.177341 -4.083598 0.09551002 1.204025 -1.530415 -1.120406 0.1685158 -0.2343437 0.6775306 1.887576 0.4577662 0.1267356 -2.490628 -4.773232 -1.62239
-6.289046 -4.209299 0.05708423 1.211535 -1.702404 -1.061985 0.0334524 -0.6194934 0.5781456 1.529273 0.2750781 -0.04011632 -2.678811 -4.807838 -1.625125
-6.296724 -4.267857 0.02713905 1.26193 -1.836281 -1.360651 -0.2154103 -0.4345084 0.5837352 1.466443 0.7238448 -0.105593 -3.072671 -4.763555 -1.8783
-6.034225 -4.057983 0.1460149 1.07565 -1.298298 -0.9763121 0.1962519 -0.1049604 0.8570759 1.552839 0.5998967 -0.03873036 -2.32447 -4.267394 -1.532842
-6.214866 -3.668632 0.3337132 1.196374 -1.372905 -1.17624 0.2110355 -0.1079296 1.036409 1.847899 0.7326477 0.3015947 -2.786825 -4.64792 -1.572332
-6.187071 -3.882755 0.2577427 1.716887 -1.358252 -0.8220874 0.4861062 0.05076623 0.9958361 1.715181 0.8161121 0.3826427 -2.447995 -4.339844 -1.292966
-6.008791 -3.890366 0.3206031 1.58879 -1.117516 -0.8034253 0.5982373 -0.1932725 1.188292 2.089731 0.9690733 0.4539962 -2.364605 -4.278511 -1.289405
-6.128253 -3.968115 0.2022851 1.513098 -1.53441 -1.044688 0.1986484 0.06814153 0.8623216 1.708995 0.5066394 0.03644867 -2.631296 -4.432313 -1.339407
-6.221744 -4.035864 0.1115045 1.429732 -1.511324 -0.9940257 0.4441948 -0.3750244 0.6998488 1.749712 0.735311 0.4354034 -2.68931 -4.655751 -1.419253
-6.251821 -4.285095 0.04590092 1.280785 -1.511667 -1.187025 0.06023264 -0.2999566 0.7789296 1.605289 0.6139587 0.03364347 -2.613091 -4.743695 -1.646304
-6.168097 -3.739361 0.03931594 1.138663 -1.408789 -1.14155 0.1338772 -0.2632929 0.6436685 1.898538 0.4876708 0.2655261 -2.647223 -4.778694 -1.656498
-5.942499 -3.894829 0.08016861 1.432778 -1.491849 -0.96453 0.29488 -0.2027863 0.8581709 1.589414 0.5307017 -0.04525939 -2.575772 -4.584674 -1.729226
-6.274624 -4.106362 0.1590208 1.332315 -1.412885 -1.042557 0.3807522 -0.1674693 0.759537 1.870506 0.770637 0.250358 -2.676072 -4.674412 -1.63307
-6.454827 -4.408336 -0.06463326 1.039724 -1.781249 -1.148635 -0.01101499 -0.5082579 0.6021782 1.50166 0.3824379 -0.1397601 -2.960058 -4.734296 -1.805238
-6.160704 -4.186995 -0.07662458 1.234575 -1.794317 -0.9424854 0.3962524 -0.1962698 0.6027029 1.644925 0.6146028 0.03270844 -2.82961 -4.456408 -1.731771
-6.384969 -4.149034 0.09784126 1.226897 -1.513688 -1.145252 0.03764341 0.03388487 0.7471361 1.738433 0.8497842 -0.1418996 -2.959815 -4.740513 -1.62522
-6.061198 -3.820128 0.4129246 1.591616 -1.333622 -0.9217208 0.4673941 -0.151165 0.9457022 1.714502 0.7310387 0.4039618 -2.594133 -4.637688 -1.561649
-6.138045 -3.731468 0.2054258 1.258255 -1.373449 -0.9488372 0.2747442 -0.1650505 0.7747644 1.851658 0.8732225 0.2968339 -2.483248 -4.559281 -1.250123
-6.525467 -4.003833 0.1809036 1.209468 -1.306762 -1.13822 0.3196791 -0.3589642 0.7458242 1.952617 0.5963393 0.1175411 -2.538826 -4.620938 -1.809317
-6.153017 -4.030488 0.2095012 1.353698 -1.294378 -1.037618 0.308644 -0.1798124 0.7680173 1.79516 0.731729 0.1811098 -2.599571 -4.39167 -1.424394
-6.29719 -3.918734 0.01488778 1.568784 -1.482907 -1.180232 0.05846685 -0.2466853 0.7405219 1.662395 0.8710745 0.2676498 -2.508775 -4.685646 -1.422296
-6.313614 -4.040342 0.274921 1.140427 -1.682439 -1.179408 0.3704686 -0.1790376 0.7915882 1.549026 0.7518318 -0.03777143 -2.689003 -4.687248 -1.630563
-6.295858 -3.949991 0.2811544 1.377268 -1.3148 -1.11986 0.3233915 -0.15034 0.8064824 1.62613 0.8558942 0.2554672 -2.498373 -4.66065 -1.391681
-6.009523 -3.933632 0.2824308 1.654286 -1.281088 -0.9479237 0.3769757 0.08145171 0.9976043 1.969314 0.8977824 0.3912743 -2.520826 -4.295726 -1.367107
-5.847786 -3.922592 0.4129635 1.667062 -1.344315 -0.8782987 0.6065832 -0.04315847 0.8248285 1.814456 0.8580722 0.3830433 -2.399554 -4.368398 -1.591801
-5.98486 -3.748627 0.5240603 1.541036 -1.104829 -0.6288466 0.7213456 0.0531842 1.069012 2.098556 1.270372 0.3017672 -2.373914 -4.485898 -1.247997
-5.82053 -3.616928 0.3699581 1.855138 -1.38514 -0.8739943 0.5697756 -0.01912203 1.000887 2.023442 0.9524019 0.578071 -2.414505 -4.160948 -1.123005
-6.192216 -3.505095 0.2993041 1.586067 -1.500307 -0.7880611 0.448531 -0.01455708 1.074952 2.029531 1.120152 0.307849 -2.506423 -4.504053 -1.276149
-6.153719 -4.151737 0.1970816 1.313103 -1.583375 -0.7901058 0.3041402 0.1298117 0.6341482 1.665293 0.7815891 0.03417784 -2.627544 -4.509136 -1.596789
-6.476453 -4.332221 -0.3687342 0.9663967 -2.009951 -1.508367 -0.1940178 -0.4066484 0.3538268 1.618672 0.473385 -0.2165796 -2.90315 -4.728735 -1.819756
-6.872983 -4.553616 -0.3554831 0.8220437 -1.83789 -1.50698 -0.1100889 -0.7195519 0.7033052 1.232857 0.3455288 -0.1752783 -3.028663 -5.083386 -2.098438
-6.536237 -4.470679 -0.242495 0.8421924 -1.816011 -1.281456 0.02949724 -0.4499534 0.5359677 1.547488 0.4108906 -0.01743831 -3.050343 -4.99658 -1.73747
-6.238993 -4.206072 -0.1384653 1.11306 -1.614503 -1.300309 -0.0006116049 -0.4978048 0.4242443 1.611024 0.3669483 -0.1104855 -2.926535 -4.668199 -2.077561
-6.339095 -4.090793 -0.03221032 1.445759 -1.401725 -0.9949039 0.3548092 -0.2732956 0.7081356 1.729105 0.8720995 0.1608253 -2.662615 -4.621785 -1.597198
-6.491106 -3.996067 0.2361768 1.247592 -1.536938 -1.060775 0.4344292 -0.4642488 0.6764484 1.78912 0.7584257 0.197884 -2.590979 -4.462266 -1.369861
-6.244223 -3.905857 0.1767289 1.384621 -1.364223 -0.809643 0.4833509 -0.1182864 0.8909044 1.722455 0.7057989 0.4986137 -2.743579 -4.428361 -1.119276
-6.07739 -3.608432 0.1961519 1.510257 -1.184858 -0.7623308 0.4668035 0.193747 1.084423 2.011545 1.240262 0.4635849 -2.461323 -4.429602 -1.311144
-5.766753 -3.631645 0.3995959 1.760775 -1.002814 -0.6081599 0.9937695 -0.1667385 0.9157767 2.118241 1.127045 0.6457024 -2.596145 -4.400035 -1.271261
-5.827235 -3.702684 0.4714034 1.82406 -1.188094 -0.617041 0.7076793 -0.01956071 1.067077 1.918872 1.110247 0.2997362 -2.307177 -4.307698 -1.367283
-5.846325 -3.896852 0.2847958 1.578665 -1.305636 -0.9885245 0.3917149 0.2227489 0.9115618 2.148672 0.7659911 0.3614491 -2.387443 -4.401316 -1.149179
-5.847339 -3.65571 0.4648718 1.964806 -0.9843509 -0.7234594 0.5044663 0.1899652 1.259606 2.002717 0.9992466 0.6299299 -2.383799 -4.113666 -1.390046
-5.755548 -3.633559 0.5683371 1.797434 -0.973848 -0.3720942 0.5249172 0.3188437 1.332467 2.183041 1.264052 0.7092443 -1.99663 -4.195704 -1.057369
-5.81783 -3.569748 0.5778626 1.94335 -1.073652 -0.6934627 0.5721671 0.3033146 1.145993 2.185483 1.190801 0.4800782 -2.377491 -4.19383 -1.196259
-5.770262 -3.64637 0.3516235 1.65601 -0.9119447 -0.7431165 0.6941914 0.05886205 1.008036 2.032455 1.12301 0.4356347 -2.326689 -4.356306 -1.137907
-5.511494 -3.30219 0.8015379 1.952388 -0.9951899 -0.477616 0.8285626 0.3256888 1.186824 2.44728 1.317363 0.8564132 -2.055735 -3.884845 -1.095059
-5.708262 -3.514045 0.885797 1.988846 -0.7063062 -0.3978272 0.5551649 0.680402 1.401029 2.29203 1.47994 0.649332 -1.983254 -4.052822 -0.9806702
-5.435069 -3.270497 0.9101511 1.969774 -0.8663139 -0.3422046 0.6671062 0.2432831 1.433662 2.412979 1.497256 0.8249111 -2.028009 -3.883224 -0.9810476
-5.484071 -3.247792 0.9398854 2.188925 -0.6555761 -0.3277644 0.9079567 0.5606728 1.580569 2.246976 1.468768 0.8574969 -1.818298 -3.930266 -1.064726
-5.385677 -3.440614 0.7293751 1.942309 -0.6832819 -0.2154708 1.086946 0.526331 1.36729 2.496914 1.650913 0.9122543 -2.023521 -3.824946 -0.8697062
-5.44086 -2.880346 0.8531228 2.356657 -0.7460967 -0.1950804 1.075963 0.7005059 1.358364 2.493052 1.372035 1.019105 -2.012469 -3.816014 -0.9202245
-5.33387 -3.157016 0.8629677 2.124955 -0.8068109 -0.07408014 1.068617 0.6647088 1.572293 2.468344 1.355402 0.9576915 -1.773323 -3.819301 -0.7102662
-5.431538 -3.141627 0.7445754 2.098892 -0.6027712 -0.4455962 0.7852363 0.5862012 1.557681 2.560217 1.624563 0.9410277 -1.751223 -3.76168 -0.6633402
-5.6885 -3.075485 0.7712597 1.947712 -0.8196658 -0.3824904 0.955552 0.6842553 1.338883 2.454148 1.431309 1.050652 -1.992467 -3.802122 -0.8218902
-5.450669 -3.163255 1.099292 2.366381 -0.5377278 -0.1242248 0.9897209 0.657027 1.460119 2.55789 1.353875 0.9071884 -1.748114 -3.972758 -0.894933
-5.447344 -3.315133 0.8948262 1.992273 -0.8170583 -0.3039174 1.035755 0.60536 1.633433 2.399411 1.42649 1.091243 -1.898835 -4.04036 -0.6230508
-5.150598 -3.010736 1.119697 2.158516 -0.5961452 -0.3074514 1.072153 0.9922504 1.772857 2.596318 1.644813 0.914866 -1.719261 -3.874379 -0.7815655
-5.242561 -3.031762 0.813561 2.298686 -0.8352087 -0.3202064 1.089173 0.5803038 1.664882 2.43373 1.667951 1.160107 -1.653262 -3.795752 -0.5247099
-5.252953 -3.077001 1.223155 2.256012 -0.4037951 -0.1122773 1.068996 0.8138733 1.579904 2.583508 1.718633 1.421535 -1.819996 -3.703461 -0.6812078
-5.169427 -3.219526 0.9962506 2.227995 -0.5277283 -0.1148419 1.181277 0.8017106 1.806993 2.642633 1.357311 1.084439 -1.517387 -3.813455 -0.6487804
-4.993395 -2.875154 1.116808 2.449618 -0.2753597 0.0535765 1.277589 0.9145143 1.915735 2.708882 1.907323 1.495072 -1.636085 -3.487955 -0.4855654
-5.222574 -3.065367 1.155305 2.30191 -0.7522281 0.03691538 1.195451 0.8509109 1.972381 2.683707 1.717271 1.274444 -1.51878 -3.574117 -0.6295587
-5.300341 -3.088957 0.687497 2.16464 -0.4440524 -0.09575137 1.083056 0.5760309 1.569246 2.502759 1.566287 0.8543106 -1.985677 -3.992903 -0.5345156
-5.593687 -3.729194 0.9576585 2.085877 -0.6901757 -0.2375191 0.972464 0.4251507 1.528562 2.396336 1.326705 0.8128491 -1.835032 -3.699845 -0.6122904
-5.27157 -3.230537 0.7786292 2.150894 -0.6995511 -0.2672927 0.9721345 0.6126242 1.494104 2.615055 1.444476 0.8057427 -1.791834 -3.893815 -0.7038321
-5.372456 -3.330524 0.9500569 2.230156 -0.91828 -0.1942789 1.179809 0.5762844 1.423667 2.634013 1.404534 1.005708 -1.62304 -3.865971 -0.733506
-5.455591 -3.105471 1.067784 2.067443 -0.6833487 -0.2693778 1.221662 0.4821517 1.565964 2.267596 1.470037 0.8087961 -1.900257 -3.675552 -0.6849309
-5.425022 -3.285747 0.9123242 2.047657 -0.8926319 -0.2891066 1.097637 0.2228461 1.813409 2.505085 1.237637 0.7287046 -1.927796 -3.928001 -0.7837444
-5.331464 -3.310131 0.8135614 2.078693 -0.7367479 -0.2081745 1.119804 0.5818577 1.385042 2.404099 1.523173 0.9341499 -1.884404 -3.855275 -0.9332926
-5.359957 -3.021724 0.7033795 2.292453 -0.8727464 -0.06549896 1.052183 0.5945704 1.684263 2.604012 1.362988 0.881414 -1.843996 -3.882495 -0.8285301
-5.450141 -3.224118 0.7288126 2.235881 -0.7649448 -0.4269907 0.8843776 0.5320619 1.441664 2.315035 1.446133 1.043647 -1.787479 -3.945004 -0.7667423
-5.496805 -3.257946 0.8018294 2.112685 -0.8249788 -0.2665109 0.7506606 0.5820917 1.318543 2.412141 1.43307 0.9293916 -1.98814 -4.149449 -0.9584081
-5.465702 -3.328329 0.9024097 2.203258 -0.9977623 -0.5810017 1.069866 0.4751072 1.381193 2.063112 1.430305 0.8937686 -1.926643 -4.057056 -0.8270581
-5.5505 -3.237467 0.5721428 1.953239 -0.8073748 -0.3219085 0.9816673 0.3144137 1.434692 2.403978 1.761413 0.783939 -1.950603 -4.022594 -0.8127051
-5.529461 -3.180309 0.7496221 2.118641 -0.7753917 -0.4288215 1.105878 0.5794923 1.367612 2.180762 1.254837 0.8661931 -2.228234 -4.067186 -1.052977
-5.452378 -3.450081 0.8618525 1.816088 -0.7587277 -0.4457441 0.9830422 0.1738886 1.518473 2.331392 1.664189 0.832866 -1.785668 -4.107206 -0.9964495
-5.328378 -3.439484 0.9465185 1.861078 -0.8533693 -0.4964591 1.109502 0.4834957 1.478901 2.278516 1.453378 0.8041346 -2.163497 -3.98339 -0.8737938
-5.648657 -3.20683 0.5853762 2.027539 -0.9053913 -0.4776202 1.004146 0.6343946 1.354757 2.391968 1.276128 0.8440215 -1.988016 -3.95476 -1.028033
-5.619487 -3.36153 0.9836118 2.063681 -0.9258306 -0.03571871 1.13673 0.4907133 1.630131 2.427642 1.629218 1.038413 -1.908709 -3.713244 -0.7636347
-5.712698 -3.376522 0.60099 1.816301 -0.8827919 -0.6605863 0.8429509 0.506643 1.340178 2.151053 1.121602 0.7258529 -2.304 -4.123132 -1.095174
-5.499018 -3.292256 0.9930428 1.96901 -1.049234 -0.6154231 0.8049044 0.3957943 1.488238 2.383986 1.322407 0.6362201 -2.033846 -4.127866 -0.9390469
-5.547594 -3.339153 0.59603 1.958603 -0.9588925 -0.6541912 0.7720117 0.3462279 1.144038 2.580491 1.609412 0.7717858 -2.250705 -4.095256 -1.080404
-5.592424 -3.371018 0.6763901 2.119423 -0.8355905 -0.1435639 0.9891294 0.3613088 1.380348 2.417929 1.633112 0.9259486 -1.879944 -4.167181 -0.8955826
-5.632178 -3.403843 0.8500821 1.894322 -0.663418 -0.4550309 0.8668358 0.6481104 1.616253 2.248095 1.300297 0.9820708 -1.865451 -4.163675 -0.7790386
-5.714015 -3.072484 0.6731746 2.070042 -0.906211 -0.559721 0.8158552 0.3819364 1.567003 2.253499 1.227004 0.73222 -2.006823 -3.927297 -1.084762
-5.418547 -3.484744 1.023018 2.35011 -0.7666872 -0.2516445 0.9861771 0.5202966 1.298679 2.482093 1.384134 0.8201976 -1.881485 -4.050583 -1.049197
-5.594571 -3.400787 0.8343789 1.947998 -0.7488324 -0.4860986 0.9109417 0.387047 1.416424 2.189922 1.357002 0.8219087 -2.322404 -4.109396 -0.868047
-5.38584 -3.243299 0.9989324 1.82538 -0.7524309 -0.1306273 1.098707 0.4215301 1.546322 2.575222 1.187033 0.9292104 -1.719556 -3.638719 -0.768559
-5.495494 -3.046439 0.8624882 2.21623 -0.5918615 -0.2093948 1.024903 0.8049763 1.953648 2.428955 1.546644 1.282607 -1.767664 -3.411993 -0.6858492
-5.415483 -3.1514 0.8166546 1.894895 -0.8016493 -0.1913299 0.8235837 0.6322288 1.55941 2.27729 1.44155 0.9999142 -1.822415 -3.892658 -0.9433401
-5.520973 -3.520233 0.7320761 1.978949 -0.9973097 -0.4667804 0.7702341 0.5050334 1.419133 2.38503 1.299724 0.9443847 -2.103246 -4.022503 -0.9858844
-5.506039 -3.414409 0.9483364 1.829844 -0.8414106 -0.5441638 0.9911523 0.7197875 1.701948 2.351332 1.326695 0.6381724 -1.762634 -3.864653 -1.099949
-5.697146 -3.472697 0.8246231 1.886079 -0.9690259 -0.5911941 0.6598579 0.3607764 1.403024 2.136961 1.390568 0.8059831 -1.95912 -3.762472 -1.028306
-5.626789 -3.414307 0.738093 1.877656 -0.9345811 -0.5237 0.4676605 0.5916509 1.182944 2.235841 1.229716 0.5978956 -1.964828 -3.887671 -1.156677
-5.826837 -3.463244 0.7189015 2.079351 -0.9503855 -0.4769001 1.040684 0.4097611 1.382496 2.103832 1.070874 0.5050394 -2.030278 -4.055593 -1.095457
-5.775027 -3.712947 0.7072289 1.776038 -0.930849 -0.4928883 0.6345771 0.1664279 1.238147 2.061277 1.046453 0.6669029 -2.1978 -4.091907 -1.155808
-5.835454 -3.706403 0.6012259 1.940628 -1.273149 -0.6117364 0.785686 0.2596093 1.169686 2.188607 0.9604174 0.5332879 -2.437976 -4.054329 -1.172278
-5.845185 -3.78151 0.610157 1.83272 -1.181372 -0.7466048 0.6524832 0.116331 1.064151 2.111463 1.172017 0.5728207 -2.378952 -4.31808 -1.183068
-5.747043 -3.875854 0.6253479 1.837827 -0.9818542 -0.7228305 0.7532627 0.2290425 1.446047 1.928696 0.9670073 0.4929014 -2.179964 -4.02599 -1.121218
-5.756577 -3.754981 0.7552413 1.800192 -1.078424 -0.5731127 0.6253943 0.4290867 1.417736 2.198477 1.350682 0.7776424 -1.987434 -3.944318 -1.093312
-5.839941 -3.556649 0.5590493 1.863998 -1.072083 -0.3426742 0.5479947 0.1979702 1.217515 2.12304 1.051499 0.5994072 -2.31304 -4.126648 -1.247355
-5.952987 -3.655927 0.4339575 1.764036 -1.136529 -0.792061 0.5229862 0.03407897 1.135636 2.232155 0.8962647 0.3894432 -2.524556 -4.400602 -1.167907
-5.807185 -3.53486 0.5626741 2.033547 -1.217687 -0.5422704 0.6607502 0.2714343 1.30967 2.10394 1.125631 0.41728 -2.35579 -4.056598 -1.224424
-5.632192 -3.531157 0.677974 1.764864 -1.13334 -0.38082 0.8368172 0.5677444 1.354484 2.302942 1.208191 0.7670993 -2.070717 -4.162554 -0.9413252
-5.561614 -3.395887 0.8435536 1.628288 -1.069479 -0.5402159 0.7391922 0.2120994 1.192032 2.360073 1.127706 0.6124642 -2.201733 -3.954416 -1.150372
-6.062201 -3.720888 0.3487568 1.697273 -1.113011 -0.7049446 0.5341558 0.07383235 0.8890499 2.084276 0.9048137 0.4590425 -2.34478 -4.159016 -1.443216
-5.689071 -3.862059 0.5470429 1.774906 -1.041823 -0.6642974 0.6489388 0.03742767 1.087192 1.885342 0.9702398 0.3749335 -2.167378 -4.51155 -1.204399
-5.792532 -3.338204 0.74568 1.894459 -1.077408 -0.474307 0.7486514 0.2124456 1.319661 2.371511 1.142304 0.6740483 -2.150959 -3.993381 -1.01969
-5.570652 -3.696582 0.3461774 1.700056 -0.8661784 -0.411769 0.6909309 0.2195284 1.120299 1.789969 0.8895952 0.1827717 -2.023649 -4.196864 -1.009043
-5.514139 -3.500164 0.6710026 1.84286 -1.182525 -0.6670279 0.825634 0.3327016 1.13414 2.059559 1.201786 0.6545709 -2.134326 -4.110432 -1.224759
-5.840591 -3.657103 0.6505217 1.523559 -1.276131 -0.7290418 0.8512565 0.204391 1.181061 2.000857 1.241759 0.715358 -2.132716 -3.956119 -1.177658
-5.818078 -3.540469 0.7986416 1.929439 -0.9893689 -0.3935494 0.7421367 0.3190243 1.016549 2.399748 1.06025 0.7819937 -2.210047 -3.966855 -1.190811
-5.300145 -3.307691 0.8207716 2.188433 -0.5872549 -0.3606526 0.7975397 0.5214628 1.452482 2.396265 1.356815 1.104145 -1.823306 -3.908906 -0.7931125
-5.352016 -2.740395 1.048507 2.398039 -0.5469993 -0.06174483 1.206176 0.824552 1.715888 2.600246 1.812122 1.262365 -1.640022 -3.728438 -0.4356501
-5.41633 -3.08967 1.074417 2.309269 -0.5755226 -0.2218486 0.862431 0.4578518 1.394802 2.398477 1.66966 0.7831516 -1.880937 -4.082369 -0.5109526
-5.305047 -3.216741 0.6994642 2.151934 -0.6809943 -0.3357236 0.8134538 0.3322416 1.390452 2.394797 1.519987 0.9087104 -2.04905 -4.067082 -0.9458012
-5.452579 -3.502854 0.9900664 2.463798 -0.7184099 -0.1424326 0.9792056 0.7546302 1.869701 2.299406 1.329382 1.158657 -1.795119 -3.68223 -0.7683786
-5.440074 -3.349023 1.083926 2.124777 -0.5209117 -0.3422488 1.06358 0.691034 1.633459 2.534983 1.677059 0.86162 -1.775999 -3.741288 -0.5099765
-5.273995 -2.968101 1.175733 2.135542 -0.5885809 -0.4127108 1.073655 0.6435592 1.703526 2.852424 1.637843 1.163656 -1.725994 -3.715064 -0.880577
-5.273122 -3.206333 0.9987206 2.200369 -0.7398766 -0.1115027 0.9136975 0.3220074 1.526327 2.577004 1.447092 1.128953 -1.753593 -4.038855 -1.011848
-5.221628 -3.122902 1.042655 2.229224 -0.618482 -0.2629237 0.959364 0.8743434 1.476407 2.634245 1.542936 1.097153 -1.751048 -3.885264 -0.6009017
-5.01903 -2.788936 0.9773766 2.471299 -0.6523851 -0.02477375 1.163346 0.8536238 1.799618 2.757856 1.867465 1.257976 -1.473028 -3.621139 -0.5105316
-5.408417 -3.170754 1.102108 2.293465 -0.6794131 -0.0226938 1.333366 0.8624881 1.670203 2.65549 1.544874 1.119552 -1.666235 -3.557543 -0.682305
-5.519718 -3.091715 0.9808832 2.150586 -0.5710392 -0.2037918 1.009285 0.5035066 1.350214 2.562937 1.555628 1.017282 -1.757276 -3.935943 -0.6845062
-5.365079 -3.201131 0.8604637 1.998424 -0.5777243 -0.1571426 1.002088 0.4636767 1.545873 2.704349 1.682516 0.813341 -1.747049 -3.856455 -0.5955473
-5.061286 -3.136052 0.8930695 2.278304 -0.6469963 -0.06448126 1.178703 0.9863647 1.666084 2.605374 1.885245 1.32463 -1.6529 -3.926287 -0.6956585
-5.232746 -3.062895 0.949341 2.103825 -0.4485694 -0.2523462 1.169719 0.7645377 1.86303 2.668761 1.573904 1.195026 -1.995661 -3.578303 -0.7753699
-5.362932 -3.157399 1.033612 2.188593 -0.3166442 -0.004112437 1.261613 0.5663543 1.658944 2.607701 1.695537 1.113643 -1.906744 -3.812338 -0.6795484
-5.339177 -2.771249 1.317878 2.612942 -0.194876 0.1954895 1.330309 1.061724 2.234382 2.905212 1.94399 1.237408 -1.512585 -3.408318 -0.3633043
-5.007256 -3.063536 1.404251 2.594635 -0.1859862 -0.002282414 1.582456 1.116004 2.02274 2.832231 1.8219 1.502792 -1.645085 -3.083982 -0.2738931
-4.881194 -2.695242 1.229274 2.461741 -0.1048617 0.1031004 1.460709 1.097899 2.066253 2.889445 1.801155 1.564512 -1.271292 -3.410671 -0.3470747
-5.053003 -2.861595 1.345697 2.275744 -0.1658871 0.3240209 1.341641 0.8261261 1.709611 2.525342 1.808882 1.154517 -1.579134 -3.550035 -0.497124
-4.966452 -2.508286 1.437181 2.674852 -0.2173561 0.2550724 1.755107 0.8961099 1.999228 2.850301 2.083641 1.361556 -1.258565 -3.35088 -0.400959
-4.587091 -2.709868 1.558692 2.951148 0.004088933 0.568973 1.675051 1.146426 2.250549 3.115524 2.126777 1.616696 -1.170612 -3.086893 -0.138943
-4.645973 -2.504102 1.512204 2.714946 0.1022922 0.4336409 1.742262 1.464963 2.608981 3.278867 2.511087 1.688436 -0.9422901 -3.011092 -0.004168466
-4.916938 -2.651124 1.385539 2.552984 -0.3976556 -0.2057604 1.475385 0.6349888 2.093185 3.096997 1.659847 1.264057 -1.334168 -3.453947 -0.2694522
-5.283236 -2.972934 1.126817 2.1888 -0.5807376 -0.02158105 1.189775 1.009892 1.872642 2.63788 1.839816 1.131357 -1.636015 -3.693682 -0.6322936
-5.207048 -3.29938 0.9238197 2.281176 -0.7047673 -0.1114026 0.9801228 0.5500002 1.819165 2.592061 1.853405 1.22238 -1.722661 -3.690232 -0.6541809
-5.438298 -3.247101 0.945191 2.118944 -0.8539164 -0.1936185 0.9016938 0.5068927 1.637649 2.346229 1.607028 0.9771165 -2.032952 -3.782873 -0.7022765
-5.171552 -2.908886 1.252302 2.404969 -0.4614032 -0.1924877 1.326808 0.6960596 1.86259 2.593549 1.442676 1.044428 -1.651057 -3.594748 -0.4803921
-5.3272 -3.149741 0.8883587 2.081695 -0.5104208 -0.2313098 1.096497 0.6342623 1.721269 2.634339 1.562532 0.9969434 -1.924225 -3.877407 -0.8391418
-5.438229 -3.313681 0.8075263 2.096129 -0.8134964 -0.3102483 1.079044 0.4352456 1.533391 2.476134 1.36213 1.085 -1.99755 -3.768926 -0.8383372
-5.300397 -3.483227 0.7487571 2.093776 -0.8358168 -0.1875604 0.6633652 0.3848128 1.699938 2.279807 1.450613 0.6297885 -2.044719 -3.974448 -0.8787947
-5.367522 -3.701735 0.8367954 1.89338 -0.6451427 -0.5251988 0.8679559 0.1982298 1.062949 2.210831 1.224379 0.7611446 -1.88562 -4.032098 -1.23613
-5.369763 -3.356201 0.9051925 2.394346 -0.7482326 -0.3667028 0.9660956 0.7377052 1.752576 2.297032 1.252032 0.8896904 -1.898505 -3.853852 -0.7782855
-5.85375 -3.25885 0.5854523 1.904574 -1.017322 -0.4411222 0.8644724 0.4853668 1.233738 2.243909 1.2973 0.834231 -2.227895 -4.080764 -0.9731044
-5.866486 -3.572131 0.6844157 1.830964 -1.186616 -0.4600963 0.7553398 0.3050025 1.320921 2.206883 1.187592 0.7025314 -2.099705 -4.16444 -1.125644
-5.320744 -3.214795 0.9329168 2.274796 -0.608046 -0.2381797 1.11563 0.5328286 1.483458 2.682073 1.667143 1.068219 -1.965503 -3.923345 -0.9427258
-5.238681 -3.087335 0.8172236 2.147513 -0.5782985 -0.02411885 1.26551 0.6733115 1.753817 2.696959 1.714458 1.116916 -1.988428 -3.862465 -0.6951217
-5.091372 -2.942879 1.333921 2.491333 -0.5534716 0.146044 1.34317 1.040928 1.924346 2.955787 1.90007 1.408126 -1.605956 -3.72107 -0.2031815
-4.854891 -2.562476 1.427727 2.657887 -0.250123 0.4804016 1.485617 1.066691 2.020859 3.199919 1.884272 1.626707 -1.222866 -3.519275 -0.2504848
-4.875522 -2.552702 1.748205 2.664155 -0.174385 0.3073919 1.492394 1.113704 2.259509 3.202427 2.289424 1.786555 -1.363757 -3.264957 -0.1486729
-4.951539 -2.907197 1.181107 2.546971 -0.3568105 0.2382879 1.52466 0.9864469 2.104469 2.896747 2.060134 1.603992 -1.417749 -3.496532 -0.4064664
-4.782567 -2.397223 1.662323 2.746532 -0.1371771 0.3499928 1.693568 1.203572 2.166253 2.90171 2.128437 1.478724 -1.379511 -3.298145 -0.09033747
-4.856192 -2.698941 1.653746 2.623245 -0.1415198 0.3363575 1.656048 1.043481 2.304287 3.233665 2.164011 1.454686 -1.095077 -3.266448 -0.2187036
-4.717163 -2.423834 1.899559 2.992219 -0.1785578 0.3866869 1.696787 1.432989 2.203496 3.214659 2.372798 1.835576 -1.091218 -3.209411 -0.0663002
-4.690176 -2.640805 1.673321 2.951133 0.1099638 0.4318849 1.91105 1.447579 2.528 3.261004 2.270072 1.823409 -1.309987 -2.929818 -0.1027629
-4.305902 -1.79057 1.874723 3.174568 0.3620823 0.7403085 1.939228 1.69929 2.472961 3.623163 2.378153 1.859762 -0.6215243 -3.015682 0.122059
-4.473154 -1.877286 2.040065 3.309791 0.5537625 1.04215 2.267943 1.777232 2.713057 3.673125 2.834933 2.024331 -0.5523853 -2.462824 0.4189869
-4.11673 -2.294403 2.078696 3.204371 0.6246988 1.17369 2.20331 1.85708 2.651796 3.850116 2.645899 2.263226 -0.7875012 -2.711623 0.3429203
-4.127286 -2.265168 1.840667 3.159739 0.5339924 0.7824174 2.295887 1.621529 2.677314 3.533108 2.676712 2.202378 -0.8965913 -2.668226 0.2231456
-4.336286 -2.231383 1.957846 3.155202 0.4051319 0.6870089 1.939568 1.535475 2.635915 3.802746 2.515763 2.045085 -1.04673 -2.711036 0.1508473
-4.020662 -2.07149 2.13394 3.414823 0.5490933 1.038749 2.12727 1.689384 2.777698 3.806392 2.506419 2.182042 -0.6342936 -2.590107 0.4646094
-4.378005 -2.135321 1.726247 3.114902 0.254114 0.6758679 2.165888 1.561675 2.453131 3.407132 2.206084 2.110846 -1.083297 -3.256684 0.09002642
-4.423389 -2.305929 2.040891 3.210697 0.2973055 0.4655742 2.192374 1.466564 2.352862 3.43334 2.266646 1.811052 -0.9652474 -2.985111 -0.1363929
-4.220554 -2.191304 2.107563 3.074446 0.6167773 0.9449024 2.413632 1.703296 2.83734 3.343634 2.542342 2.138571 -0.8607146 -2.732056 0.3895249
-4.254154 -2.303974 2.396363 3.023454 0.6476763 0.7287252 2.279313 1.790806 2.674683 3.42433 2.786407 2.015135 -0.6045428 -2.719621 0.3801999
-4.500713 -2.131149 1.908883 2.892194 0.4077166 0.7243313 1.675245 1.275329 2.710866 3.397908 2.494581 1.961698 -0.8594299 -2.847603 0.1480608
-4.57105 -2.618578 1.869514 2.922459 0.00756726 0.5444891 1.99517 1.489925 2.492861 3.484434 1.937299 1.762489 -0.9578386 -2.99536 0.1042867
-5.033233 -2.728188 1.410619 2.506554 -0.5128209 0.3434039 1.799432 0.8882121 1.954399 2.977772 2.169844 1.305853 -1.388014 -3.513114 -0.251447
-4.584765 -2.591907 1.571724 2.791238 -0.02546512 0.3378477 1.464298 1.367961 2.145089 3.140031 2.155044 1.594045 -1.159289 -3.297324 -0.2216495
-4.569839 -2.485031 1.60599 3.018706 -0.01632805 0.3646456 1.637269 1.392224 2.108221 3.065978 1.982102 1.527739 -1.127732 -2.950603 -0.4304828
-5.094764 -2.693752 1.37022 2.71479 -0.05506647 0.2427793 1.54137 1.002509 2.184558 3.035537 1.880366 1.55853 -1.544854 -3.26907 -0.2306523
-4.852898 -2.556272 1.404948 2.753574 -0.07516256 0.3682944 1.704847 1.27551 2.164726 2.956556 2.039661 1.548117 -1.464628 -3.460306 -0.2975616
-4.944825 -2.62648 1.502514 2.706471 -0.05697612 0.184447 1.60294 1.114234 2.053362 2.997928 1.975542 1.323719 -1.254775 -3.543012 -0.3441765
-4.53936 -2.154552 1.663824 2.84614 -0.001982059 0.5625238 1.863397 1.237387 2.238787 3.13073 2.074992 1.515001 -1.194228 -3.157386 -0.2812518
-4.763919 -2.786047 1.491793 2.873932 -0.1240865 0.348314 1.722773 1.030028 2.26026 3.163353 2.028397 1.365922 -1.174105 -3.219165 -0.1129877
-4.688649 -2.357256 1.450731 2.657583 -0.220795 0.6041005 1.541488 1.070739 2.372209 3.314568 2.075306 1.615127 -1.364552 -3.220527 -0.115767
-4.659778 -2.609754 1.567424 2.935462 -0.06888296 0.3802149 1.558412 1.131188 2.037156 3.117501 1.922642 1.629309 -1.461773 -3.349313 -0.1852167
-5.235489 -2.731206 1.412237 2.801293 -0.1389672 0.4516414 1.544999 1.261254 2.120092 2.795453 1.887239 1.502288 -1.166575 -3.29764 -0.149912
-4.809485 -2.446498 1.635899 2.771407 -0.1654583 0.2058808 1.517218 1.191637 2.313174 3.312205 2.14697 1.438888 -1.249445 -3.27928 -0.04642162
-5.005442 -2.846685 1.441159 2.269419 -0.3439045 0.117382 1.530166 0.7878206 2.162042 2.800533 1.784412 1.248818 -1.456804 -3.617378 -0.4550156
-5.128757 -2.88119 1.316844 2.329798 -0.3683346 0.08745766 1.395593 0.9121674 1.965717 2.97804 1.763383 1.341407 -1.591816 -3.411062 -0.5384211
-5.434254 -3.224785 1.045815 2.384349 -0.6783978 -0.340495 1.104155 0.6017201 1.627929 2.443961 1.388593 0.9139133 -1.851599 -3.740361 -0.7053599
-5.389417 -3.093874 1.02117 2.273327 -0.762498 -0.4058266 0.7737245 0.358063 1.548515 2.560555 1.343232 0.8666983 -1.758381 -3.923 -1.014207
-5.310906 -3.523161 0.9370102 2.166489 -0.7300261 -0.2965408 1.253728 0.5607305 1.62753 2.419699 1.64573 1.084275 -1.798361 -3.654942 -0.7659792
-5.327845 -3.245287 1.063959 2.110826 -0.5759978 -0.1227685 1.096417 0.5659689 1.517346 2.658536 1.348153 0.7334389 -2.020364 -3.83248 -0.7277744
-5.088969 -3.426922 1.104161 2.353646 -0.4881228 -0.03571811 1.268808 0.8030566 1.681698 2.729687 1.846937 1.106026 -1.782938 -3.543988 -0.6333391
-5.382445 -3.2947 0.8484743 2.138084 -0.9037779 -0.1638411 1.237652 0.4639048 1.746674 2.540757 1.612076 1.053767 -2.040948 -3.704283 -0.6453971
-5.10789 -3.070061 1.15597 2.284601 -0.677014 -0.01190892 1.146086 0.575103 1.423488 2.517865 1.568038 1.296932 -1.859758 -3.705181 -0.7035569
-5.499043 -3.211957 0.8297525 2.00989 -0.7338614 -0.3696978 1.059358 0.7796231 1.448407 2.404339 1.382704 0.9608572 -2.001886 -3.920361 -0.8803836
-5.363584 -3.411169 0.913816 2.177974 -0.7666441 -0.2738684 0.9664487 0.5749444 1.580453 2.491089 1.701806 0.69863 -1.91244 -4.040445 -0.7870983
-5.413939 -3.276011 0.6598111 2.033772 -0.6257076 -0.3997028 0.9098729 0.6117956 1.455527 2.560793 1.266356 0.8818166 -2.060192 -4.246192 -0.8406551
-5.684047 -3.360344 0.9084489 2.106774 -0.8977346 -0.5264164 0.9808297 0.6209461 1.687277 2.36591 1.452821 1.018394 -1.932294 -4.038013 -0.7474765
-5.555137 -3.254351 0.7457099 1.955156 -1.125039 -0.4644727 0.6042922 0.4224447 1.357906 2.336987 1.333181 0.7586805 -2.141113 -3.946118 -1.07179
-5.340042 -3.35183 0.9814515 2.140285 -0.6862232 -0.03470969 1.079829 0.3896481 1.488318 2.282778 1.706538 0.8331868 -1.691511 -4.011388 -0.9210846
-5.58794 -3.295838 0.9337834 2.177461 -0.6212908 -0.1542593 1.335667 0.6785689 1.423466 2.459576 1.584578 1.047414 -1.748834 -3.61764 -1.03978
-5.568965 -3.16104 1.10729 2.25302 -0.5113553 0.03030326 1.045805 0.6351377 1.522488 2.681999 1.39272 1.13278 -1.806372 -3.581386 -0.4162943
-5.478945 -3.344246 0.7439859 2.207443 -0.7680165 -0.2857556 1.138923 0.3538579 1.657162 2.432037 1.258941 0.8528878 -2.043506 -3.810258 -0.7796909
-5.357024 -3.496964 0.6608482 1.937025 -0.7296076 -0.3439041 0.9828339 0.3562595 1.371983 2.130844 1.4358 0.8118844 -1.864759 -4.02742 -0.8936866
-5.529639 -3.349759 0.9010071 2.04289 -0.7421879 -0.1862873 0.894786 0.4931053 1.517718 2.394971 1.457332 0.7774417 -2.087589 -3.964298 -0.9415541
-5.373148 -3.234652 0.8920319 2.156726 -0.8219482 -0.4629442 1.010508 0.6690338 1.754802 2.360835 1.164218 1.028751 -2.065862 -3.697208 -0.963748
-5.608656 -3.440051 0.8974338 2.099939 -0.7315547 -0.3328735 1.00893 0.5130262 1.640982 2.633324 1.349266 0.9328705 -1.944268 -4.052051 -0.9211369
-5.357034 -3.547287 0.6317348 2.078716 -0.8461682 -0.3094871 0.8474975 0.7465697 1.394169 2.262033 1.319124 0.9174941 -1.934149 -4.213976 -1.008646
-5.442985 -3.466204 0.826677 2.235893 -0.6593752 -0.2861941 1.07774 0.7039603 1.6251 2.48259 1.551819 0.9953068 -1.803412 -4.059706 -0.6172683
-5.439971 -3.12907 0.8907963 2.12881 -0.7809051 -0.2913822 0.9792517 0.6331439 1.622496 2.269377 1.339908 0.9286127 -1.908744 -3.936469 -0.7172444
-5.382582 -3.584528 0.9801866 1.932955 -0.7948126 -0.1321707 0.9801728 0.6230714 1.625709 2.454196 1.440497 0.7588547 -1.8596 -3.679258 -0.4721416
-5.369521 -3.272094 0.8554728 2.062529 -0.7817551 -0.2265108 1.009167 0.7576397 1.593461 2.351053 1.396878 0.966433 -1.838793 -3.790576 -0.5641129
-5.613125 -3.217245 0.7667207 1.994881 -1.04354 -0.3809551 0.8120226 0.3221007 1.273467 2.253828 1.381351 0.5820929 -1.962055 -4.149397 -0.8088377
-5.629299 -3.435325 0.5680024 1.985202 -1.040181 -0.6186688 0.5402932 0.2009021 1.318375 1.925977 1.156026 0.639291 -2.00341 -3.945248 -1.118466
-5.640727 -3.698633 0.6321242 1.940348 -0.9462406 -0.436323 0.7706969 0.3953505 1.277829 2.169551 1.213377 0.7915799 -2.040519 -3.967003 -1.147492
-5.523234 -3.316537 0.7737752 1.941805 -0.9901355 -0.2531495 0.9560228 0.5617827 1.38499 2.267268 1.44301 0.7347745 -2.069806 -4.074367 -1.079968
-5.588631 -3.107495 0.7402796 2.305087 -0.856648 -0.1373792 1.071124 0.7272248 1.754072 2.573194 1.26621 0.79389 -1.596369 -3.756483 -0.7398047
-5.406313 -3.547939 0.8560829 2.242976 -0.82535 -0.3598919 0.9182832 0.5790815 1.398322 2.343283 1.375208 1.189646 -1.803276 -3.956988 -0.9112534
-5.434035 -3.219274 1.024312 2.208654 -0.8539861 -0.3281858 1.068576 0.6509117 1.530764 2.433337 1.320379 1.037705 -1.981622 -3.971552 -0.9327076
-5.385632 -3.383241 0.8434375 2.073131 -0.7244707 -0.3001311 0.9362342 0.7229446 1.659823 2.382005 1.532387 0.943705 -2.15701 -3.731061 -0.6616794
-5.291481 -3.418738 0.9260819 2.159299 -0.8291578 0.002725039 1.054468 0.6837714 1.533774 2.321807 1.477913 0.9782524 -1.894984 -3.892993 -0.9215724
-5.309671 -3.028328 0.9986121 2.05448 -0.5426247 -0.2719755 1.158208 0.7137099 1.412689 2.608705 1.61854 1.045015 -2.066698 -3.857559 -0.8701398
-5.253319 -3.253192 0.8379723 2.162771 -0.8097926 -0.01768543 0.9372417 0.597477 1.822009 2.575581 1.610261 1.15239 -1.634668 -3.973562 -0.7753128
-5.291621 -2.883264 1.27669 2.472651 -0.5567186 0.01769745 1.385876 0.6082461 1.841067 2.71922 1.789403 1.113623 -1.704649 -3.335834 -0.5290016
-4.962589 -2.850142 1.466673 2.595077 -0.04185911 0.2608594 1.712761 1.171491 2.309697 2.995084 1.9474 1.60692 -1.431763 -3.269808 -0.2842113
-4.904057 -2.817043 1.312954 2.825826 -0.2338022 0.4962531 1.348857 1.260062 2.029195 3.105562 2.188409 1.324502 -1.287027 -3.428953 -0.1363907
-4.872244 -2.727839 1.404049 2.83375 -0.07759278 0.2075519 1.515704 1.290898 2.009509 2.900503 2.175753 1.752125 -1.442777 -3.376445 -0.1369163
-5.113537 -2.664212 1.28529 2.556448 -0.2557067 0.1186949 1.509015 0.9441973 1.994836 2.80606 1.728094 1.459605 -1.598383 -3.293177 -0.4468997
-4.757787 -2.745378 1.462192 2.652943 -0.2985816 0.2219443 1.522979 0.877875 2.152766 3.051646 2.052254 1.432824 -1.323541 -3.320368 -0.3786159
-4.845694 -2.884104 1.479301 2.841677 -0.2299711 0.4026127 1.595488 1.22612 2.204035 3.312994 2.044252 1.473131 -1.256565 -3.139481 -0.2948791
-4.753145 -2.25029 1.598222 2.972969 0.1512089 0.6385996 1.778838 1.473259 2.463715 3.405552 2.407365 1.678367 -1.128897 -3.299943 -0.1663014
-4.858182 -2.478746 1.571432 2.850499 0.01499767 0.5776685 1.787221 1.285187 2.132508 3.314027 2.111377 1.707707 -1.185492 -3.244204 0.09298518
-4.484677 -2.376059 1.556083 2.840945 0.1200514 0.6098418 1.7289 1.203428 2.380153 3.177843 2.212444 1.843125 -1.044555 -2.964306 -0.153675
-4.581047 -2.693021 1.894828 3.041658 -0.1146783 0.6297455 1.943618 1.3571 2.218855 3.442365 2.299694 1.687653 -1.06802 -2.946842 0.1216968
-4.599301 -2.574828 1.767215 3.03611 0.3052057 0.7559181 1.918045 1.376565 2.698404 3.268718 2.340772 1.651078 -1.031363 -2.916899 0.05743762
-4.690055 -2.180478 1.899018 3.129218 0.1822297 0.6457135 1.913232 1.57856 2.541152 3.469942 2.601837 1.856608 -1.035892 -3.179011 0.2264914
-4.583336 -2.479497 1.903673 3.278634 0.2830466 0.7121426 1.863196 1.728603 2.654951 3.515556 2.35818 2.036386 -0.775189 -2.898226 0.09513688
-4.216141 -2.026075 2.00921 3.288475 0.5751139 0.9429818 2.382062 1.631741 2.687269 3.387007 2.317175 2.101211 -0.6943621 -2.521489 0.4328126
-4.511141 -2.213905 1.836609 3.173045 0.2317457 0.5684986 1.917378 1.457649 2.299049 3.38125 2.254903 1.866896 -1.281095 -2.867004 -0.03461352
-4.747169 -2.379571 1.877855 3.020767 0.1110033 0.7905539 1.782218 1.308343 2.265153 3.379488 2.276913 1.714995 -1.258452 -2.725846 0.3338695
-4.521423 -2.153933 1.957212 3.09512 0.3564886 0.7271284 2.031598 1.705566 2.39004 3.335669 2.354087 1.497348 -1.006759 -3.077644 0.3636638
-4.669393 -2.496187 1.653659 2.803885 0.1739389 0.5548933 1.947833 1.293948 2.264548 3.211788 1.963012 1.314242 -1.154821 -3.202037 -0.09136319
-4.655118 -2.415376 1.838465 2.873876 -0.02016998 0.5059861 1.736287 1.416903 2.360405 3.433657 2.246538 1.695465 -0.9946651 -3.040079 0.1292117
-4.418448 -2.334564 1.795002 3.025024 0.2972976 0.660379 2.164597 1.515564 2.363992 3.431074 2.530169 1.477924 -1.032966 -2.924271 0.1903345
-4.389411 -2.26972 1.877429 2.892624 0.04069763 0.8413181 1.957072 1.382844 2.39011 3.271919 2.395393 1.734838 -0.9475838 -2.966227 -0.2006921
-4.43297 -2.302783 2.037143 3.150379 0.2767702 0.5683369 1.917744 1.395023 2.684829 3.66906 2.550505 1.950501 -1.084449 -2.684073 0.1873516
-4.225937 -2.21005 2.054961 3.207897 0.5081922 0.6717578 2.142975 1.568225 2.553764 3.434192 2.721439 1.98074 -0.824737 -2.7688 0.2180138
-4.281053 -2.102917 1.778995 3.20584 0.4870242 0.7970412 2.005464 1.612611 2.654289 3.730584 2.511928 1.88164 -0.7036359 -2.806665 0.2811905
-4.44471 -2.344708 1.766727 3.010125 0.4283813 0.8566547 2.083739 1.47072 2.395991 3.397028 2.38488 1.857891 -0.9376618 -2.959157 0.02299156
-4.585659 -2.692588 1.616824 2.679854 -0.0368671 0.6186508 1.73614 1.207451 2.040478 2.954468 2.110143 1.450373 -1.419144 -3.131938 -0.3214962
-4.941707 -2.874984 1.489913 2.588452 -0.1953059 0.266026 1.841207 1.344316 1.901066 2.82369 2.167722 1.613387 -1.50966 -3.547984 -0.2835575
-4.843833 -2.799518 1.493142 3.021665 -0.1034936 0.3523897 1.717661 1.00968 2.023972 3.164168 2.171428 1.551389 -1.422369 -3.123343 -0.1069534
-4.50703 -2.568753 1.577624 2.989668 0.1185379 0.24126 1.841662 1.402972 2.41658 3.236261 2.083264 1.780998 -1.331608 -2.793228 0.003153231
-4.777259 -2.702268 1.592621 2.838369 -0.05354248 0.4422361 1.773313 1.12207 1.994856 2.831722 2.090756 1.647356 -1.234299 -2.917931 -0.3572559
-4.769037 -2.670095 1.450398 2.700219 0.03932388 0.4823533 1.586705 0.9955388 2.286575 3.199579 1.954826 1.511402 -1.055618 -3.223835 -0.1446665
-4.613885 -2.645283 1.488889 2.853561 0.008315794 0.3173818 1.939112 1.422736 2.170405 3.067754 2.473132 1.589645 -1.057669 -3.094011 -0.05990103
-4.762324 -2.400295 1.816771 3.082544 0.1593079 0.6544568 1.964161 1.612989 2.366369 3.17167 2.401122 1.891296 -1.081025 -3.283626 0.1550913
-4.853992 -2.756397 1.444355 2.927037 -0.144165 0.3933157 1.809888 1.353589 2.145574 3.04436 2.020289 1.237559 -1.251261 -3.319308 -0.3274907
-4.622019 -2.593984 1.763699 2.887639 0.02880705 0.5703886 1.817094 1.432794 2.258066 3.242584 2.266653 1.788234 -1.000332 -3.005283 -0.05074378
-4.569016 -2.484857 1.582055 3.161623 0.05891998 0.2947647 1.70015 1.502364 2.428383 3.10626 2.113646 1.527969 -1.334732 -3.211671 -0.1653946
-4.778647 -2.682737 1.540671 2.68873 -0.2761871 0.371737 1.6584 1.312953 2.103814 3.018936 1.9648 1.607696 -1.468002 -3.182891 -0.231018
-4.746971 -2.545678 1.800253 2.734476 -0.3065862 0.3034341 1.594745 1.277857 2.064357 3.287325 2.032069 1.52831 -1.256668 -3.348559 -0.1435195
-4.811023 -2.675511 1.738788 3.054324 0.05187424 0.5051829 1.658036 1.350122 2.151587 3.208151 2.193779 1.839864 -1.210936 -3.039532 0.02735497
-4.846214 -2.657968 1.177378 2.755283 -0.1880711 0.3219534 1.597502 1.198054 1.892629 2.874804 1.958111 1.330339 -1.362569 -3.254961 -0.2619491
-5.099645 -3.085563 1.199186 2.557101 -0.5098347 0.02232321 1.449873 0.6208919 1.523325 2.85882 1.795138 1.275733 -1.534581 -3.735855 -0.6881636
-5.058538 -3.192123 1.289479 2.427912 -0.4809058 0.0152768 1.397352 0.9090098 1.98288 2.747646 1.850057 1.086963 -1.590441 -3.358395 -0.5137048
-5.391713 -2.965007 0.8917642 2.428618 -0.411085 0.08572747 1.508697 0.7007997 1.723009 2.731596 1.706792 1.343089 -1.75716 -3.508147 -0.5624475
-5.13119 -3.051456 0.9468903 2.42974 -0.5465607 0.104449 1.15212 0.6728783 2.021354 2.837261 1.800727 1.118674 -1.635962 -3.406302 -0.4752388
-5.103026 -2.888411 1.331745 2.528814 -0.4716003 0.04493155 1.285211 1.029029 1.907932 2.829778 1.76414 1.238309 -1.707028 -3.664781 -0.4865328
-5.091189 -2.855027 1.340135 2.376448 -0.2839829 -0.06558834 1.626007 0.948756 2.035655 2.75892 1.908355 1.405114 -1.27539 -3.288916 -0.2388886
-5.01726 -2.91398 1.358465 2.372562 -0.2960768 0.1453344 1.456743 0.9917709 2.110095 2.95246 2.03804 1.514613 -1.404271 -3.392115 -0.4509536
-5.212135 -2.630942 1.280133 2.553663 -0.1666713 0.3661263 1.636086 1.068067 1.731382 2.808442 1.914484 1.477251 -1.437451 -3.192925 -0.2616676
-5.162499 -2.937857 1.25769 2.540028 -0.1704229 0.0100743 1.138571 1.070336 2.134912 2.755327 1.572184 1.364214 -1.591721 -3.509399 -0.3330218
-4.843648 -3.200207 1.204039 2.609874 -0.415204 0.03497014 1.350691 0.759971 1.807133 2.620135 1.638828 1.054916 -1.689799 -3.668397 -0.4082539
-5.158365 -2.842324 1.403176 2.264558 -0.2896814 0.04511255 1.399141 0.7907785 2.220207 2.727382 1.707233 1.07562 -1.500717 -3.601248 -0.6239989
-5.196381 -2.939169 1.130258 2.578967 -0.5060914 -0.05508635 1.571578 0.9123515 1.676244 2.949263 1.734318 1.368632 -1.51768 -3.566512 -0.5285796
-5.004959 -2.734321 1.347687 2.691843 -0.05382888 0.3314874 1.608434 0.9183154 2.018226 2.790733 1.792968 1.531917 -1.300757 -3.325229 -0.3407712
-4.876097 -2.711792 1.41167 2.531609 -0.4197673 0.44925 1.52373 1.150808 2.095043 3.00329 1.871669 1.619546 -1.5207 -3.299113 -0.3724427
-4.706492 -2.758766 1.443273 2.597554 -0.07562055 0.2222063 1.578452 0.7730587 1.996522 3.01652 2.17874 1.438199 -1.328503 -3.286686 -0.2434778
-4.918754 -2.805612 1.497096 2.815352 -0.1941111 0.262966 1.45773 1.333849 2.022465 2.889944 2.18517 1.650948 -1.29921 -3.481314 -0.3561523
-5.08818 -2.737589 1.249673 2.510689 -0.4596837 0.1895706 1.507412 0.7897839 2.022567 2.768377 2.054092 1.617938 -1.513625 -3.370627 -0.4132352
-5.1698 -2.938889 1.255209 2.352638 -0.4071011 0.06416535 1.080848 0.9312381 1.795017 2.666154 1.835847 1.325015 -1.575346 -3.840514 -0.4710725
-5.17779 -2.977018 1.193372 2.519131 -0.417524 0.0603047 1.212243 0.9641442 1.89861 2.583603 1.537247 1.229016 -1.489322 -3.459278 -0.4517752
-5.28099 -2.87405 1.226187 2.315801 -0.3667922 0.1198922 1.416692 0.7860157 1.797421 2.767116 1.719827 1.210301 -1.36302 -3.701306 -0.4758534
-5.464388 -2.98922 1.057411 2.30626 -0.5269816 -0.2204361 1.157457 0.5563005 1.542695 2.666167 1.558589 1.156429 -1.931666 -3.745216 -0.4945783
-5.241704 -3.028853 1.180295 2.132203 -0.5561329 -0.2656548 0.995645 0.9446992 1.525822 2.744082 1.367173 0.973238 -1.909294 -3.911213 -0.602995
-5.29575 -3.132465 1.05277 2.252528 -0.46408 -0.07057168 1.369423 0.7751117 1.730818 2.594273 1.610116 0.9150842 -1.56122 -3.630309 -0.6855221
-4.92162 -3.030811 1.19072 2.556193 -0.2948459 0.1535219 1.363721 0.9398773 1.998855 2.690317 1.93566 1.08861 -1.292211 -3.471478 -0.3501655
-5.031581 -2.75159 1.243465 2.441013 -0.5149682 -0.1247488 1.202631 0.7681802 1.941847 2.883685 1.67071 0.9790266 -1.621625 -3.798949 -0.6582159
-4.866315 -3.124208 1.195908 2.326379 -0.4277361 0.1055971 1.283628 0.721695 1.755401 2.690913 1.742139 1.317798 -1.746933 -3.663636 -0.4828588
-4.834749 -2.726833 1.543532 2.784609 0.0588885 0.2200734 1.731535 1.403983 2.351482 2.972865 1.924165 1.282924 -1.609752 -3.412812 -0.1174139
-4.601101 -2.579731 1.626447 2.597464 0.07104626 0.4508321 1.876991 1.295075 2.020038 3.096724 2.366428 1.714265 -1.237807 -3.236287 -0.1863864
-4.743202 -2.64998 1.409245 2.693727 -0.2060609 0.4048889 1.595333 1.210189 2.206681 3.090717 2.074932 1.394139 -1.171331 -3.07616 -0.1034334
-4.722818 -2.728977 1.311522 2.533728 -0.06494876 0.2992533 1.779818 1.337178 2.114113 2.953525 2.232533 1.491727 -1.14419 -3.172515 -0.0173492
-4.700548 -2.627972 1.731988 2.851437 0.1804064 0.4332963 1.828881 1.411939 2.435831 3.194149 2.561106 1.692596 -1.079988 -2.882438 0.0169592
-4.672889 -2.234754 1.638151 2.799883 0.06848493 0.605311 1.871339 1.38267 2.492008 3.390151 2.464235 1.765666 -1.063835 -2.908504 0.2291041
-4.406866 -2.058016 2.108433 3.328306 0.3025789 0.5868651 2.264317 1.598812 2.536598 3.61249 2.551285 1.744607 -0.797934 -2.926645 0.2649959
-4.282214 -2.230291 2.287976 3.21252 0.3066764 0.986213 2.006448 1.727589 2.408359 3.668775 2.872166 2.182922 -0.6671949 -2.592197 0.4910394
-4.416745 -2.289527 2.027088 3.287192 0.2205505 0.7427941 2.024455 1.514194 2.386069 3.56885 2.623337 1.990777 -0.7613169 -2.892548 0.09276655
-4.281989 -2.059558 1.926589 3.236321 0.4303055 1.079299 2.094559 1.515344 2.727432 3.455615 2.434098 2.02871 -0.8481928 -2.795251 0.1899959
-4.287226 -2.242995 1.906552 3.227535 0.2897587 0.74562 1.991269 1.417425 2.327499 3.68357 2.488954 2.101769 -1.039729 -2.713582 0.104574
-4.451341 -2.290381 1.725177 3.152688 0.2895175 0.7028592 2.086438 1.799409 2.755454 3.722048 2.599237 1.689142 -1.019346 -2.90961 0.1659014
-4.342309 -2.221302 1.949803 3.175878 0.4247516 0.6321451 2.094452 1.614175 2.56677 3.682358 2.403353 1.813633 -0.7891508 -2.802999 0.3711325
-4.130233 -2.142819 1.972187 3.204432 0.2283732 0.6539439 2.212076 1.757503 2.650139 3.318354 2.518935 1.942138 -0.8686617 -2.720308 -0.07299445
-4.485814 -2.292647 1.573805 2.839084 0.08999218 0.51949 1.789848 1.329458 2.508989 3.294204 2.203895 1.792522 -1.001308 -3.313005 0.05903105
-4.411484 -2.171407 1.690087 3.012276 0.1204794 0.6774588 1.966981 1.451547 2.584013 3.458026 2.48378 1.70106 -1.05357 -3.137713 0.3405158
-4.169731 -2.125996 1.899008 3.233505 0.4793729 0.8974733 2.095099 1.767437 2.764754 3.506385 2.623709 2.135632 -0.7687852 -2.945652 0.3125379
-4.471427 -2.415486 1.928971 3.308529 0.2465387 0.6642457 2.153164 1.515563 2.37395 3.159076 2.670092 1.939614 -0.9596117 -2.862929 0.1711611
-4.498037 -2.205016 1.904907 3.142462 0.2286928 0.7141111 2.058689 1.597525 2.563214 3.498773 2.517432 1.974004 -0.9873384 -2.863918 0.3171021
-4.47705 -2.559478 1.840652 2.912659 0.06855146 0.5039611 1.926001 1.327474 2.342089 3.184497 2.115896 1.738997 -1.14331 -2.954102 0.03750254
-4.564612 -2.488549 1.914724 3.095257 0.3234013 0.6599004 1.968084 1.390932 2.604821 3.357926 2.313916 1.773213 -1.052406 -2.853727 -0.0767251
-4.55247 -2.35968 1.660058 2.968003 0.1708675 0.741825 1.801005 1.271711 2.395293 3.578648 2.415221 1.896534 -1.167278 -2.856064 0.0818036
-4.705504 -2.595472 1.877369 3.082799 0.3262047 0.7809388 1.939692 1.292856 2.661196 3.633975 2.4094 1.890464 -0.9571296 -3.065027 0.03454038
-4.658661 -2.38834 1.879046 2.953705 0.2706775 0.4919811 1.981236 1.475839 2.553379 3.349813 2.160583 1.930517 -0.9935735 -3.024656 0.1610149
-4.59429 -2.259478 1.884584 3.116657 0.1984934 0.5655112 1.719727 1.586364 2.49423 3.363398 2.431852 1.883575 -0.8731923 -2.972967 0.3444975
-4.236526 -2.640046 1.813116 2.852258 0.1448021 0.5506151 1.854043 1.789925 2.485504 3.286933 2.287362 1.939322 -0.8795346 -3.069678 0.1091351
-4.72042 -2.049246 1.745133 2.940183 0.07865304 0.7901187 2.047094 1.284216 2.512723 3.241245 2.308695 1.977286 -1.075661 -3.024018 0.08908477
-4.786756 -2.294952 1.726622 2.997574 0.07128452 0.5810949 1.712041 1.387364 2.402595 3.212113 2.470782 1.852011 -1.001618 -3.104444 -0.043505
-4.926266 -2.528323 1.565311 2.682863 -0.2970645 0.2459097 1.896571 1.252724 2.226977 3.043715 2.13336 1.70798 -1.260872 -3.132305 -0.204002
-4.992453 -2.706424 1.152974 2.791913 -0.4090355 0.03134344 1.658818 0.918888 1.958189 2.809812 1.990986 1.396818 -1.400986 -3.301748 -0.2167879
-4.990067 -2.77069 1.233624 2.598913 -0.2800192 0.2219848 1.325053 0.7442011 1.836914 2.748359 1.837657 1.367611 -1.525127 -3.357771 -0.4643227
-5.207576 -3.06216 1.119816 2.468343 -0.3828674 -0.04825986 1.125911 0.881692 1.766808 2.840948 1.805242 1.216723 -1.735235 -3.654031 -0.5217243
-5.071626 -2.914476 1.032663 2.447968 -0.5378589 -0.2759807 1.171548 1.072944 1.852698 2.742389 1.753919 1.176696 -1.479399 -3.203938 -0.5816526
-5.388151 -3.362686 0.8313732 2.369804 -0.8043335 -0.1769185 1.081954 0.7829893 1.656511 2.543468 1.458777 1.084864 -1.827119 -3.688764 -0.5549817
-5.364945 -3.275385 1.11568 2.235731 -0.6813977 -0.1123918 1.199598 0.6213525 1.627789 2.662913 1.737674 0.8329563 -1.776486 -3.88901 -0.8266776
-5.617514 -3.381003 1.018293 2.058874 -0.9045387 -0.323641 0.8931041 0.5404844 1.590227 2.183435 1.409078 1.120691 -2.132248 -4.127448 -0.9613631
-5.560834 -3.599942 0.8458641 1.740452 -0.9032946 -0.3583855 0.7371201 0.3797474 1.312008 2.09539 1.476828 0.6101934 -2.076327 -3.955862 -1.056699
-5.559636 -3.53439 0.5779916 1.995284 -1.224894 -0.3768318 0.6950904 0.3759508 1.31892 2.263598 1.184732 0.7207653 -1.88492 -3.73797 -1.009289
-5.654115 -3.395429 0.7771314 2.047076 -0.754996 -0.3987384 1.09873 0.4588097 1.635088 2.403288 1.61431 0.8093438 -1.903803 -3.704493 -0.8266906
-5.570319 -3.299502 0.6029825 2.021984 -0.9407328 -0.1742447 0.862817 0.4132607 1.443321 2.025753 1.313131 0.7598377 -1.997016 -4.069232 -1.016462
-5.623154 -3.285538 0.9106549 1.935201 -0.9159766 -0.2076934 0.8382494 0.583862 1.334299 2.336668 1.278797 0.8951226 -2.169466 -4.050976 -1.09535
-5.460708 -3.790714 0.6572702 1.592973 -0.9456749 -0.5339236 0.6170562 0.143529 1.256164 2.248327 1.322059 0.7780301 -2.179647 -3.821913 -1.254195
-5.689278 -3.844444 0.4572596 1.683472 -1.121197 -0.5805982 0.4710182 0.1926891 1.286785 2.003426 1.077278 0.3930102 -2.50019 -4.495493 -1.139418
-6.032343 -3.896288 0.4092691 1.74526 -1.285613 -0.9285448 0.4163268 0.06449202 1.191398 1.915922 1.163808 0.3530627 -2.29447 -4.370243 -1.254412
-6.088304 -3.800243 0.3472667 1.578635 -1.190507 -0.8279468 0.6922237 0.2922342 1.065796 2.090594 0.8551292 0.3496118 -2.285778 -4.32842 -1.391722
-5.683914 -3.394275 0.7994246 1.769971 -1.100495 -0.3282758 0.7196624 0.4054146 1.08708 1.901674 1.085947 0.6039036 -2.140132 -4.082256 -1.085421
-5.446345 -3.22138 0.7342358 1.944787 -1.076257 -0.3658672 0.6716216 0.4727899 1.488344 2.438599 1.214519 0.9009716 -1.90967 -3.77468 -0.5609558
-5.628704 -3.577367 0.6761251 1.816569 -0.8773984 -0.3223516 0.7123297 0.7489832 1.204491 2.625704 1.193272 0.8209897 -1.967504 -4.22075 -1.010168
-5.66396 -3.392414 0.8938712 2.008988 -0.6482262 -0.5010197 0.842575 0.4964119 1.510031 2.354157 1.406022 0.6597382 -1.872447 -3.803115 -0.6441006
-5.52625 -3.390452 0.8039527 2.171301 -0.784221 -0.4458724 0.7529612 0.4347675 1.586326 2.281655 1.192784 0.9519647 -2.01352 -4.006818 -0.9433868
-5.668063 -3.33692 0.4731805 1.738408 -1.065565 -0.509942 0.8047273 0.3921259 1.466277 2.450912 1.317298 0.8283115 -2.190324 -4.086716 -1.209336
-5.570579 -3.51755 0.7262608 2.093857 -0.6924901 -0.5383968 0.9904255 0.2199321 1.502968 2.333313 1.402219 1.038942 -2.169541 -4.021638 -0.9091917
-5.660055 -3.485208 0.7536286 1.751516 -0.9185053 -0.4026872 0.8354871 0.4447085 1.354524 2.183311 1.227537 0.4956087 -1.961964 -3.95611 -0.86566
-5.523597 -3.545308 0.762764 1.900509 -0.8906914 -0.4067354 0.7800688 0.5315065 1.468931 2.111076 1.270642 0.8913546 -2.284615 -4.032473 -1.025846
-5.45498 -3.347498 0.6038149 1.865535 -0.7922452 -0.5216779 0.8282704 0.120948 1.336301 2.201221 1.05189 0.6652797 -1.900713 -3.955364 -0.9114438
-5.685832 -3.287633 0.6312654 1.710363 -1.100992 -0.4995703 0.9318991 0.347352 1.570376 2.017511 1.241507 0.4506902 -2.01295 -3.960316 -1.216351
-5.789135 -3.519502 0.4033202 1.769417 -1.114623 -0.5476999 0.4887628 -0.05550063 1.031715 2.168421 1.073709 0.6636148 -2.246821 -4.050132 -1.399333
-5.569437 -3.72443 0.5791549 1.792604 -1.038442 -0.6516699 0.6612589 0.4587253 1.063838 1.866375 1.193212 0.5169064 -2.396121 -4.192699 -1.138795
-5.886422 -3.565888 0.3987906 1.7906 -0.9382172 -0.5458893 0.622531 0.01461226 0.9347142 1.868294 1.12411 0.7691766 -2.152634 -4.285451 -1.484526
-5.957527 -3.87913 0.4073721 1.740391 -1.17618 -0.5679055 0.5164235 -0.04885517 1.009199 2.007171 0.9866351 0.5315999 -2.264647 -4.441088 -1.241689
-6.302245 -3.895302 0.1208471 1.45071 -1.333103 -0.9435664 0.3854631 -0.02551969 1.031855 1.785747 0.6461857 0.4935009 -2.750264 -4.648492 -1.310278
-6.152629 -4.010907 0.2720921 1.328422 -1.28279 -1.115573 0.3078479 -0.2252982 0.7229375 1.735094 0.7697016 0.3130534 -2.691087 -4.434136 -1.567813
-6.340937 -4.165993 0.09097126 1.237432 -1.383225 -1.135762 0.2489464 -0.1686477 0.5910064 1.427846 0.4040563 -0.004872724 -2.612531 -4.720636 -1.557679
-6.149768 -4.28831 0.1254645 0.9723185 -1.550802 -1.349279 0.140787 -0.3372172 0.4926786 1.284152 0.2738742 -0.2965566 -2.851658 -5.037182 -1.867848
-6.515542 -4.652955 -0.2468488 0.9658235 -1.976286 -1.442208 -0.09490819 -0.5127186 0.2574429 1.312327 0.2674293 -0.3185498 -3.230729 -4.984511 -1.760962
-6.61337 -4.590379 -0.3423395 0.8907392 -1.98999 -1.562401 -0.190198 -0.8049467 0.4015734 1.219012 -0.04000369 -0.4758805 -3.122256 -5.301067 -2.200586
-6.805784 -4.692459 -0.2388139 0.7670213 -2.017562 -1.591212 -0.4024749 -0.9135634 0.1891198 0.9698509 -0.07567827 -0.354985 -3.27375 -4.85661 -2.144072
-6.955927 -4.531747 -0.6276958 0.5684977 -1.947435 -1.897712 -0.4848851 -0.4680975 0.216469 0.9394914 -0.167463 -0.4698764 -3.398806 -5.319584 -2.366984
-6.793735 -4.876758 -0.6669917 0.6939957 -2.132117 -1.60123 -0.3801545 -0.9105441 0.2331102 1.129646 -0.0203659 -0.5463914 -3.495905 -5.425971 -2.511045
-7.117121 -4.902979 -0.6240632 0.4291895 -2.44204 -2.022378 -0.8000587 -1.282307 -0.3462423 0.8563275 -0.1965852 -0.7291895 -3.639294 -5.740393 -2.583057
-7.298956 -5.194226 -0.823642 0.2943107 -2.576458 -2.089412 -0.8112894 -1.167838 -0.2779133 0.5210783 -0.1997545 -0.989211 -3.741557 -5.600524 -2.706646
-7.19285 -4.840454 -0.9397583 0.2930505 -2.44892 -1.8923 -0.7299074 -1.207394 -0.1879716 0.7056682 -0.2003335 -0.8768395 -3.621622 -5.778198 -2.67552
-6.745929 -4.81365 -0.5229326 0.5254869 -2.446072 -1.985645 -0.5720676 -0.9788435 -0.203278 0.6644914 -0.3489847 -0.7870338 -3.56069 -5.456625 -2.236402
-7.280914 -5.239977 -0.8694516 0.5435109 -2.437597 -2.068255 -0.9843628 -1.206392 -0.2329006 0.9526792 -0.2948033 -0.7657216 -3.525529 -5.731662 -2.693447
-7.437204 -5.115096 -0.9844401 0.1420743 -2.65305 -2.306298 -0.6727766 -1.503812 -0.3759631 0.4844171 -0.5128378 -0.8955124 -3.833338 -5.916549 -2.674272
-7.434279 -4.97154 -0.9995997 0.3436117 -2.466091 -2.157043 -0.8072459 -1.263633 -0.1092931 0.4015047 -0.5542893 -1.009123 -3.650641 -5.54361 -2.662773
-7.396653 -5.260368 -0.8855333 0.3818848 -2.562224 -2.231492 -1.100449 -1.206806 -0.2796011 0.5540132 -0.291478 -0.9423608 -3.712694 -5.77793 -2.589088
-7.307974 -5.22224 -0.848901 0.4495757 -2.578439 -2.17887 -1.086601 -1.461313 0.07740773 0.6397791 -0.4191702 -0.9842046 -3.787595 -5.721489 -2.646659
-7.247901 -5.119689 -0.7890745 -0.005457213 -2.62411 -2.029107 -0.6146862 -1.56237 -0.5115571 0.5367364 -0.1283178 -0.8475676 -3.831821 -5.667689 -2.565952
-7.09998 -5.166655 -0.9206657 0.2732608 -2.578906 -2.198946 -0.7125055 -1.341442 -0.3398024 0.6798982 -0.4109984 -0.7630717 -3.932929 -5.360383 -2.691837
-7.419312 -5.153603 -1.111781 0.1268371 -2.759634 -2.120107 -0.8898953 -1.461416 -0.4828333 0.5051817 -0.5147361 -0.9600031 -3.707353 -5.687416 -2.75335
-7.279157 -4.869098 -1.000378 0.01824141 -2.566779 -2.152989 -0.8932219 -1.351705 -0.02520183 0.5090382 -0.4385362 -1.107394 -3.849623 -5.664757 -2.896969
-7.075707 -4.992785 -0.8415375 0.5191466 -2.524149 -1.932084 -0.5947753 -1.26626 -0.4154863 0.7496826 -0.4635677 -0.8395283 -3.841024 -5.685927 -2.538031
-6.933795 -5.018317 -0.7342413 0.3229955 -2.573386 -1.913511 -0.3926468 -1.133983 -0.02898276 0.9981759 -0.3456642 -0.689093 -3.628759 -5.578487 -2.389705
-7.154556 -4.952009 -0.8425844 0.436869 -2.285707 -1.908174 -0.5700332 -1.347146 -0.2920171 0.723092 -0.3117627 -0.7824009 -3.396778 -5.515158 -2.452285
-6.87807 -4.766232 -0.5438211 0.6927152 -2.049828 -1.859467 -0.1147591 -0.6869169 -0.02671197 0.918018 0.1088747 -0.4419906 -3.333361 -5.290478 -2.228522
-6.795976 -4.511255 -0.3150332 0.7989718 -2.048314 -1.559323 -0.2177087 -0.9692198 0.1259342 0.8469372 0.07188067 -0.3969528 -3.265014 -5.235222 -2.10518
-6.789422 -4.605753 -0.8212091 0.8293675 -1.995245 -1.737949 -0.562829 -0.9705335 0.1124181 1.094122 0.1416681 -0.4420292 -3.39442 -5.173308 -2.066391
-6.848724 -4.627614 -0.4480958 0.750518 -2.036412 -1.809812 -0.265741 -0.8793064 0.2608057 1.14523 0.04265278 -0.5819871 -3.210929 -5.279421 -2.292128
-6.585054 -4.544497 -0.6028982 0.792216 -2.22124 -1.6084 -0.3035451 -0.7232687 0.2474506 0.9954427 0.1243083 -0.6351335 -3.197743 -5.246592 -2.119042
-6.980734 -4.497544 -0.5127021 0.8689751 -2.206608 -1.895761 -0.1920188 -0.8304114 0.1752874 1.071659 0.048294 -0.5611225 -3.419244 -5.094637 -2.508912
-6.828702 -4.699131 -0.6119121 0.7368244 -2.145849 -1.590159 -0.1581314 -0.8040218 0.3085023 1.072984 0.1180959 -0.4583302 -3.24743 -5.411364 -2.243043
-6.656495 -4.505199 -0.4343575 0.8364667 -1.932896 -1.597413 -0.2085433 -0.6352927 0.1717007 1.36182 0.1509199 -0.2409392 -3.164299 -4.904352 -2.050514
-6.75303 -4.510352 -0.4983151 0.6816446 -2.124233 -1.696247 -0.3686092 -0.8668739 0.3700092 1.125401 0.1090941 -0.2756612 -3.266293 -5.255715 -2.182854
-6.821722 -4.395394 -0.329572 1.079929 -2.076186 -1.74433 -0.3245365 -0.9626002 0.1403983 1.026592 0.2030904 -0.4846993 -3.335052 -5.231611 -2.073476
-6.789469 -4.498609 -0.317381 0.930841 -1.902451 -1.622491 -0.3749432 -0.6421651 0.2864283 1.112756 0.3563277 -0.4293134 -3.303055 -5.272649 -2.249823
-6.526453 -4.48067 -0.1723502 1.011954 -2.140803 -1.429638 0.06863645 -0.4411447 0.2965962 1.414562 0.4570299 -0.3548795 -2.972387 -4.89976 -2.006608
-6.68311 -4.512602 -0.4584461 0.9529713 -1.846949 -1.675599 -0.2910437 -1.006934 0.2081375 1.143717 0.2241411 -0.2160073 -2.95196 -5.390239 -2.299273
-7.086896 -4.786517 -0.5204998 0.5662541 -2.274346 -1.592819 -0.3426394 -0.9072758 -0.1348271 0.8333437 0.1272041 -0.7100067 -3.354414 -5.399441 -2.279836
-6.992765 -4.566667 -0.432916 0.7028773 -2.153234 -1.828071 -0.5012249 -0.9927276 -0.003280393 0.9144881 -0.08998401 -0.7397233 -3.540864 -5.246706 -2.495842
-6.701197 -4.600731 -0.5266601 0.3957023 -2.268275 -1.653716 -0.5636956 -0.9918428 0.07279729 1.289366 0.01204996 -0.5600419 -3.412398 -5.298432 -2.133962
-7.027382 -4.626468 -0.432142 0.7095692 -1.891518 -1.749553 -0.3070707 -0.8130774 0.1192775 1.050955 0.2358177 -0.4692281 -3.314432 -5.180121 -2.114788
-6.900907 -4.573295 -0.4806001 1.010809 -2.142883 -1.730076 -0.4207477 -0.6862993 0.2880173 1.270135 0.2557629 -0.107416 -3.252795 -5.265383 -2.119798
-6.955368 -4.470767 -0.315928 0.7887308 -2.137966 -1.72949 -0.3077892 -1.004117 0.1358875 1.104717 0.02691496 -0.5045476 -3.496645 -4.979541 -2.279206
-6.970895 -4.727245 -0.3682504 0.6007277 -2.203734 -1.947953 -0.4452897 -0.6539063 -0.04166141 0.9983539 0.1619193 -0.5487044 -3.31231 -5.176461 -2.094235
-7.018192 -4.675608 -0.6339312 0.4650659 -2.239408 -1.911779 -0.5408205 -0.8582945 -0.1919504 0.8279149 -0.2776798 -0.7043702 -3.380186 -5.562225 -2.335395
-7.148188 -4.856541 -0.838784 0.6955301 -2.395629 -1.977176 -0.6199248 -1.055612 0.04436863 0.7891877 -0.1517058 -0.685395 -3.405532 -5.521817 -2.363998
-7.217272 -4.984017 -0.8281115 0.4762062 -2.568495 -1.938624 -0.8339129 -1.051029 -0.06083039 0.6422389 -0.2965057 -0.7564762 -3.553264 -5.405404 -2.793382
-7.387378 -5.007391 -0.813464 0.4464586 -2.469888 -1.996752 -0.6569941 -1.25804 -0.2657434 0.6386017 -0.3347563 -0.8337179 -3.563646 -5.704035 -2.529905
-7.321499 -4.921697 -0.876343 0.4063744 -2.54019 -1.859051 -0.773957 -0.9779584 -0.3497142 0.7089973 -0.2252287 -0.7333567 -3.609047 -5.634163 -2.263485
-7.214806 -4.670053 -0.5826196 0.4749266 -2.401084 -1.970533 -0.5307331 -0.9571012 -0.08570181 0.77318 -0.1693143 -0.8437377 -3.624932 -5.623448 -2.443999
-7.420279 -5.142118 -1.075252 0.3674345 -2.488204 -2.042571 -0.8617915 -1.042813 -0.339801 0.6688988 -0.3347472 -0.6684865 -3.644763 -5.633134 -2.571537
-7.036978 -5.083613 -0.7324934 0.3013855 -2.266598 -1.969073 -0.6497707 -1.110527 -0.1980691 0.7858119 -0.3631017 -0.7908014 -3.504484 -5.657166 -2.704008
-7.00193 -4.931846 -0.8571948 0.3494777 -2.133953 -1.975553 -0.5109563 -1.024611 0.07105371 0.8970379 -0.1908733 -0.621976 -3.529045 -5.450098 -2.273463
-6.941012 -4.57602 -0.7836438 0.5774962 -2.256521 -1.91596 -0.3335615 -1.010218 0.02532812 1.104216 -0.05909865 -0.8575848 -3.431642 -5.216732 -2.505936
-6.93735 -4.758894 -0.5155539 0.670787 -1.985577 -1.749005 -0.3962402 -0.8729731 0.1101914 1.173694 0.1265274 -0.5882883 -3.316114 -5.447613 -2.167384
-6.914302 -4.717351 -0.8249364 0.7374612 -2.050027 -1.817787 -0.3728629 -1.10584 0.1579246 0.9814578 -0.187219 -0.497462 -3.553709 -5.438395 -2.433195
-6.9939 -4.823303 -0.9182606 0.5922025 -2.242916 -1.84972 -0.4321842 -1.021356 -0.1230077 0.8998943 -0.04096644 -0.6348783 -3.317014 -5.280544 -2.423479
-7.103095 -4.633207 -0.6109902 0.424509 -2.042976 -1.791935 -0.374977 -0.8358455 0.2668253 0.8371482 -0.2217085 -0.4253847 -3.456411 -5.213392 -2.391895
-7.018838 -4.677522 -0.5387054 0.6372488 -2.198906 -1.820878 -0.6470857 -0.9858902 0.1893974 0.8982695 -0.2395163 -0.6403124 -3.406013 -5.166979 -2.226898
-6.625079 -4.46066 -0.4114541 1.009531 -1.96929 -1.351199 -0.06348915 -0.6373884 0.3524478 1.253998 -0.01885267 -0.3121435 -3.227518 -4.947748 -1.85332
-6.703109 -4.713155 -0.3364169 0.810044 -2.034101 -1.595466 -0.2403721 -0.8085232 0.5174265 1.004216 0.09327711 -0.4591462 -3.214315 -5.478943 -1.995208
-6.858303 -4.613018 -0.6231505 0.5348178 -2.094678 -1.98513 -0.4625549 -1.033489 0.1381479 0.8675649 0.1039612 -0.5766827 -3.33175 -5.283774 -2.272542
-7.24 -5.038455 -0.86638 0.3958485 -2.253915 -1.942062 -0.7601719 -1.212449 -0.107184 0.8782961 -0.2841352 -0.8888638 -3.806673 -5.641368 -2.526383
-7.152852 -4.896086 -0.9477766 0.4903914 -2.491043 -1.96406 -0.8006995 -1.038729 -0.2578415 0.5602937 -0.406976 -0.8850139 -3.646449 -5.802365 -2.703773
-7.281184 -5.251218 -0.9495552 0.4341072 -2.566102 -2.131229 -0.9075172 -1.218219 -0.4931312 0.8228318 -0.3063899 -0.8945798 -3.658492 -5.818201 -2.571075
-7.440785 -4.946029 -0.7229854 0.7546886 -2.392796 -2.080692 -0.6454515 -1.137927 -0.3030768 0.5221571 -0.24043 -0.5341219 -3.53846 -5.377114 -2.46158
-7.098824 -5.082892 -0.9175947 0.2883096 -2.38371 -1.943698 -0.7248613 -1.025457 -0.2543228 0.8250002 -0.06883717 -0.6959212 -3.565866 -5.549607 -2.37856
-7.514469 -5.150503 -0.9549819 0.4125459 -2.476231 -2.167701 -0.8312118 -1.286602 -0.3920267 0.7683003 -0.2698331 -0.916162 -4.011542 -5.927744 -2.805186
-7.546231 -5.505993 -0.9367503 0.1691335 -2.768222 -2.194948 -1.088022 -1.602474 -0.2546356 0.431185 -0.7085008 -1.223116 -3.767019 -5.988579 -2.732363
-7.367447 -5.261833 -1.026941 0.2940965 -2.62476 -2.125747 -0.6095272 -1.293155 -0.4516223 0.6156198 -0.2201905 -0.8120771 -3.77434 -5.898066 -2.569766
-7.301349 -5.134422 -0.7756202 0.227437 -2.737195 -2.067125 -1.037683 -1.323979 -0.3735131 0.469322 -0.2335501 -1.022298 -3.703771 -5.714213 -2.667582
-7.477722 -5.317228 -0.933478 -0.1208685 -2.728029 -2.228548 -0.9675095 -1.386117 -0.3713637 0.607295 -0.5897359 -0.9963163 -3.758033 -5.630988 -2.559358
-7.155499 -5.055505 -0.9577036 0.4977708 -2.43792 -2.094225 -0.6133134 -1.299456 -0.1973305 0.6768899 -0.3708114 -0.8988343 -3.670148 -5.32765 -2.531024
-7.238049 -4.998805 -0.8281789 0.5037253 -2.529856 -1.965814 -0.7845908 -1.268103 -0.1323244 0.9053939 -0.4166661 -0.6431937 -3.577492 -5.394873 -2.377442
-6.779598 -4.933222 -0.5292411 0.6042332 -2.144802 -1.820339 -0.48857 -1.067869 0.0750243 1.095252 0.0236694 -0.5637719 -3.43831 -5.234448 -2.258936
-6.993938 -4.674133 -0.3735533 0.6147529 -2.25654 -1.668726 -0.4768091 -0.7478342 0.2197543 1.17035 0.09236821 -0.4477091 -3.147494 -5.101473 -2.352944
-6.922007 -4.48789 -0.5914144 0.8465653 -2.360482 -1.535519 -0.2012465 -0.7398901 0.217874 1.180884 -0.01061059 -0.4514369 -3.376055 -5.562347 -2.094631
-7.016651 -4.622879 -0.3397561 0.8182089 -1.905408 -1.717759 -0.3663018 -0.9839021 0.1961645 1.219945 0.3115936 -0.3368994 -3.419397 -5.185859 -2.001134
-6.571035 -4.69503 -0.5294913 0.8855119 -2.241976 -1.748237 -0.3841468 -0.8061144 0.1109694 1.099484 0.264307 -0.6339866 -3.280119 -5.165635 -1.812386
-6.934965 -4.565519 -0.5148674 0.6535649 -2.194458 -1.690067 -0.4467958 -0.7966101 0.0752719 1.100147 -0.1870684 -0.4240967 -3.383854 -5.112262 -2.24325
-6.941678 -4.832034 -0.6320574 0.5214206 -2.041094 -1.795809 -0.5289581 -1.066497 0.01562534 1.020304 0.1176494 -0.4111857 -3.380371 -4.9577 -2.075297
-6.837787 -4.7602 -0.7089859 0.9158415 -2.125496 -1.703001 -0.3348598 -0.9068409 -0.05598066 1.157396 0.3725678 -0.4718846 -3.264118 -5.218461 -2.179322
-6.868687 -4.503162 -0.5431072 1.057148 -1.955877 -1.760895 -0.0346131 -0.6604153 0.3804973 1.147257 0.2227352 -0.2043948 -3.011666 -5.266744 -1.844767
-6.411316 -4.30931 -0.2068602 1.090592 -1.763268 -1.294082 -0.04308055 -0.5338734 0.7737461 1.083038 0.1919968 -0.3097888 -3.017851 -4.812193 -1.966088
-6.423093 -4.114848 0.205011 1.295472 -1.622571 -0.9631649 0.2066829 -0.2955921 0.7326864 1.747359 0.4518748 0.09700481 -2.744577 -4.676821 -1.711416
-6.367921 -4.350049 -0.101726 1.373262 -1.76248 -1.008368 0.04761666 -0.2168728 0.622416 1.464365 0.66588 0.3213301 -2.836847 -4.753584 -1.525518
-6.034499 -4.257793 -0.1236149 1.019781 -1.656441 -1.161441 0.231612 -0.198494 0.5993232 1.576326 0.5418991 0.02911365 -2.870897 -4.70505 -1.660278
-6.076753 -3.766206 0.04371697 1.451341 -1.545705 -0.9993284 0.181081 -0.156256 0.7273609 1.80119 0.5525856 0.06337701 -2.771397 -4.496061 -1.740449
-6.129962 -4.205789 0.1585136 1.455434 -1.633026 -1.064585 0.2052989 -0.2453606 0.8532317 1.586052 0.5806376 0.1124547 -2.746798 -4.605872 -1.62487
-6.141109 -4.192381 0.03551095 1.361187 -1.55585 -1.17024 0.2521276 -0.3028179 0.6328838 1.385014 0.5074558 0.204862 -2.853646 -4.726784 -1.745607
-6.168283 -3.948261 -0.04806946 1.219574 -1.578898 -1.115973 0.09845216 -0.2527903 0.6690127 1.52105 0.5262332 0.1784979 -2.725213 -4.726246 -1.526033
-6.564646 -4.570849 -0.4026323 0.8504108 -1.822414 -1.503384 0.06092545 -0.6755594 0.3379735 1.34901 0.07960432 -0.4053626 -3.227456 -4.809165 -1.961762
-6.602276 -4.528472 -0.2136142 1.136285 -1.731998 -1.542312 -0.2639558 -0.8314004 0.3659187 1.285978 0.2840969 0.0004432008 -3.092479 -5.071746 -1.997181
-6.241675 -4.051834 0.1337075 1.275103 -1.562372 -1.073278 0.02297446 -0.3572441 0.5339859 1.733482 0.5283376 0.2090882 -2.793017 -4.788719 -1.346577
-6.211947 -4.098178 0.04798774 1.420346 -1.540859 -0.9857458 0.3466512 -0.1990899 0.769494 1.759513 0.5746255 0.3444507 -2.813713 -4.784737 -1.624456
-6.110943 -3.994114 0.1252425 1.373661 -1.500445 -0.8257033 0.2697738 -0.2868688 0.8197539 1.716953 0.7213245 0.3990824 -2.502694 -4.635277 -1.472609
-6.366201 -3.998285 -0.03415513 1.258999 -1.588685 -1.091037 0.009526795 -0.3765816 0.5687242 1.427553 0.4440249 0.04986236 -2.888137 -4.841457 -1.809309
-6.378242 -4.130724 -0.1427107 1.18213 -1.691716 -1.249884 -0.3188843 -0.5997919 0.4430556 1.45622 0.403201 -0.1272285 -2.991035 -4.813542 -1.948022
-6.451305 -4.366054 -0.261327 1.2466 -2.03772 -1.492016 -0.2394042 -0.5959753 0.518297 1.320607 0.523534 -0.1648337 -2.975967 -4.893159 -2.222152
-6.432059 -4.099682 -0.1352478 1.165006 -1.894994 -1.062286 -0.03779824 -0.2856119 0.4095756 1.482503 0.50981 0.06719553 -2.910995 -4.839051 -1.855454
-6.293916 -4.092888 0.04417932 1.085309 -1.447319 -1.18101 0.4140445 -0.3609956 0.490928 1.706983 0.54594 0.1673459 -3.028949 -4.835338 -1.710527
-5.981391 -3.950464 0.138003 1.503892 -1.129699 -0.7704787 0.4420992 -0.3062552 0.8983327 1.748806 0.5894492 0.2870914 -2.519689 -4.418145 -1.364637
-6.137885 -3.978732 0.1609107 1.719089 -1.21445 -0.982098 0.304445 0.05657868 0.6765474 1.693372 0.8757999 0.4198882 -2.512369 -4.480571 -1.31158
-6.17185 -4.169695 -0.07272796 1.273184 -1.301506 -0.9397826 0.2811248 -0.3015727 0.9106039 1.715314 0.5838747 0.1832195 -2.656423 -4.722342 -1.895166
-6.110565 -3.759432 0.3596391 1.258075 -1.1771 -0.8785738 0.2508523 -0.2165995 0.7105491 1.953911 0.9270911 0.4734112 -2.505637 -4.533616 -1.51359
-6.259733 -3.738235 0.0109508 1.182928 -1.598833 -1.089741 0.3420127 -0.263053 0.690311 1.340346 0.8766468 0.1412662 -2.842664 -4.735784 -1.727847
-6.09081 -3.852997 0.2072862 1.483731 -1.439201 -0.9326131 0.135145 -0.1217252 0.9215467 1.717875 0.8325706 0.1928755 -2.494774 -4.491727 -1.411812
-6.143025 -3.875207 0.2794133 1.243369 -1.3267 -0.9595851 0.4527936 -0.08646538 0.8681103 1.728422 0.7399017 0.3445919 -2.767748 -4.710693 -1.370136
-5.890729 -3.812662 0.3123157 1.549397 -1.376214 -0.8402601 0.4282541 0.009154899 0.7288368 1.804557 0.7916807 0.03117991 -2.601216 -4.466312 -1.350591
-5.911086 -3.829397 0.4998456 1.711104 -1.209136 -0.9098649 0.1961936 0.0947052 1.03372 1.926255 0.8506701 0.5042301 -2.464403 -4.477894 -1.484357
-6.134203 -3.940028 0.413765 1.411241 -1.342002 -0.7689164 0.4596601 -0.08573533 0.8477488 1.899777 0.9850378 0.4868858 -2.519587 -4.33674 -1.371697
-5.899172 -3.764381 0.4112833 1.480933 -1.40718 -0.8508566 0.55878 0.1834929 0.7813541 1.876996 0.7434104 0.4645623 -2.553569 -4.445883 -1.345534
-6.231308 -4.014172 -0.04681388 1.382247 -1.493162 -1.03859 0.4980418 -0.1345161 1.040355 1.611631 0.7165667 0.2802397 -2.734506 -4.492969 -1.46854
-6.224246 -3.977665 -0.04563549 1.387073 -1.488801 -1.150969 0.1232977 -0.003226957 0.5724428 1.495744 0.6179021 0.06657278 -2.612019 -4.66623 -1.475444
-6.197485 -3.931567 -0.09219888 1.408399 -1.538632 -1.093377 0.2508788 -0.1851565 0.6542592 1.591363 0.6667504 0.279646 -2.689775 -4.797022 -1.637348
-6.076473 -4.037475 0.325242 1.583239 -1.430662 -0.8464417 0.4298355 -0.1360637 0.7387693 1.728138 0.7624525 0.1754722 -2.493888 -4.549683 -1.548835
-6.292295 -4.195418 -0.05550889 1.202019 -1.550407 -0.8382675 -0.0558127 -0.2809765 0.5729258 1.515946 0.7940931 0.1752104 -2.613976 -4.533825 -1.735821
-6.266391 -3.953306 0.02875592 1.359724 -1.402993 -1.103048 0.1487043 -0.2654332 0.827549 1.706708 0.5994629 0.002323691 -2.895092 -4.681341 -1.671612
-6.237193 -4.023696 0.2252987 1.461375 -1.321487 -1.104376 0.3173149 -0.3027501 0.7919433 1.824675 0.8282191 0.2574332 -2.571571 -4.321583 -1.585606
-6.057396 -3.782643 0.1624764 1.370562 -1.122183 -0.8739768 0.538741 0.127036 1.183539 2.047823 0.7877356 0.301988 -2.364366 -4.448582 -1.237387
-6.272069 -3.985334 0.3387247 1.641141 -1.214462 -0.7335895 0.6022759 0.02778985 0.9114784 1.882547 0.6076715 0.2486556 -2.648783 -4.54213 -1.566497
-5.836137 -3.843233 0.3022658 1.49566 -1.460356 -0.6846432 0.6071834 0.1246035 1.12633 1.867278 1.051657 0.449059 -2.348567 -4.316721 -1.354123
-5.877187 -3.738357 0.6443077 1.818002 -1.18392 -0.5915974 0.691154 0.1366951 1.317294 2.00127 0.8966135 0.6315829 -2.204708 -3.987857 -1.083916
-5.742426 -3.422598 0.5571762 1.825551 -1.023946 -0.7539448 0.7365956 0.04067736 1.288919 2.071175 0.790688 0.6516878 -2.271731 -4.216605 -1.241438
-5.72991 -3.388925 0.4553401 1.751513 -1.105664 -0.6207201 0.8857791 0.2734304 1.175501 2.104732 0.9141936 0.8296094 -2.394107 -4.351465 -1.028041
-5.671805 -3.430823 0.7944068 1.886042 -0.8428566 -0.5360355 0.7229965 0.3570978 1.42492 2.196745 1.172343 0.8327423 -2.324577 -3.985285 -1.198272
-5.743504 -3.689986 0.3720211 1.951856 -0.9517688 -0.7524951 0.7906084 0.1362156 1.263591 1.911578 1.101012 0.4662345 -2.067958 -4.148873 -1.165251
-5.777653 -3.808661 0.4927765 1.692825 -1.104478 -0.5941061 0.4682716 0.4781901 1.213654 2.057209 0.9715453 0.6571403 -2.201041 -4.228806 -1.176669
-6.062075 -3.919994 0.2701889 1.46017 -1.361251 -0.8965856 0.4536517 0.05275499 0.7736037 2.075235 0.9367444 0.1385087 -2.651622 -4.548891 -1.321103
-6.197746 -3.947796 0.1098824 1.500733 -1.543847 -0.8741117 0.4131559 -0.1717838 0.8616055 1.971991 0.5310791 0.2689511 -2.7203 -4.490803 -1.455765
-6.068308 -4.056998 0.1826557 1.462976 -1.472116 -0.8207591 0.2899227 -0.04911248 0.9705599 1.896533 0.8579235 0.3258351 -2.796744 -4.50409 -1.583266
-6.090787 -3.981608 0.167745 1.473542 -1.240231 -1.048357 0.353937 -0.1729746 1.034541 1.937211 0.8328922 0.2302677 -2.572298 -4.60529 -1.58148
-6.32645 -4.080319 -0.04205037 1.306695 -1.648627 -1.303205 0.1499155 -0.5344248 0.6902847 1.546937 0.7337236 0.1050021 -2.84497 -4.563529 -1.659345
-6.387012 -4.14175 -0.1274076 1.085145 -1.800146 -1.337214 0.2010297 -0.209611 0.5742814 1.508311 0.4755222 -0.1306302 -2.795547 -5.013249 -1.86828
-6.464758 -4.291575 0.08511667 1.289232 -1.648378 -1.283398 0.1492206 -0.2409996 0.6716911 1.471672 0.4830025 0.3405463 -2.791596 -4.668683 -1.494843
-6.011616 -3.523538 0.3283668 1.243516 -1.25852 -0.7747331 0.2799409 -0.09255716 1.004971 1.720144 0.8613186 0.4475215 -2.435373 -4.403576 -1.422257
-5.793895 -4.216266 0.3275228 1.634363 -1.039039 -1.133567 0.4846834 -0.03612338 0.758461 1.918968 0.6226555 0.1696044 -2.645799 -4.641192 -1.52352
-5.930094 -3.766993 0.4293835 1.668843 -1.267955 -0.8541938 0.4169538 0.02680295 1.165711 2.022665 0.7206436 0.2625714 -2.637734 -4.465273 -1.569548
-5.920787 -3.918031 0.4637221 1.503357 -1.022534 -0.7133596 0.2962988 -0.05214044 0.9717841 1.928864 0.8227363 0.5141154 -2.393391 -4.376746 -1.297987
-5.714267 -3.65214 0.839114 1.776381 -1.053936 -0.2416296 0.639734 0.3667986 1.32742 2.147608 1.326263 0.5449712 -2.081714 -4.021172 -1.057371
-5.959304 -3.678732 0.5115761 1.868185 -0.9538405 -0.6016915 0.6496389 0.3674822 1.266797 2.214783 1.117816 0.5109253 -2.360059 -4.099935 -1.049577
-5.720326 -3.465886 0.4157645 1.620421 -1.265495 -0.6999541 0.7302656 0.1033966 0.9437993 1.888147 1.416332 0.554632 -2.312199 -4.500867 -1.183019
-5.862008 -3.778438 0.5299285 1.708951 -1.254736 -0.8497116 0.693828 0.08333171 1.248808 2.054785 0.9616199 0.484765 -2.373386 -4.221268 -1.151787
-5.832346 -3.82586 0.6588564 1.851889 -1.080364 -0.7223981 0.811978 0.3790982 1.252725 2.252282 1.115515 0.5356667 -2.306015 -4.072154 -1.124784
-5.856698 -3.62611 0.4718661 1.912934 -1.073108 -0.8307478 0.3038439 -0.01986853 1.061933 2.041648 1.116841 0.2424657 -2.369439 -4.233871 -1.201899
-5.823244 -3.547502 0.7155289 1.826261 -1.10531 -0.6392289 0.7539416 0.2804654 1.169302 2.190133 1.234617 0.7326937 -2.22458 -4.190934 -1.102376
-5.784546 -3.414448 0.5606338 1.995062 -1.012158 -0.6104837 0.7232994 0.1484963 1.291799 2.134211 1.108417 0.5800958 -2.164932 -4.161084 -0.8298154
-5.64954 -3.560585 0.6844726 1.902383 -1.059692 -0.2305304 0.7729168 0.3740086 1.408221 2.379043 1.134975 0.8627515 -1.940285 -3.950011 -0.9403165
-5.692252 -3.320895 0.9105314 2.153175 -0.8777896 -0.3662855 0.8756924 0.613441 1.565381 2.301698 1.442826 0.934516 -1.725252 -3.934715 -0.445607
-5.668223 -3.295308 0.904457 2.033475 -0.784465 -0.2571428 1.041243 0.4304587 1.385095 2.506842 1.316132 0.6666728 -2.003705 -3.735719 -0.7212808
-5.391512 -3.221663 0.9387773 2.131125 -0.8024497 -0.346726 0.9625311 0.427942 1.487826 2.321118 1.484095 0.8354495 -2.071207 -3.830117 -0.8964629
-5.298579 -3.467451 0.8068697 1.91354 -0.8357583 -0.3920317 0.8014911 0.4095433 1.5615 2.670377 1.56098 0.5508295 -2.113571 -4.176934 -0.8657775
-5.322714 -3.154521 1.017752 2.313409 -0.3318543 -0.05228242 1.436499 0.716628 1.948945 2.750081 1.751485 1.277048 -1.709827 -3.548226 -0.3003678
-4.745608 -2.749805 1.595505 2.473114 -0.3273664 0.1564587 1.376019 1.036619 1.95265 2.715696 1.96314 1.565822 -1.34152 -3.601083 -0.3359721
-5.132721 -2.914983 1.319398 2.323602 -0.5168435 -0.0176752 1.380606 0.9192228 1.801672 2.790475 1.670248 1.17193 -1.574702 -3.615168 -0.5779246
-5.265237 -3.25727 1.200853 2.600977 -0.3132823 0.04195952 1.294553 0.9795914 1.960006 2.805155 1.662799 1.315321 -1.638088 -3.437786 -0.4815464
-4.985276 -2.998198 1.00961 2.384211 -0.3057442 -0.1697158 1.708332 0.9008789 2.094839 2.782232 1.680309 1.224873 -1.726444 -3.509594 -0.5127144
-5.43695 -3.302063 0.9766947 2.306202 -0.5153684 -0.06568182 1.351502 0.6824808 1.603335 2.528553 1.540925 1.049486 -1.839739 -3.728926 -0.9028531
-5.154616 -3.078059 1.003942 2.221759 -0.4414779 -0.2316572 1.417562 0.7385572 1.596405 2.936419 1.681154 1.051629 -1.519831 -3.635006 -0.7297185
-5.314508 -2.944586 1.184258 2.021433 -0.6824133 -0.2999399 1.179058 0.6016177 1.82231 2.434948 1.683208 1.108744 -1.687769 -3.572356 -0.5690492
-5.423325 -3.114066 0.7703382 2.026 -0.4618366 -0.4323524 1.331554 0.5815574 1.303887 2.440035 1.323363 1.139726 -1.979798 -3.891665 -0.7346737
-5.08619 -3.001158 1.218211 2.531035 -0.6166973 0.1545481 1.190705 0.8689534 1.566351 2.597916 1.632017 1.085301 -1.711893 -3.590937 -0.6374022
-5.21028 -2.883168 0.9689877 2.129858 -0.6733612 -0.1152602 1.332421 0.7737882 1.727545 2.589962 1.51202 1.018917 -1.661169 -3.662872 -0.9173605
-5.466414 -2.872186 1.212038 2.229692 -0.5345925 0.0205879 1.277987 0.7777241 1.665092 2.602091 1.395449 1.162215 -1.875415 -3.771627 -0.5533201
-5.258375 -3.130798 0.8074736 2.205549 -0.6421014 -0.3166895 1.030285 0.5477281 1.751504 2.394655 1.809595 0.926892 -1.936545 -3.592972 -0.780877
-5.579694 -3.408727 0.7205857 2.024199 -0.9383544 -0.4367295 1.016596 0.7190863 1.378524 2.519512 1.466028 0.6332451 -2.053646 -3.905501 -0.9437622
-5.665794 -3.624417 0.7790757 1.932295 -0.6987309 -0.3651071 1.000675 0.5451455 1.340062 2.302963 1.473794 0.7218184 -1.940414 -3.983822 -0.9784803
-5.690018 -3.468546 0.7496556 2.110577 -0.6566856 -0.4330282 0.9261173 0.2777006 1.362705 2.318741 1.444264 0.80164 -2.14744 -4.213302 -0.9574265
-5.408376 -3.343321 1.04291 2.077505 -0.6751424 -0.1225045 1.15197 0.4293304 1.443606 2.464966 1.300377 0.8662708 -2.097224 -3.984438 -0.841617
-5.656931 -3.266822 0.7457954 2.227978 -0.8264157 -0.307013 0.8500327 0.3846708 1.342226 2.398671 1.362223 0.6088975 -1.905762 -4.034617 -1.15192
-5.903872 -3.495758 0.5906335 1.771819 -1.023842 -0.4814946 0.9251935 0.4280983 1.242992 2.204377 1.122358 0.7961969 -2.246869 -4.183879 -1.057807
-5.635904 -3.456448 0.543415 1.689784 -1.147441 -0.4838196 0.813448 0.3051987 0.9955759 2.316564 1.054317 0.5306351 -2.147584 -4.401627 -1.137299
-5.894574 -3.697971 0.3540064 1.652102 -1.10347 -0.7881434 0.5930412 0.3916782 1.180521 2.066041 0.9802277 0.4802816 -2.408147 -4.388663 -1.267145
-5.910532 -3.537412 0.349916 1.653243 -1.056219 -0.6167348 0.565141 0.05133394 1.265667 1.906483 1.070252 0.4129408 -2.263429 -4.264744 -1.250835
-5.934333 -3.710654 0.5766282 1.731277 -1.133954 -0.5657228 0.7584857 0.3849932 1.329438 2.091771 1.237384 0.543709 -2.349887 -4.251196 -1.151562
-5.790832 -3.436301 0.6267666 2.138201 -0.919323 -0.3657608 0.8681867 0.3478564 1.487792 2.326784 1.31372 0.8255513 -2.244202 -4.252547 -1.04053
-5.728529 -3.390507 0.8204362 1.938435 -1.018374 -0.5565087 0.8261887 0.2555963 1.540011 2.168386 1.182789 0.7584965 -2.089339 -4.235566 -1.111023
-5.549824 -3.300474 0.7950053 1.978596 -0.7177297 -0.1476156 1.030987 0.723087 1.721315 2.301243 1.361492 1.046533 -1.838729 -3.864832 -0.7608776
-5.674964 -3.569205 0.6414306 1.667176 -0.8404589 -0.6278001 0.8177296 0.4255466 1.437595 2.225346 1.269941 0.7442358 -1.996493 -4.104483 -0.9678201
-5.720103 -3.339653 0.4094681 1.900096 -1.125525 -0.6708157 0.6197286 0.4736309 1.451705 2.215534 1.313007 0.6789682 -2.103087 -4.111112 -1.166167
-5.696405 -3.418144 0.5144139 2.054045 -1.0079 -0.2944177 0.810804 0.4522589 1.174735 2.077012 1.264701 0.6742258 -2.154615 -4.22886 -1.093097
-5.9885 -3.626169 0.4102445 1.439418 -1.172679 -0.7108382 0.5476525 0.2917118 0.8653833 1.934567 0.7932714 0.436469 -2.231681 -4.433683 -1.094882
-5.958998 -3.913369 0.1502618 1.497873 -1.352999 -0.9419772 0.2288305 -0.03238455 0.7783232 1.725749 0.8465572 0.252207 -2.586821 -4.592121 -1.509691
-6.094282 -4.016134 -0.002411882 1.417379 -1.577499 -1.199411 0.1342885 -0.2537236 0.7389052 1.858549 0.7831144 0.2683486 -2.688778 -4.401206 -1.673041
-6.204617 -3.985458 0.0671973 1.283567 -1.785802 -1.063541 0.2035469 0.002244014 0.6476227 1.737952 0.6133712 0.1712418 -2.857182 -4.754974 -1.705552
-6.289048 -4.298095 -0.05682849 1.36944 -1.602636 -1.150576 0.08263016 -0.1798019 0.5389286 1.445221 0.5197035 -0.03994691 -2.811382 -4.776726 -1.668091
-6.673758 -4.396859 -0.1555551 1.102713 -1.727071 -1.297659 -0.1422971 -0.4825709 0.5189581 1.506463 0.4715051 0.05068685 -2.785059 -5.08676 -1.921824
-6.546072 -3.881859 0.03741872 1.177346 -1.643845 -1.129371 0.4484226 -0.1559419 0.6156674 1.596656 0.6038925 -0.0009330877 -2.735315 -4.796483 -1.732064
-6.463176 -4.313205 0.072423 1.187483 -1.631904 -1.232318 0.1515535 -0.4678438 0.4363827 1.651517 0.4536546 0.04757962 -2.639991 -4.691235 -1.696522
-6.443969 -4.294123 -0.3510142 0.8500006 -1.777938 -1.326929 0.04667686 -0.4035261 0.6770924 1.444805 0.1538584 -0.09595349 -2.978941 -4.740987 -2.011265
-6.31915 -4.141812 -0.05231015 1.24002 -1.561514 -1.194508 0.2732319 -0.3705645 0.5595827 1.441791 0.7629284 -0.1701416 -2.749791 -4.74037 -1.705875
-6.087847 -3.948497 -0.03686705 1.272549 -1.608364 -1.347985 0.3385532 -0.1108281 0.6933289 1.513499 0.538598 -0.03350081 -2.820875 -4.781231 -1.821007
-6.366075 -4.177765 0.04919634 1.313661 -1.630101 -1.367251 0.121594 -0.5571475 0.3581549 1.569636 0.6117946 -0.04368893 -2.788336 -4.622896 -2.038842
-6.511612 -4.481409 -0.06835438 0.7866666 -1.721814 -1.490638 -0.1433686 -0.4383752 0.4812387 1.469007 0.4045894 -0.2315691 -3.144491 -5.076717 -1.909547
-6.813079 -4.267346 -0.04489416 1.121125 -2.018475 -1.394151 -0.05587911 -0.718526 0.2832952 1.418687 0.4059171 -0.2511065 -3.009061 -4.9773 -1.999461
-6.411962 -4.393319 -0.2426125 1.046888 -1.937732 -1.128973 0.1147255 -0.4014503 0.3039317 1.494602 0.4460262 -0.1511726 -3.031505 -4.816517 -1.966654
-6.795196 -4.555744 -0.2060354 0.6986241 -2.040523 -1.483413 -0.0383021 -0.7183977 0.06153034 1.078071 0.1801612 -0.3036927 -3.282107 -5.216752 -2.14005
-6.836644 -4.505204 -0.499284 0.67726 -2.131754 -1.714686 -0.3153632 -0.6685326 0.07624296 0.7799716 0.1630066 -0.4444034 -3.430761 -4.902729 -2.317147
-6.976037 -4.760726 -0.5695073 0.8620388 -2.139549 -1.738195 -0.3649502 -0.7360901 0.2866343 1.07276 0.1084904 -0.2325828 -3.299563 -5.17947 -2.299439
-6.676113 -4.795928 -0.398419 0.6943901 -2.179761 -1.716905 -0.5017044 -1.013094 -0.1957806 0.9941329 0.1137271 -0.4936683 -3.331788 -5.392805 -2.250276
-6.699602 -4.806126 -0.6069884 0.7487512 -2.178972 -1.966264 -0.4652068 -1.051477 -0.04943394 0.8946545 -0.2114961 -0.6279972 -3.274505 -5.344046 -2.346275
-7.113084 -4.815116 -0.7381108 0.761375 -2.287116 -1.774108 -0.5303154 -0.8951339 -0.1355014 1.11816 -0.08812269 -0.7648477 -3.375393 -5.42175 -2.018968
-7.197113 -5.107257 -1.172042 0.3660992 -2.560313 -2.077266 -0.8245205 -1.19241 -0.1618171 0.5356142 -0.5265395 -0.7673571 -3.72981 -5.4873 -2.352251
-7.546651 -5.281186 -1.104436 0.02878421 -2.783874 -2.281032 -1.213281 -1.622176 -0.4307468 0.1966567 -0.4467004 -1.089373 -3.874987 -6.049136 -2.952373
-7.366323 -5.373714 -0.9812251 0.1223047 -2.76834 -2.527815 -0.8246126 -1.506872 -0.5165179 0.4725328 -0.4132689 -0.870978 -3.889292 -5.841575 -2.816635
-7.414057 -5.334863 -1.007033 0.2102077 -2.829762 -2.113292 -1.132957 -1.671153 -0.5283655 0.4782207 -0.5931827 -1.037595 -3.853575 -6.035436 -2.882322
-7.24709 -5.190721 -0.9697263 0.01770742 -2.582528 -2.380736 -0.6591215 -1.417382 -0.4695345 0.3121864 -0.474622 -1.036282 -3.776698 -5.645448 -2.859973
-7.289008 -5.345327 -1.274595 0.07604152 -2.753305 -2.113047 -0.9073932 -1.498479 -0.4888041 0.4315076 -0.6390319 -0.9904282 -4.090726 -5.876788 -2.960852
-7.459822 -5.148665 -1.128838 0.1947354 -2.598533 -2.532427 -0.959334 -1.572674 -0.6697824 0.2226851 -0.718254 -1.081394 -3.909731 -5.641558 -2.827441
-7.496523 -5.229481 -1.003768 0.04360539 -2.816915 -2.365734 -0.8740514 -1.693711 -0.3530079 0.6673116 -0.6685593 -1.096857 -3.893499 -5.753893 -2.71366
-7.446258 -5.322178 -1.253666 -0.1320788 -2.927093 -2.297672 -1.284605 -1.580739 -1.026056 0.3322215 -0.8126158 -1.352337 -3.896912 -5.968626 -3.181376
-7.800122 -5.418238 -1.292976 -0.2647455 -2.865089 -2.673857 -1.260168 -1.818539 -0.4811358 0.1386053 -0.7894586 -1.398048 -4.075793 -5.806592 -3.273007
-7.552108 -5.055895 -0.8662131 0.06425514 -2.767225 -2.185572 -0.9327432 -1.204951 -0.3923893 0.4112652 -0.3144445 -0.9920621 -3.8709 -5.919173 -2.775775
-7.524998 -5.25759 -1.221898 0.04020473 -2.792949 -2.375072 -0.8836934 -1.377405 -0.3259115 0.5407129 -0.5050615 -0.8558903 -3.877993 -6.077422 -3.019553
-7.516667 -5.54728 -1.077921 0.2946592 -2.601118 -2.25415 -1.026582 -1.50991 -0.5834356 0.4920411 -0.6578431 -1.115787 -3.983123 -5.970384 -2.788451
-7.291972 -5.033325 -0.8938447 0.005657263 -2.577929 -2.269362 -0.8670159 -1.3099 -0.3905487 0.6274268 -0.3790548 -0.9595238 -3.798436 -5.801504 -2.587174
-7.606006 -5.40041 -1.177464 -0.04637905 -2.897757 -2.463729 -1.084774 -1.562246 -0.4572934 0.4834299 -0.5464273 -1.216811 -3.950585 -5.928344 -2.808949
-7.632722 -5.383388 -1.185992 -0.1486908 -3.032736 -2.401167 -1.134877 -1.756065 -0.7382363 0.04761551 -0.6542154 -1.318909 -4.001565 -5.765797 -3.224398
-7.839089 -5.706575 -1.485672 -0.04181538 -3.311644 -2.739591 -1.628055 -2.226277 -0.7793924 -0.03701388 -0.9671255 -1.619443 -4.250003 -6.428384 -3.328133
-8.055404 -5.903911 -1.607842 -0.4796493 -3.100908 -2.803597 -1.540917 -2.007529 -1.13111 -0.2563576 -1.024611 -1.632603 -4.469632 -6.242716 -3.36293
-7.853684 -5.76957 -1.569753 -0.205182 -3.088885 -2.665909 -1.466975 -1.631926 -1.068627 -0.03176692 -0.8708002 -1.466466 -4.288876 -6.370167 -3.300061
-7.767539 -5.362868 -1.523083 -0.2571255 -3.288981 -2.547327 -1.290596 -1.679716 -0.8358581 -0.001903367 -0.7881533 -1.457358 -4.366035 -6.324923 -3.106997
-7.758425 -5.598416 -1.46631 -0.3466121 -3.048618 -2.633639 -1.582418 -1.622129 -0.783121 0.01343729 -0.9699515 -1.334775 -4.180888 -6.098549 -3.055721
-7.986675 -5.876709 -1.597246 -0.2083025 -3.015894 -2.89496 -1.08211 -2.086416 -0.7202802 -0.02892092 -1.065517 -1.707845 -4.326379 -6.249179 -3.206491
-7.9502 -5.500762 -1.512017 -0.3230989 -2.888434 -2.443043 -1.237682 -1.847604 -0.7533675 0.1891207 -0.7650712 -1.622874 -4.263096 -6.331879 -3.250297
-7.557726 -5.630192 -1.226357 -0.04744494 -2.880638 -2.149163 -1.19987 -1.469006 -0.7077322 0.3116416 -0.6820045 -1.216273 -4.003994 -6.058283 -3.045452
-7.656955 -5.373213 -1.187612 -0.2838198 -2.982665 -2.454634 -0.9829207 -1.520115 -0.7074724 0.3202977 -0.5846931 -1.361972 -4.065172 -5.944284 -2.942987
-7.538125 -5.560188 -1.228751 0.07537287 -2.839924 -2.648664 -1.029732 -1.493848 -0.6771515 0.3196669 -0.9509661 -1.049506 -4.274054 -5.882224 -2.871456
-7.417073 -5.093977 -1.000477 0.4730267 -2.612491 -2.280329 -0.9230475 -1.275595 -0.3285059 0.5894885 -0.2481102 -0.7878881 -3.625871 -5.690191 -2.654916
-7.312988 -5.223752 -1.028626 0.3442987 -2.693232 -2.148756 -0.7213266 -1.459063 -0.220279 0.4074081 -0.4079691 -0.5979816 -3.866885 -5.760951 -2.778734
-7.529606 -5.430799 -1.104406 0.2624769 -2.814948 -2.465299 -1.145122 -1.563328 -0.6525868 0.5495808 -0.3589134 -1.284597 -3.911031 -5.953989 -3.00251
-7.195467 -5.310947 -0.9560507 0.2947538 -2.711709 -2.144616 -0.7799834 -1.530934 -0.4184711 0.6036934 -0.6442072 -0.840147 -3.680752 -5.650067 -2.903858
-7.367016 -5.192486 -0.8626178 0.2888438 -2.62277 -1.967189 -0.8279434 -1.317739 -0.1185198 0.6555341 -0.2887612 -0.9146816 -3.839512 -5.880118 -2.687145
-7.064393 -4.801289 -0.8884393 0.4276121 -2.573335 -1.957974 -0.6752989 -1.206742 -0.2899177 0.8713776 -0.3092041 -0.6808612 -3.698994 -5.780491 -2.319705
-7.268902 -4.992043 -0.8049179 0.4228822 -2.503298 -2.142386 -0.6246078 -1.083192 -0.1025418 0.731717 -0.2295487 -0.9429203 -3.476111 -5.514611 -2.545539
-6.847801 -4.948719 -0.7866097 0.6627327 -2.273201 -1.950207 -0.5457027 -0.9728004 -0.07804871 0.7797738 0.1610719 -0.5911695 -3.558846 -5.458197 -2.117404
-7.078787 -4.833012 -0.8524079 0.4009684 -2.590107 -1.940829 -0.7532645 -1.259208 0.03388251 0.6566403 -0.2700798 -0.9366699 -3.594593 -5.44924 -2.712943
-7.366228 -5.193782 -1.011968 0.3745602 -2.432804 -2.070677 -1.012729 -1.202418 -0.3757004 0.4105656 -0.1443514 -0.8981608 -3.654843 -5.790831 -2.616472
-7.561727 -5.188088 -1.094913 -0.004029689 -2.865626 -2.339062 -1.07066 -1.601443 -0.5919553 0.2701062 -0.7763434 -1.314891 -4.039137 -5.872698 -2.779668
-7.558497 -5.384837 -1.341388 0.1049794 -2.753364 -2.302107 -0.969456 -1.465546 -0.7779665 0.4394177 -0.6849468 -1.205468 -3.971179 -5.891807 -2.938017
-7.425833 -5.191245 -1.137061 0.1233063 -2.861815 -2.281172 -1.035639 -1.445308 -0.423141 0.4926414 -0.6716275 -1.277444 -3.774841 -5.856771 -2.686621
-7.214159 -5.185574 -1.01433 0.2294126 -2.54474 -2.114108 -0.9081343 -1.4948 -0.699608 0.4728505 -0.7439488 -1.070607 -3.87728 -5.720234 -2.8759
-7.383945 -5.289886 -0.9338534 0.2408296 -2.739525 -2.210652 -1.07412 -1.558979 -0.3946834 0.5161686 -0.4257824 -0.8953866 -3.927426 -5.813134 -2.78599
-7.810274 -5.611987 -1.256965 -0.04293465 -2.874522 -2.435433 -1.28824 -1.792829 -0.7202857 0.4848016 -0.7672765 -1.359667 -4.155124 -6.188422 -3.144955
-7.425102 -5.381179 -1.144586 -0.1428778 -2.988043 -2.525803 -1.229248 -1.561722 -0.4868784 0.4196341 -0.7230934 -1.057398 -4.027954 -6.058753 -2.906588
-7.638646 -5.546835 -1.38311 -0.1071143 -3.052505 -2.519647 -1.188427 -1.709081 -0.7981443 0.1763487 -0.7861747 -1.464944 -4.39313 -6.309255 -3.198005
-7.325632 -5.550362 -1.087355 0.1819239 -2.845734 -2.430674 -1.200574 -1.603081 -0.6658526 0.441575 -0.4761992 -1.14802 -4.04454 -5.954922 -2.855059
-7.700555 -5.662444 -1.363449 0.02224901 -2.730256 -2.414633 -1.083534 -1.816136 -0.7880884 0.08916589 -0.7299711 -1.286266 -4.278504 -6.186452 -3.056649
-7.599945 -5.467601 -1.468766 0.09735065 -2.917315 -2.552865 -1.400724 -1.693367 -0.774033 0.05914929 -0.7861983 -1.592784 -4.237779 -6.024514 -3.21282
-7.788466 -5.754918 -1.113683 0.06350057 -2.895505 -2.485141 -1.210192 -1.743707 -0.6731678 0.3455484 -0.5822585 -1.199395 -4.054182 -6.066795 -2.954694
-7.590604 -5.628288 -1.462359 -0.2704029 -3.034718 -2.548334 -1.098452 -1.821278 -0.7505652 0.1387025 -0.8298105 -1.251629 -4.151397 -6.351616 -3.272661
-7.670818 -5.552781 -1.541239 -0.1821967 -3.076587 -2.506896 -1.182528 -1.706372 -0.9418964 0.2599149 -1.061103 -1.514954 -4.425673 -6.223427 -3.07065
-7.789649 -5.54348 -1.473417 -0.3008813 -3.107212 -2.777262 -1.236014 -1.922595 -0.7895766 -0.03538039 -0.8132843 -1.471916 -4.494662 -6.476976 -3.282665
-7.731119 -5.46733 -1.52554 -0.3674154 -3.111176 -2.572887 -1.343118 -1.839046 -0.6118248 -0.02717341 -0.9954845 -1.30058 -4.001499 -6.164807 -3.177937
-7.558933 -5.45912 -1.196047 0.07929885 -2.720373 -2.55678 -1.094605 -1.411611 -0.5421598 0.0106378 -0.9739956 -1.511959 -4.000667 -5.889001 -2.932421
-7.604339 -5.221567 -1.090215 0.05530729 -2.688723 -2.45494 -1.01681 -1.566328 -0.5293233 0.5408558 -0.6706317 -1.391775 -4.044444 -5.879059 -2.927646
-7.667306 -5.431977 -1.189326 -0.08014199 -2.72071 -2.39986 -1.213149 -1.406195 -0.4771382 0.2684332 -0.7686075 -1.182775 -4.075162 -5.952684 -3.127241
-7.809474 -5.563061 -1.420635 -0.1569933 -3.091107 -2.637905 -1.348309 -1.594058 -0.8322224 0.05588675 -0.726347 -1.451698 -4.296637 -6.466389 -3.275741
-7.84056 -5.453303 -1.301965 -0.1883862 -3.069742 -2.512082 -1.294016 -1.625688 -0.792265 0.1417033 -0.8690814 -1.413885 -4.23269 -5.804488 -3.084185
-7.376015 -5.263435 -0.9682214 0.221722 -2.710062 -2.086522 -0.8209683 -1.53388 -0.3663867 0.6000051 -0.4295773 -0.9628664 -3.820653 -5.673602 -2.88622
-7.274894 -5.11171 -1.034662 0.2441853 -2.675289 -2.235048 -0.6414904 -1.3281 -0.6056457 0.3808835 -0.58201 -0.8795022 -3.845292 -5.731662 -2.830501
-7.60289 -5.285558 -0.9938877 0.3605693 -2.665593 -2.234949 -0.8834496 -1.352231 -0.6029196 0.6291077 -0.4995568 -0.9696623 -3.674196 -5.866217 -2.676725
-7.301841 -4.972123 -0.7984605 0.4720171 -2.434949 -1.923519 -0.7287666 -1.151124 -0.2550651 0.7878543 -0.4732343 -0.6756009 -3.872583 -5.694857 -2.613242
-7.419979 -5.147001 -1.110543 0.3689761 -2.684187 -2.090629 -0.9396987 -1.441429 -0.4325638 0.6086873 -0.3256388 -1.075886 -3.757118 -5.832499 -2.764527
-7.306709 -5.021803 -1.199888 0.2340982 -2.562858 -2.2937 -0.8793033 -1.466086 -0.4543266 0.7721968 -0.5901927 -1.09992 -3.737006 -5.619574 -2.837028
-7.373565 -5.229397 -0.7924455 0.3978832 -2.583722 -2.22158 -0.9255896 -1.41499 -0.09379418 0.3996383 -0.3850368 -0.9596173 -3.993925 -5.883588 -3.006802
-7.276451 -5.205766 -0.9239176 0.1936544 -2.612736 -2.064284 -0.7622453 -1.024771 -0.3680184 0.6780575 -0.3494072 -0.7080038 -3.760035 -5.825932 -2.673592
-7.47776 -5.265457 -1.30842 0.361308 -2.884095 -2.399738 -1.024933 -1.491165 -0.1888699 0.5467266 -0.7523685 -1.155865 -3.909534 -5.731093 -2.734416
-7.433213 -5.297423 -1.140997 -0.009287149 -2.87684 -2.078458 -1.264298 -1.701311 -0.6421631 0.2007795 -0.5835974 -1.091323 -4.192085 -6.046141 -2.818644
-7.753779 -5.374247 -1.370956 -0.06452919 -3.01926 -2.586428 -0.9960345 -1.413327 -0.7287066 -0.01894024 -0.8010889 -1.312217 -4.081571 -6.283845 -3.07147
-7.913286 -5.682583 -1.305257 -0.1454226 -3.104751 -2.598491 -1.302038 -1.784562 -1.01927 0.04566493 -1.223504 -1.27114 -4.293996 -6.191663 -3.181053
-7.807439 -5.358997 -1.280455 -0.06319368 -2.885539 -2.565877 -1.377172 -1.699683 -0.7964862 0.3194882 -0.8987339 -1.323265 -4.037682 -6.247959 -3.160481
-7.962923 -5.90663 -1.671943 -0.1590842 -3.09913 -2.722182 -1.312001 -1.914849 -1.035959 0.0228168 -0.9775561 -1.453879 -4.645728 -6.428965 -3.442926
-7.971748 -5.603282 -1.708403 -0.3379808 -3.293484 -2.910409 -1.41431 -1.795843 -0.7470923 0.1811188 -0.8671918 -1.409818 -4.240358 -6.652862 -3.233409
-7.416745 -5.687984 -1.320574 -0.1386354 -3.220785 -2.7803 -1.22796 -1.894233 -0.7664987 0.009951908 -0.9017013 -1.360563 -3.896971 -6.149177 -3.170284
-7.919745 -5.717231 -1.267668 0.1784204 -2.935512 -2.43744 -1.13599 -1.674844 -1.041822 -0.009919609 -0.8976998 -1.366433 -4.325067 -6.330082 -3.16457
-7.693064 -5.514844 -1.557958 -0.3013894 -2.873606 -2.896576 -1.47348 -1.632531 -0.6648044 0.09432696 -0.6256969 -1.367537 -4.144631 -6.171619 -3.216402
-7.675568 -5.803867 -1.469758 -0.1745247 -3.344219 -2.515919 -1.114416 -1.657428 -0.781973 0.1723848 -1.061802 -1.458303 -4.229929 -6.080468 -3.109921
-7.78535 -5.59965 -1.407958 -0.2397425 -3.072779 -2.701832 -1.384542 -1.99332 -0.9473838 0.2165372 -0.9839517 -1.649661 -4.417999 -6.296265 -3.363772
-7.68007 -5.360356 -1.502078 0.05937116 -2.913165 -2.612759 -1.267228 -1.736929 -0.7117616 0.3795266 -0.8403935 -1.246292 -4.017874 -6.218132 -3.017114
-7.787644 -5.44895 -1.382638 -0.0618456 -3.074791 -2.562013 -1.207602 -1.875134 -0.6976416 0.2141896 -0.7120785 -1.517579 -4.265553 -6.246349 -3.00232
-7.745273 -5.678164 -1.449845 -0.4195546 -2.995674 -2.70162 -1.24482 -1.761698 -0.8986086 0.1591997 -1.068889 -1.420754 -4.24408 -6.119697 -3.292505
-7.992775 -5.901776 -1.670965 -0.597664 -3.199549 -2.499077 -1.360378 -1.7961 -1.014941 0.13749 -0.8498942 -1.565184 -4.522242 -6.268133 -3.197463
-8.020386 -5.930629 -1.468983 -0.3303039 -3.339298 -2.979365 -1.536597 -1.990633 -1.207214 -0.112083 -1.090105 -1.719772 -4.41943 -6.574765 -3.440158
-8.171523 -5.956872 -1.788327 -0.5181829 -3.399124 -3.038684 -1.576284 -2.104287 -1.236409 -0.4261749 -1.308801 -2.007319 -4.73499 -6.710983 -3.351475
-8.015532 -5.764744 -1.844969 -0.5165499 -3.521088 -3.042551 -1.792388 -2.105929 -1.277958 -0.2960659 -1.323963 -1.554182 -4.701574 -6.668077 -3.366221
-8.050127 -5.857834 -1.772725 -0.6456112 -3.425631 -3.082917 -1.592666 -2.185155 -1.18521 -0.3370379 -1.131123 -1.829097 -4.688861 -6.511268 -3.631499
-8.073442 -5.861734 -1.578109 -0.5253386 -3.341141 -2.923759 -1.65087 -2.095988 -1.269433 -0.390085 -1.18525 -1.755208 -4.534717 -6.474653 -3.614233
-7.996009 -5.844226 -1.797767 -0.4754362 -3.558418 -2.724657 -1.538902 -2.110808 -0.8064126 -0.247293 -0.9328121 -1.763747 -4.603977 -6.544616 -3.395731
-8.099015 -6.12013 -1.852205 -0.5527257 -3.25987 -2.899478 -1.564807 -2.259386 -1.327602 -0.2814212 -1.199192 -1.642597 -4.656191 -6.40926 -3.539481
-8.119389 -5.995968 -1.968993 -0.6582246 -3.495816 -3.182441 -1.68746 -2.345731 -1.18033 -0.2054583 -1.311914 -1.717915 -4.628597 -6.700468 -3.800911
-8.276582 -5.916114 -1.803254 -0.6778427 -3.732825 -2.974 -1.66763 -1.989738 -1.325441 -0.2973973 -1.25983 -1.904518 -4.510843 -6.474252 -3.680082
-8.414602 -6.283522 -1.881533 -0.7657638 -3.526889 -3.177862 -1.809544 -2.11805 -1.258064 -0.3526868 -1.441888 -2.029654 -4.660625 -6.588181 -3.435073
-8.136985 -5.854987 -1.788642 -0.5547003 -3.584426 -2.904929 -1.772154 -2.324371 -1.144127 -0.1085285 -1.201532 -1.855741 -4.445806 -6.582441 -3.470598
-8.030403 -5.869694 -1.800599 -0.6766503 -3.381313 -2.90661 -1.529199 -2.193833 -1.252363 -0.3136404 -1.406 -1.829549 -4.63791 -6.545505 -3.732979
-8.167526 -6.06431 -1.628673 -0.64152 -3.455281 -2.989334 -1.627735 -2.133623 -1.18217 -0.06582412 -1.383914 -1.9627 -4.535417 -6.31413 -3.335446
-8.241129 -5.890741 -1.833738 -0.6761852 -3.58047 -2.856457 -1.539392 -2.180436 -1.157103 -0.4766234 -1.294998 -1.873356 -4.674153 -6.503667 -3.530803
-8.308109 -5.995178 -1.867664 -0.6085282 -3.558887 -2.819481 -1.579161 -2.08974 -1.29992 -0.6949908 -1.361146 -1.946661 -4.713362 -6.707271 -3.682848
-8.285695 -6.002275 -2.014902 -0.6281187 -3.681218 -3.17288 -1.81802 -2.30338 -1.143197 -0.546766 -1.543842 -2.019151 -4.823191 -6.764519 -3.384292
-8.663332 -6.167369 -2.070102 -0.872647 -3.578353 -3.019279 -1.745278 -2.416207 -1.514568 -0.6329782 -1.626089 -1.929151 -4.793914 -6.813096 -3.595979
-8.554452 -6.230671 -2.231042 -0.9751849 -3.741292 -3.27105 -1.753491 -2.320921 -1.24454 -0.4443406 -1.562967 -2.154533 -4.905931 -6.996413 -3.824103
-8.550667 -6.224067 -1.997755 -0.8415415 -3.735013 -3.236018 -2.123999 -2.620455 -1.418519 -0.3104641 -1.834836 -2.356045 -4.800562 -6.976687 -3.763634
-8.789263 -6.245123 -2.250111 -0.8607625 -3.75242 -3.256847 -2.100574 -2.488021 -1.382859 -0.2440545 -1.583833 -2.13617 -5.031766 -6.674797 -3.911112
-8.456423 -6.251992 -2.202137 -0.7292934 -3.840444 -3.588706 -1.75227 -2.545834 -1.556865 -0.4462649 -1.698492 -1.975592 -4.893508 -6.921997 -3.859827
-8.583068 -6.06291 -2.050671 -0.8592917 -3.737181 -3.368657 -1.74665 -2.318872 -1.479097 -0.4006092 -1.484391 -1.825444 -4.865537 -6.77781 -3.799135
-8.666895 -6.414609 -2.215345 -1.120162 -3.754411 -3.377056 -1.969002 -2.504593 -1.425209 -0.6950732 -1.608911 -2.317002 -5.055787 -6.876292 -3.925056
-8.216224 -6.377513 -2.027655 -0.9367346 -3.813245 -3.37775 -1.967483 -2.416024 -1.215546 -0.5101342 -1.612447 -1.88468 -4.964616 -6.90701 -3.843004
-8.324987 -6.10632 -2.035299 -0.8717626 -3.712796 -3.264506 -1.844563 -2.340398 -1.627284 -0.3882816 -1.349153 -2.134815 -4.833049 -6.611179 -3.69834
-8.375094 -6.25308 -2.155529 -1.013309 -3.687055 -3.210594 -1.812821 -2.399024 -1.318407 -0.4939352 -1.584924 -2.252655 -4.981336 -6.70001 -3.432751
-8.610632 -6.297233 -2.014832 -0.8847114 -3.664768 -3.43345 -1.972543 -2.527309 -1.622792 -0.3978935 -1.41441 -2.009442 -4.675409 -6.816546 -3.879567
-8.615229 -6.262633 -2.081864 -0.8937782 -3.593634 -2.99621 -2.066069 -2.458683 -1.344126 -0.5865694 -1.5413 -2.17287 -4.919927 -6.796691 -3.757074
-8.180024 -6.055517 -1.966834 -0.5589562 -3.431962 -3.017314 -2.096135 -2.171001 -1.55147 -0.4274237 -1.380145 -1.998203 -4.507913 -6.880727 -3.591738
-8.196484 -5.919061 -1.647372 -0.2501367 -3.281787 -2.679952 -1.367924 -1.98866 -1.007543 -0.1703523 -1.02134 -1.678444 -4.531677 -6.514048 -3.360723
-7.962575 -5.927285 -1.755428 -0.5251985 -3.233333 -2.767784 -1.694236 -2.016406 -0.9350649 -0.3008252 -1.140186 -1.638767 -4.448589 -6.58306 -3.817425
-8.124881 -5.873879 -1.644534 -0.4932433 -3.433984 -2.883104 -1.623549 -2.127635 -1.300557 -0.2114343 -0.9440858 -1.803899 -4.592694 -6.285168 -3.596288
-7.776572 -5.962282 -1.600793 -0.5451527 -3.349741 -2.893391 -1.328519 -2.272481 -1.299469 -0.200722 -1.266889 -2.001812 -4.563746 -6.628091 -3.440094
-8.127737 -5.974163 -1.841265 -0.7180045 -3.29927 -2.771347 -1.268001 -1.853056 -0.9663331 -0.3660543 -1.304335 -1.915733 -4.455075 -6.545396 -3.499414
-8.26727 -5.916559 -1.691696 -0.6440565 -3.563569 -2.819976 -1.744435 -1.89675 -1.105283 -0.1791782 -1.283016 -1.839127 -4.745345 -6.349659 -3.609444
-8.330645 -6.22038 -2.000675 -0.99579 -3.259926 -3.316916 -1.848684 -2.135509 -1.441455 -0.4628585 -1.389815 -2.023193 -4.870531 -6.458508 -3.593759
-7.972952 -5.75425 -1.743078 -0.6555056 -3.579179 -2.939597 -1.801756 -2.049067 -1.413242 -0.07434363 -1.577855 -2.005839 -4.528003 -6.622706 -3.449308
-8.182281 -6.094334 -1.997386 -0.7258188 -3.421242 -3.068176 -1.561414 -2.181787 -1.090376 -0.235269 -1.297472 -1.932959 -4.601917 -6.330208 -3.620053
-7.881522 -5.931344 -1.687809 -0.5721344 -3.256413 -2.734692 -1.434822 -2.097615 -1.081227 -0.2642317 -1.26018 -1.766096 -4.542877 -6.480325 -3.380964
-8.253976 -5.900153 -1.662553 -0.5006256 -3.355101 -2.834797 -1.543754 -1.983045 -0.9942199 -0.204783 -1.07789 -1.556099 -4.304145 -6.432521 -3.479993
-7.97522 -5.951406 -1.712533 -0.2004519 -3.446662 -2.76953 -1.331309 -1.973636 -0.9949363 0.1291938 -1.094438 -1.680944 -4.45092 -6.339938 -3.285797
-7.953688 -5.848828 -1.395359 -0.344155 -3.566443 -2.910486 -1.037335 -1.687664 -0.8828265 -0.1724969 -1.155931 -1.675614 -4.247606 -6.344364 -3.193288
-7.880367 -5.713829 -1.36835 -0.3131336 -3.098226 -2.78406 -1.310257 -1.634579 -0.6608651 0.01211935 -1.014648 -1.259108 -4.40524 -6.084292 -3.386146
-7.828823 -5.601907 -1.580053 -0.06219031 -3.108016 -2.624937 -1.441974 -2.038271 -0.5939274 -0.1571169 -1.111035 -1.411735 -4.235844 -6.056802 -3.100848
-8.064674 -5.774185 -1.998875 -0.724049 -3.478824 -3.147998 -1.630953 -2.195281 -1.325862 -0.3418276 -1.439791 -1.530917 -4.594599 -6.482985 -3.641838
-8.028501 -5.724685 -1.712402 -0.3440639 -3.441807 -2.885491 -1.625494 -2.100507 -1.091806 -0.03864873 -1.135938 -1.882345 -4.458244 -6.677253 -3.383229
-8.1316 -5.765117 -1.729189 -0.4452694 -3.448764 -2.985253 -1.570516 -1.77905 -0.9981045 -0.0177072 -0.9642796 -1.883337 -4.599847 -6.761962 -3.416731
-7.616607 -5.747414 -1.425123 -0.2414299 -2.982036 -2.408904 -1.445148 -1.837495 -0.890376 0.416837 -0.8625819 -1.351902 -4.093895 -6.271152 -3.214249
-7.603712 -5.311742 -1.622048 -0.008838836 -2.718624 -2.633372 -1.063976 -1.696377 -0.6784544 0.3250967 -0.7075187 -1.564298 -4.151527 -6.206502 -3.261589
-7.678235 -5.1549 -1.212334 -0.01552182 -2.764021 -2.427715 -1.093144 -1.567139 -0.7856941 0.2627681 -0.6586315 -1.417019 -4.159244 -6.038509 -3.122207
-7.332 -5.020384 -1.104087 0.3540134 -2.728739 -2.319762 -0.956668 -1.675559 -0.4859943 0.2403415 -0.7331162 -0.8269432 -3.944852 -6.124677 -2.928585
-7.564748 -5.512699 -1.501157 -0.2721179 -2.863606 -2.654869 -1.260512 -1.45483 -0.5858131 0.2431735 -0.776902 -1.303438 -4.09576 -5.922946 -2.893149
-7.339261 -5.404628 -1.245205 -0.161279 -2.881811 -2.250247 -1.08454 -1.928086 -0.7416668 0.1072966 -0.6212237 -1.411987 -4.092248 -5.903989 -2.960191
-7.577933 -5.41905 -1.321663 -0.1370031 -2.912695 -2.108781 -1.064207 -1.445983 -0.4038162 0.4798083 -0.5671238 -1.054384 -4.020054 -5.901837 -2.948642
-7.954689 -5.475569 -1.528161 -0.06659233 -2.776151 -2.516139 -1.065041 -1.885358 -0.6841108 0.1283825 -0.837166 -1.212747 -4.223923 -6.050063 -3.062339
-8.006076 -5.865266 -1.686845 -0.2991511 -3.013244 -2.976339 -1.519893 -1.912872 -0.7281144 -0.2792699 -1.014629 -1.694416 -4.490485 -6.268872 -3.331274
-7.85448 -5.824848 -1.704976 -0.3678583 -3.294767 -2.6511 -1.655101 -1.826638 -0.9295482 0.2209296 -1.091803 -1.4598 -4.472644 -6.270856 -3.289751
-7.869408 -5.450761 -1.481993 -0.2881451 -3.140539 -2.430238 -1.265146 -1.804074 -0.6064011 -0.1492527 -1.080092 -1.35387 -4.132968 -6.176314 -3.11761
-7.842978 -5.635136 -1.806766 -0.2602594 -3.182884 -2.829333 -1.49265 -2.02519 -0.8546582 -0.05727093 -0.7806197 -1.133112 -4.303138 -6.269384 -3.214233
-7.567714 -5.49246 -1.399774 0.003022349 -3.049485 -2.666976 -1.198471 -1.482618 -0.6954446 0.2353933 -0.8956122 -1.139809 -4.188246 -6.103921 -3.322844
-7.662124 -5.385329 -1.215625 -0.2481671 -2.739712 -2.39981 -1.154383 -1.564535 -0.8126623 0.2455733 -0.6356396 -1.157591 -3.891448 -5.992507 -2.87883
-7.602072 -5.57582 -1.354875 -0.1797471 -2.928371 -2.66737 -1.248906 -1.849939 -0.7555886 -0.09057956 -0.8802277 -1.261243 -4.20283 -6.456082 -3.150475
-7.70705 -5.473874 -1.232331 -0.2549596 -2.949853 -2.674572 -1.142311 -1.666982 -0.840758 0.3153375 -0.6829348 -1.260567 -4.184051 -5.91289 -2.830832
-7.474572 -5.404208 -1.298227 0.1188774 -2.835381 -2.574307 -1.07585 -1.467081 -0.5987199 0.381822 -0.796131 -1.241701 -3.923933 -5.82357 -2.892469
-7.712685 -5.36337 -1.366723 0.02709997 -2.637567 -2.536313 -1.068536 -1.673006 -0.6645563 0.1738654 -0.7361787 -1.371189 -4.067711 -6.315924 -3.145563
-7.797665 -5.428808 -1.519232 -0.1672195 -2.974715 -2.582587 -1.29904 -1.775403 -0.6583748 0.2016963 -0.7947006 -1.319356 -4.05833 -6.025586 -3.091359
-7.721234 -5.772892 -1.627519 -0.1711623 -3.249838 -2.689379 -1.373519 -1.797748 -0.8609148 0.1664064 -0.8782759 -1.452802 -4.084876 -5.963632 -3.18361
-7.699515 -5.742798 -1.356012 -0.1929095 -3.018694 -2.554109 -1.290421 -2.021409 -0.793486 -0.04538 -0.8420038 -1.31157 -4.27807 -6.245154 -3.302015
-7.8357 -5.792545 -1.609902 -0.2598343 -3.136738 -2.729501 -1.212049 -1.916988 -1.177683 -0.1515846 -1.048238 -1.559878 -4.583511 -6.536992 -3.274472
-7.925114 -5.50147 -1.567959 -0.231771 -3.221346 -2.797591 -1.370479 -1.99671 -1.178867 0.04166628 -0.84516 -1.33987 -4.281092 -6.563197 -3.122559
-7.923315 -5.679747 -1.753124 -0.4547434 -3.418829 -2.87835 -1.657644 -2.030085 -1.21615 -0.4267722 -1.169226 -1.765994 -4.556132 -6.6426 -3.241286
-7.716948 -5.860652 -1.636957 -0.4767954 -3.367468 -3.023501 -1.2737 -2.083156 -1.126422 0.07911749 -1.099572 -1.798933 -4.365941 -6.404185 -3.392016
-8.16505 -6.052506 -1.750897 -0.625284 -3.465178 -3.170222 -1.598492 -1.890072 -1.2661 -0.2382622 -1.363223 -1.701731 -4.520911 -6.447571 -3.581793
-8.171745 -5.987548 -1.715874 -0.509192 -3.667662 -2.923306 -1.74879 -2.091006 -0.976397 -0.3831432 -1.209565 -1.654651 -4.713112 -6.326592 -3.438539
-8.048302 -5.873096 -1.681456 -0.5089984 -3.22542 -2.800113 -1.510969 -2.124895 -0.9200635 -0.3459457 -1.262085 -1.598017 -4.549664 -6.614242 -3.445186
-8.099332 -5.97107 -1.654834 -0.5494535 -3.454069 -3.038282 -1.705844 -2.102608 -1.216471 -0.3080968 -1.064889 -1.479768 -4.604677 -6.547966 -3.493443
-8.072625 -6.151045 -1.746999 -0.6159745 -3.417115 -3.053915 -1.722178 -2.325896 -1.222078 -0.2314973 -1.198443 -1.854901 -4.516684 -6.860275 -3.822588
-8.230883 -6.398735 -2.193826 -0.9664386 -3.701867 -3.511968 -1.931588 -2.31672 -1.368831 -0.4670641 -1.497026 -1.999746 -5.066202 -6.837426 -3.728642
-8.404411 -6.246522 -1.83922 -0.8818755 -3.556197 -3.334988 -1.835383 -2.129735 -1.200159 -0.5082842 -1.181054 -1.966343 -4.711022 -6.90793 -3.646506
-8.258089 -6.332579 -1.908937 -0.7356678 -3.639182 -3.034381 -1.947137 -2.226944 -1.393536 -0.4176571 -1.610336 -2.132919 -4.859963 -6.641252 -3.570841
-8.396355 -6.26343 -2.287415 -0.7466747 -3.737853 -3.177524 -1.86883 -2.40687 -1.478184 -0.5487758 -1.442715 -1.933875 -4.737077 -6.84441 -3.756377
-8.255031 -6.111942 -2.125175 -0.6513929 -3.70385 -3.148285 -2.093861 -2.364349 -1.149662 -0.4558477 -1.41717 -1.830618 -4.493798 -7.003319 -3.706992
-8.546773 -6.217348 -1.811489 -0.4990175 -3.883983 -3.162288 -1.97865 -2.343491 -1.520842 -0.5663378 -1.369828 -2.048361 -4.842215 -6.715866 -3.699122
-8.206 -6.110215 -1.867608 -0.7848856 -3.471423 -3.247631 -1.63487 -2.467626 -1.187579 -0.3143196 -1.338318 -1.829121 -4.743107 -6.622406 -3.618267
-7.945535 -6.024232 -1.939407 -0.3606497 -3.382038 -3.097059 -1.856685 -2.126721 -1.349145 -0.4928918 -1.098833 -1.752832 -4.646067 -6.770801 -3.504348
-8.128547 -6.027634 -1.792351 -0.6865817 -3.449411 -2.945328 -1.637808 -2.19783 -1.073196 -0.6956873 -1.404439 -1.752123 -4.581768 -6.604038 -3.540173
-8.497462 -6.467942 -2.090303 -0.8959124 -3.686165 -3.40371 -1.956506 -2.705967 -1.589779 -0.630457 -1.57917 -2.018654 -4.804286 -6.97115 -3.902653
-8.710195 -6.442634 -2.343634 -1.057188 -3.757122 -3.299148 -2.074479 -2.63656 -1.786901 -0.6053309 -1.45679 -2.294322 -4.972836 -7.061573 -3.825675
-8.727014 -6.603984 -2.378705 -0.9624922 -3.976727 -3.533458 -2.139117 -2.703439 -1.585688 -0.9257283 -1.80824 -2.348743 -5.008257 -7.397828 -4.147722
-8.875621 -6.376989 -2.306529 -1.209168 -4.042367 -3.595299 -2.236608 -2.881957 -1.596095 -0.8778744 -1.65625 -2.280778 -5.250099 -7.126619 -3.997109
-8.986984 -6.444015 -2.337163 -1.189573 -3.946053 -3.414824 -2.167608 -2.781042 -1.556106 -0.7242545 -1.778971 -2.229791 -5.250774 -6.884802 -4.167844
-8.658195 -6.618982 -2.476953 -1.142358 -4.228695 -3.801011 -2.497235 -2.975745 -1.743454 -1.111222 -1.742505 -2.370331 -5.231843 -7.047177 -4.285658
-8.874215 -6.742091 -2.232641 -1.242711 -4.119732 -3.53802 -2.332765 -2.561477 -1.86055 -0.8720048 -2.177021 -2.560267 -5.236316 -7.138457 -4.386989
-8.722341 -6.624665 -2.36705 -1.252013 -4.092162 -3.564015 -2.449678 -2.799132 -1.748136 -0.8490712 -2.065877 -2.421869 -5.275102 -7.1119 -4.089998
-8.919156 -6.769426 -2.805419 -1.308729 -4.413966 -3.859038 -2.634743 -2.971982 -2.187464 -1.119791 -2.158777 -2.635229 -5.547429 -7.428072 -4.211793
-8.942723 -7.127274 -2.734687 -1.502711 -4.401169 -4.078479 -2.56242 -3.066459 -2.141924 -1.16277 -2.114563 -2.660117 -5.486811 -7.376263 -4.501101
-9.117894 -6.865955 -2.796855 -1.513432 -4.37254 -4.060779 -2.618499 -2.951837 -1.938861 -1.328156 -2.255569 -3.03136 -5.589313 -7.641145 -4.389725
-8.824691 -6.68026 -2.711934 -1.258731 -4.174494 -3.719716 -2.432685 -2.900959 -1.951011 -0.9560083 -1.827501 -2.426796 -5.433141 -7.252333 -4.143383
-9.068582 -6.883039 -2.554452 -1.318489 -4.451566 -3.947654 -2.360211 -2.883612 -2.168169 -1.251639 -1.931119 -2.666389 -5.454369 -7.236693 -4.463834
-8.900227 -6.875425 -2.442618 -1.376029 -4.286595 -3.823602 -2.320987 -2.782656 -1.879945 -1.21438 -2.003448 -2.579849 -5.201852 -7.336693 -4.379551
-8.909294 -6.792466 -2.556406 -1.336276 -4.17404 -3.753666 -2.263776 -2.758526 -1.887868 -0.9455045 -2.026615 -2.30883 -5.35699 -7.449067 -4.16628
-8.865409 -6.583205 -2.581939 -1.172548 -4.046434 -3.703383 -2.308123 -2.669975 -1.747499 -0.9809387 -2.138624 -2.405502 -5.416927 -7.101828 -4.268009
-8.805301 -6.513549 -2.470442 -1.239095 -3.919263 -3.730619 -2.31267 -2.932389 -1.848912 -0.9042356 -1.836223 -2.539122 -5.355381 -7.264454 -4.225864
-9.095601 -6.878084 -2.592202 -1.539454 -4.278334 -3.997541 -2.215746 -2.991252 -2.28624 -1.180248 -2.069383 -2.726514 -5.626487 -7.300814 -4.746312
-8.812103 -6.690971 -2.605887 -1.275 -4.062469 -3.722316 -2.22596 -2.554844 -1.690804 -0.9782089 -1.949472 -2.361463 -5.339628 -7.328959 -4.228989
-8.807411 -6.579478 -2.262105 -1.093728 -3.775112 -3.465408 -2.146053 -2.715755 -1.640502 -0.7748367 -1.738503 -2.062281 -5.099757 -6.978559 -3.963561
-8.65604 -6.412787 -2.343123 -0.945257 -3.810553 -3.471741 -2.049928 -2.473183 -1.790623 -0.7703195 -1.538152 -2.244782 -5.052059 -6.89789 -3.68023
-8.722182 -6.384666 -2.365806 -1.052903 -3.917559 -3.53453 -2.144749 -2.588869 -1.533255 -0.8455928 -1.574664 -2.337378 -5.17734 -7.28761 -4.086039
-8.857332 -6.574469 -2.470745 -1.230726 -3.947588 -3.49878 -2.184924 -2.650504 -1.731721 -0.5587522 -2.005708 -2.275255 -5.208613 -7.176312 -4.305942
-8.564972 -6.456309 -2.317738 -1.137353 -3.789926 -3.716987 -2.564287 -2.78217 -1.914109 -1.035446 -1.955969 -2.497093 -5.448924 -7.258781 -4.222668
-8.695329 -6.676949 -2.443543 -1.181769 -4.184277 -3.500895 -2.269122 -2.830152 -1.781443 -0.8598637 -2.040541 -2.401073 -5.319575 -7.237871 -4.255877
-9.23118 -7.028266 -2.811713 -1.534519 -4.595565 -4.00009 -2.617108 -3.062701 -2.276047 -1.070284 -2.318279 -2.670516 -5.567112 -7.332647 -4.684734
-8.853669 -6.573853 -2.774433 -1.275479 -4.121943 -3.752669 -2.631327 -2.974998 -1.884229 -1.049634 -2.020368 -2.66836 -5.334749 -7.425469 -4.192882
-8.877008 -6.767609 -2.389516 -1.279996 -3.979689 -3.759999 -2.066228 -2.617567 -1.765598 -0.9798336 -1.643875 -2.184667 -5.164587 -7.328908 -4.140193
-8.964385 -6.62586 -2.653029 -1.397226 -4.118366 -3.736862 -2.509137 -3.046136 -1.998593 -1.126433 -2.208554 -2.511883 -5.286459 -7.483721 -4.360273
-8.915677 -6.712115 -2.337314 -1.302266 -4.26667 -3.835197 -2.533333 -2.877307 -1.958301 -1.166639 -1.815633 -2.847968 -5.338142 -7.556521 -4.257562
-8.782612 -6.746371 -2.725704 -1.205834 -4.264203 -3.644004 -2.409769 -2.718648 -1.903579 -1.04568 -1.869454 -2.525906 -5.25631 -7.395325 -4.105974
-8.583967 -6.613419 -2.317667 -1.084294 -4.028331 -3.468229 -2.114659 -2.479062 -1.669967 -0.582174 -1.847868 -2.258239 -5.210244 -7.010112 -4.010368
-9.017189 -6.458303 -2.706364 -1.35659 -4.333544 -3.672651 -2.441538 -2.832043 -1.663252 -0.9519259 -1.777655 -2.414464 -5.32425 -7.19518 -4.364872
-9.118924 -6.652174 -2.755587 -1.575806 -4.20704 -3.621157 -2.444059 -2.921042 -1.849736 -0.9181469 -1.949496 -2.657367 -5.346769 -7.608079 -4.318485
-8.920638 -6.504769 -2.785669 -1.399404 -4.162941 -3.666656 -2.44573 -2.779607 -2.17879 -1.039311 -1.995717 -2.65149 -5.248606 -7.461666 -4.279261
-8.693315 -6.81016 -2.345129 -1.273299 -4.177242 -3.950772 -2.252106 -3.02638 -1.892975 -1.007326 -1.932332 -2.7088 -5.389128 -7.285244 -4.243129
-9.113324 -6.742023 -2.658932 -1.40899 -4.18937 -3.967515 -2.909318 -3.084439 -1.829315 -1.015928 -2.100506 -2.751414 -5.605147 -7.30848 -4.421974
-9.187315 -6.998997 -2.6672 -1.739338 -4.560628 -4.176882 -2.572599 -3.104056 -2.241345 -1.436044 -2.185305 -2.537373 -5.78034 -7.532095 -4.538852
-9.272271 -6.960828 -2.842898 -1.673978 -4.398143 -3.890163 -2.750633 -3.149266 -2.364501 -1.198786 -2.183774 -2.640831 -5.591018 -7.588033 -4.443695
-9.297214 -7.06765 -2.94408 -1.723532 -4.448514 -3.809756 -2.792442 -3.21352 -2.128639 -1.141042 -2.251741 -2.937994 -5.652567 -7.672152 -4.5984
-9.101643 -6.803429 -2.660224 -1.634394 -4.300734 -3.68391 -2.465962 -3.180045 -1.880992 -1.009636 -2.339571 -2.631911 -5.552852 -7.409803 -4.421909
-9.081588 -6.917344 -2.792637 -1.485016 -4.320508 -3.807217 -2.498079 -3.051871 -2.099333 -1.069204 -2.181444 -2.735342 -5.414629 -7.253655 -4.480974
-9.145292 -6.949324 -2.649636 -1.59279 -4.436821 -3.860606 -2.588835 -3.363075 -1.862118 -1.319449 -2.229512 -2.680086 -5.730937 -7.656543 -4.683064
-8.992184 -6.756484 -2.856531 -1.650238 -4.591683 -3.823807 -2.866977 -3.401227 -2.342158 -1.246713 -2.472615 -2.830459 -5.618071 -7.509278 -4.602439
-9.003976 -7.049675 -2.765558 -1.599315 -4.46063 -3.998366 -2.73863 -2.96925 -2.263052 -1.149577 -2.463631 -2.98642 -5.575167 -7.458885 -4.745209
-9.014196 -6.974254 -2.761515 -1.584033 -4.338207 -4.212449 -2.814044 -3.116981 -2.317593 -1.176948 -2.057459 -2.780212 -5.394632 -7.456823 -4.66805
-9.413527 -7.002512 -2.85996 -1.767449 -4.459807 -4.030575 -2.605301 -3.111398 -2.175006 -1.355489 -2.264082 -2.791743 -5.729996 -7.674419 -4.465761
-8.959769 -6.946765 -2.836774 -1.413972 -4.242005 -3.854102 -2.596119 -3.165982 -2.081211 -1.024742 -2.342512 -2.786621 -5.417407 -7.492367 -4.420071
-9.127302 -6.876207 -2.510388 -1.426644 -4.241673 -3.698227 -2.557203 -2.707775 -1.951418 -0.9293136 -2.320571 -2.413662 -5.511369 -7.500297 -4.42212
-9.124367 -6.861705 -2.463263 -1.286631 -4.311318 -3.880704 -2.70397 -3.067816 -2.346042 -1.318956 -2.23151 -2.677226 -5.633359 -7.42277 -4.708371
-8.867842 -6.811363 -2.865049 -1.569057 -4.443713 -3.897748 -2.717988 -2.762652 -2.179387 -1.449432 -2.194983 -2.749923 -5.532166 -7.454213 -4.663498
-9.455189 -7.141003 -3.082001 -1.835417 -4.633898 -4.119871 -2.911577 -3.275888 -2.396238 -1.274398 -2.477773 -2.826883 -5.73476 -7.813641 -4.611485
-9.329437 -7.272748 -3.221064 -1.970389 -4.813622 -4.292488 -2.969514 -3.498847 -2.68967 -1.594993 -2.592911 -3.252094 -5.876031 -7.903871 -4.788056
-9.455705 -7.125807 -3.210879 -1.775892 -4.595799 -4.088924 -2.774908 -3.521799 -2.434405 -1.476273 -2.725804 -3.156021 -5.946413 -8.182481 -4.838189
-9.017026 -7.104605 -2.918974 -1.702237 -4.343788 -4.02091 -2.675561 -3.003279 -2.356301 -1.261068 -2.369977 -2.83376 -5.710154 -7.820614 -4.57035
-9.016266 -6.857081 -2.744979 -1.55383 -4.377602 -3.707661 -2.616105 -3.126125 -2.212137 -1.306921 -2.379646 -2.513825 -5.371495 -7.459431 -4.294302
-9.118207 -7.127722 -2.78259 -1.494137 -4.269987 -4.004657 -2.849713 -3.088023 -2.168477 -1.466807 -2.444676 -2.582947 -5.551764 -7.654081 -4.459695
-9.16109 -7.299643 -2.98616 -1.640929 -4.308461 -3.921694 -2.781005 -3.408569 -2.315812 -1.397142 -2.437097 -2.829579 -5.765007 -7.56308 -4.587558
-9.055204 -7.086279 -2.704077 -1.809599 -4.399469 -4.205498 -2.549759 -3.135732 -2.086071 -1.264168 -2.225006 -3.217275 -5.494315 -7.488012 -4.34347
-9.172487 -7.060153 -2.902316 -1.796031 -4.634261 -4.091053 -2.946488 -3.279395 -2.304232 -1.352558 -2.380401 -2.871339 -5.65349 -7.776934 -4.508655
-9.096756 -6.972677 -2.629659 -1.733282 -4.494157 -3.983697 -2.698885 -3.284008 -2.282387 -1.209975 -2.235842 -2.616958 -5.358942 -7.548318 -4.26695
-9.069822 -6.899542 -2.598007 -1.389246 -4.506216 -3.78352 -2.648598 -3.07538 -1.988597 -1.199711 -2.104627 -2.692443 -5.576066 -7.444505 -4.502387
-8.902559 -6.747572 -2.748687 -1.252593 -4.17877 -3.836126 -2.405518 -2.877407 -1.800228 -1.082378 -2.061691 -2.668919 -5.384996 -7.076995 -4.263742
-8.799317 -6.723032 -2.49292 -1.445616 -4.000879 -3.835989 -2.522611 -2.93568 -1.90215 -1.074962 -2.269751 -2.421636 -5.262612 -7.310034 -4.36721
-8.667115 -6.429259 -2.333126 -1.050599 -3.641418 -3.314473 -2.120776 -2.802323 -1.794439 -0.810529 -1.9215 -2.334138 -4.926105 -7.336067 -4.083674
-8.739151 -6.322001 -2.261158 -1.081069 -3.96209 -3.808541 -2.176094 -2.846698 -1.617106 -0.7371346 -1.887144 -2.429429 -5.058992 -7.158429 -3.893719
-8.602584 -6.331517 -2.261092 -1.136069 -3.93185 -3.445175 -2.381481 -2.965308 -1.751001 -0.9033412 -1.78779 -2.290536 -5.037113 -7.093129 -3.992649
-8.793073 -6.674772 -2.212639 -0.9968431 -4.109022 -3.889555 -2.224759 -2.596835 -1.945644 -0.728814 -2.044504 -2.390229 -4.989715 -7.082513 -4.001602
-8.605019 -6.171186 -2.342129 -0.9232384 -3.860281 -3.285623 -1.986247 -2.541618 -1.233467 -0.6752524 -1.851159 -2.124978 -4.889265 -6.727371 -3.990821
-8.3668 -6.374613 -1.94318 -1.016467 -3.828003 -3.355509 -1.957969 -2.694891 -1.718078 -0.575256 -1.685592 -2.020862 -5.05525 -6.618559 -3.643085
-8.408588 -6.279103 -2.132059 -0.9750042 -3.9262 -3.24244 -2.25509 -2.387008 -1.410436 -0.496738 -1.764649 -1.963355 -5.005765 -6.781007 -3.914462
-8.163142 -6.019121 -2.093629 -0.690149 -3.645035 -3.337721 -1.76731 -2.252778 -1.221949 -0.2928138 -1.448821 -1.99664 -4.96642 -6.702275 -3.698361
-8.525706 -6.476354 -2.046743 -0.95389 -3.732738 -3.048745 -1.984878 -2.697553 -1.537987 -0.7433989 -1.643979 -1.968835 -4.682821 -6.964235 -3.946987
-8.272003 -6.121562 -2.080851 -0.8284715 -3.871356 -3.255992 -1.849885 -2.512037 -1.227823 -0.3731634 -1.286915 -1.961675 -4.866358 -6.707702 -3.722757
-8.183394 -6.402985 -1.852643 -0.8289356 -3.676875 -3.205086 -1.867665 -2.507294 -1.309203 -0.448675 -1.419694 -2.051069 -4.778244 -6.637806 -3.482271
-8.640687 -6.370589 -2.288813 -0.788304 -3.794686 -3.589036 -2.050971 -2.408504 -1.519676 -0.5943779 -1.722784 -2.048358 -4.785279 -7.092737 -3.954558
-8.09747 -5.984507 -1.757429 -0.4772271 -3.687247 -2.985606 -1.713187 -2.349884 -1.212417 -0.304592 -1.398326 -1.884973 -4.714912 -6.529633 -3.758025
-8.13688 -5.786433 -1.842619 -0.6788325 -3.461509 -3.032411 -1.820386 -2.325197 -1.23556 -0.4940728 -1.39079 -1.647823 -4.668805 -6.51611 -3.698059
-8.196119 -6.06749 -2.040197 -0.6174525 -3.466549 -3.041029 -1.762929 -2.260945 -1.195632 -0.2292931 -1.181041 -1.531495 -4.657931 -6.573911 -3.507051
-8.106357 -5.950497 -1.908852 -0.7738943 -3.296865 -2.964657 -1.849307 -2.204493 -1.296915 -0.2699116 -1.176036 -1.792844 -4.670952 -6.444619 -3.655607
-8.109255 -5.996309 -1.650568 -0.6058818 -3.147481 -2.988544 -1.354985 -2.251569 -0.978474 -0.1535102 -1.186391 -1.436463 -4.375575 -6.407802 -3.462198
-7.912032 -5.985064 -1.485791 -0.4423431 -3.316254 -2.909252 -1.392152 -1.989306 -0.9033307 -0.0513759 -1.131325 -1.538145 -4.400222 -6.388679 -3.293947
-7.79565 -5.782336 -1.559029 -0.3127379 -3.229217 -2.889493 -1.229949 -1.86728 -0.7726511 -0.1274049 -1.155689 -1.746381 -4.475561 -6.351645 -3.167402
-8.126977 -5.812728 -1.580783 -0.4732512 -3.344961 -2.830419 -1.713739 -2.258097 -1.124416 -0.2702206 -1.368523 -1.758625 -4.565825 -6.309732 -3.401654
-8.221228 -5.74184 -1.761706 -0.6576394 -3.293083 -2.946471 -1.641813 -1.919877 -1.071709 -0.1666549 -1.126566 -1.46729 -4.485153 -6.401576 -3.301421
-8.037927 -6.358388 -1.76412 -0.4073869 -3.435606 -2.683026 -1.876047 -2.268974 -1.062103 -0.3516866 -1.436718 -1.850971 -4.640078 -6.730548 -3.415574
-8.245927 -5.927976 -1.766124 -0.6368966 -3.62007 -3.094664 -1.803735 -2.280336 -1.268342 -0.3243595 -1.234788 -1.769993 -4.72289 -6.665508 -3.67286
-8.096587 -6.107586 -1.908758 -0.8918001 -3.530725 -3.229792 -1.779056 -2.45665 -1.249093 -0.660579 -1.453194 -2.065083 -4.805775 -6.824675 -3.662254
-8.394755 -6.458703 -2.211978 -0.9317344 -3.715166 -3.577965 -1.71557 -2.386552 -1.659382 -0.477013 -1.542408 -1.934646 -5.098088 -6.819375 -3.72453
-8.565369 -6.35871 -2.211792 -0.7925703 -3.847378 -3.498873 -2.0645 -2.468172 -1.848001 -0.4906773 -1.836989 -2.115786 -5.10826 -7.045116 -4.123989
-8.486317 -6.586164 -2.120576 -0.7899827 -3.789243 -3.366168 -2.447064 -2.452524 -1.418219 -0.7018699 -1.783301 -2.078178 -5.047475 -6.906675 -3.797281
-8.641156 -6.544337 -2.415108 -1.336 -4.144206 -3.461792 -2.306405 -2.502677 -1.629818 -0.847214 -1.833407 -2.125136 -5.144067 -6.943553 -4.08019
-8.791311 -6.355619 -2.16041 -1.003153 -3.996211 -3.537543 -2.325357 -2.690194 -1.566057 -0.8189506 -1.725018 -2.329851 -4.84992 -7.000233 -3.782819
-8.478614 -6.342087 -2.22589 -1.045927 -3.744676 -3.148226 -2.290566 -2.671845 -1.614861 -0.6680452 -1.483244 -2.171263 -5.006127 -6.815255 -3.911431
-8.463393 -6.545796 -2.27899 -0.9405971 -3.960891 -3.40717 -2.022255 -2.802859 -1.661824 -0.6383367 -1.697566 -2.109204 -5.120193 -7.004908 -4.155604
-8.581626 -6.541025 -2.323375 -1.106377 -4.099676 -3.325888 -2.157138 -2.419008 -1.590343 -0.7642446 -1.906005 -2.28877 -5.184661 -7.20768 -3.949796
-8.523286 -6.28776 -2.140784 -0.870082 -3.808716 -3.550239 -1.892351 -2.612712 -1.626412 -0.5315244 -1.633888 -2.273528 -4.893175 -6.899793 -3.889173
-8.25293 -6.366653 -1.873883 -0.8243766 -3.542352 -3.421551 -1.921141 -2.399428 -1.229998 -0.4374489 -1.541701 -2.026151 -4.745566 -6.758843 -3.806593
-8.109255 -6.264149 -1.861993 -0.6165691 -3.482665 -3.009592 -1.89716 -2.170453 -1.501229 -0.7202105 -1.291726 -1.945834 -4.526363 -6.584219 -3.401468
-8.554934 -6.360175 -2.290787 -1.078933 -3.795452 -3.449482 -2.327688 -2.43829 -1.516585 -0.7762134 -1.490441 -2.094007 -4.929121 -7.085168 -4.08035
-8.581716 -6.383965 -2.27143 -0.9276977 -4.050161 -3.615141 -2.139727 -2.534208 -1.596007 -0.7847627 -1.470567 -2.039209 -5.121415 -6.950935 -4.081053
-8.518499 -6.544131 -2.363547 -1.277294 -4.013184 -3.623202 -2.411561 -2.651742 -1.621888 -0.802857 -1.769007 -2.456081 -5.209278 -7.177901 -4.087592
-8.898504 -6.847555 -2.41537 -1.156033 -3.976382 -3.690911 -2.088889 -2.713115 -1.782252 -0.8233807 -2.050877 -2.501573 -5.114517 -7.290156 -4.252912
-8.503987 -6.602571 -2.459256 -0.9580965 -3.667861 -3.572057 -2.10898 -2.420538 -1.646973 -0.6084548 -1.57834 -2.133091 -5.001999 -6.890376 -4.070044
-8.728738 -6.352179 -2.437472 -1.105836 -4.160481 -3.610607 -1.932337 -2.607768 -1.658621 -0.7004388 -1.725854 -2.295014 -5.110227 -7.199375 -3.883698
-8.505884 -6.199075 -2.233408 -0.9717151 -3.638455 -3.221947 -2.238667 -2.530978 -1.639936 -0.6684919 -1.476532 -2.069539 -4.885042 -6.949753 -3.63801
-8.508825 -6.179438 -1.998351 -0.7975081 -3.654225 -3.117489 -2.113434 -2.546972 -1.286531 -0.6019898 -1.683782 -2.059566 -4.794376 -6.903164 -3.951201
-8.122119 -6.192226 -1.93619 -0.7785917 -3.211694 -3.030273 -1.902182 -2.250104 -1.24427 -0.526328 -1.319353 -1.784863 -5.016319 -6.567399 -3.625647
-8.326619 -6.132261 -2.068138 -0.8573974 -3.424021 -3.190448 -1.859513 -2.516168 -1.29812 -0.4642604 -1.335439 -1.817399 -4.83269 -6.638177 -3.813027
-8.409744 -6.058052 -2.204225 -0.901831 -3.811855 -3.4126 -1.820566 -2.320746 -1.573663 -0.62107 -1.669433 -1.975538 -4.998573 -7.017625 -3.875091
-8.467357 -6.32761 -2.04466 -1.021337 -3.847898 -3.202459 -1.935349 -2.498801 -1.262732 -0.3308103 -1.309059 -2.146728 -4.925832 -6.707274 -3.795517
-8.723337 -6.286884 -2.308037 -0.9440428 -3.874741 -3.449067 -1.834726 -2.671581 -1.582613 -0.4065074 -1.58158 -2.18386 -4.937486 -7.051272 -3.800541
-8.369602 -6.029482 -1.921907 -0.8975563 -3.779248 -3.385617 -2.195995 -2.194574 -1.517687 -0.8251413 -1.389333 -1.968153 -5.021201 -6.843211 -3.772113
-8.518875 -6.216461 -1.788768 -0.6184 -3.626669 -3.078154 -1.802938 -2.351185 -1.365218 -0.3416599 -1.368258 -2.056076 -4.89358 -6.841289 -3.592374
-7.958251 -6.184199 -1.734128 -0.6276638 -3.390904 -3.044004 -1.778109 -2.038334 -1.300976 -0.4246036 -1.413292 -1.928041 -4.591597 -6.616717 -3.385131
-8.386104 -5.837692 -2.011561 -1.083179 -3.47116 -2.972838 -1.914415 -2.514324 -1.402699 -0.4331841 -1.218127 -1.838907 -4.748503 -6.64748 -3.732155
-8.467542 -6.230165 -1.666189 -0.8732625 -3.384822 -3.005695 -1.565916 -2.120529 -1.426902 -0.197356 -1.645252 -1.875781 -4.732582 -6.847364 -3.413752
-8.27503 -6.277353 -1.963103 -0.6239576 -3.529763 -2.837402 -1.741742 -2.207964 -1.077482 -0.4816693 -1.25156 -1.904046 -4.542639 -6.90496 -3.435704
-8.420112 -5.885151 -1.892512 -0.6704472 -3.321606 -2.892932 -1.660187 -2.119197 -1.440792 -0.3442223 -1.348659 -1.990657 -4.573351 -6.647767 -3.465762
-8.02593 -6.005153 -2.006252 -0.684564 -3.673097 -2.955586 -1.675115 -2.085433 -1.329299 -0.3281258 -1.264184 -1.890035 -4.658596 -6.681928 -3.723753
-8.10254 -6.056207 -1.970559 -0.4315233 -3.523271 -3.175289 -1.780299 -2.211499 -1.241613 -0.3169837 -1.379693 -1.845058 -4.721608 -6.869537 -3.511813
-8.287809 -5.810677 -1.985261 -0.4951861 -3.42256 -3.190145 -1.871701 -2.188364 -1.347005 -0.4241744 -1.214964 -1.877529 -4.539514 -6.702958 -3.648097
-8.089915 -5.941669 -1.599 -0.3619426 -3.467055 -2.751337 -1.846576 -1.889812 -1.032192 -0.07023489 -1.326816 -1.634435 -4.542134 -6.550017 -3.358204
-7.669923 -5.765706 -1.433874 -0.3948964 -3.075074 -2.660236 -1.459526 -1.90107 -1.020334 0.1676684 -0.9180762 -1.469667 -4.192674 -6.294414 -3.361434
-8.142508 -5.681499 -1.734597 -0.3647413 -3.20227 -2.870725 -1.397646 -1.866797 -1.060477 -0.2049054 -0.9854753 -1.402143 -4.54007 -6.465699 -3.262152
-8.170369 -5.98883 -1.755556 -0.5508242 -3.317932 -2.96037 -1.72877 -2.096505 -1.154204 -0.09853763 -1.254374 -1.706917 -4.821079 -6.435187 -3.557324
-8.256995 -6.237737 -2.020717 -0.8464081 -3.5617 -3.124507 -1.661603 -2.273828 -1.351744 -0.2950775 -1.526221 -2.222584 -4.739538 -6.700222 -3.659942
-7.984906 -5.772185 -1.637288 -0.6004771 -3.13858 -2.981187 -1.820578 -2.038328 -0.9972054 -0.1378192 -1.254889 -1.816964 -4.45996 -6.478373 -3.517736
-8.064276 -5.965464 -1.901225 -0.4068768 -3.48033 -3.059143 -1.685781 -2.25276 -1.200876 -0.3331588 -1.225977 -1.823119 -4.673971 -6.535381 -3.19621
-8.364967 -5.916936 -1.744341 -0.7239922 -3.413807 -3.170937 -1.674488 -2.232916 -1.311836 -0.1672754 -1.464192 -1.894154 -4.407224 -6.559896 -3.633466
-7.908284 -5.962242 -1.774174 -0.4823908 -3.086979 -2.767111 -1.377152 -2.053853 -1.223343 -0.01494602 -1.198435 -1.647678 -4.522097 -6.508178 -3.249064
-7.883866 -5.689438 -1.650671 -0.5663346 -3.332964 -2.870775 -1.610591 -2.199619 -1.014396 -0.3532106 -0.9493617 -1.692261 -4.55795 -6.385384 -3.707242
-7.895105 -5.781598 -1.385765 -0.4356855 -3.345056 -2.729724 -1.741939 -1.946359 -0.9432895 -0.0633826 -0.8540251 -1.518237 -4.232753 -6.255344 -3.225072
-7.91227 -5.528428 -1.743964 -0.4832884 -3.082535 -2.692457 -1.331319 -1.909495 -0.9378463 0.150462 -1.019298 -1.298579 -4.443629 -6.183996 -3.113857
-7.929794 -5.99273 -1.774741 -0.5358705 -3.493223 -2.947435 -1.561735 -1.945423 -0.9652109 -0.2576026 -1.215469 -1.816988 -4.439409 -6.478684 -3.389375
-7.999766 -5.797765 -1.577696 -0.2169312 -3.05725 -2.723835 -1.257075 -1.956061 -0.8217875 -0.1838231 -0.8705862 -1.545059 -4.380243 -6.449386 -3.485149
