probIn scale
0.4992066 0.1187752
0.4968128 0.111738
0.429129 0.1072235
0.4749008 0.1016013
0.3806149 0.1028861
0.3881684 0.104438
0.3697388 0.1034005
0.4358461 0.1022858
0.3768364 0.09600968
0.3484086 0.09680609
0.312201 0.09980588
0.2446826 0.103025
0.2645221 0.107452
0.2747861 0.1030232
0.3055179 0.1070183
0.2406067 0.1005467
0.2237242 0.09538483
0.2230985 0.09931617
0.2081192 0.1040935
0.2728582 0.1111234
0.2789579 0.1079132
0.2444498 0.1068545
0.2200958 0.1070191
0.2248992 0.09992582
0.1705289 0.1039643
0.2107022 0.113884
0.2204507 0.1157587
0.2268242 0.1165513
0.1769684 0.1090846
0.1757684 0.1034828
0.1973815 0.1022233
0.2131836 0.1065376
0.1385815 0.09788572
0.1428322 0.10433
0.1996939 0.1072214
0.1615116 0.10822
0.2061783 0.1113025
0.2003016 0.1105812
0.201431 0.1072372
0.1424872 0.1244202
0.1122207 0.14411
0.1057263 0.1499726
0.1535212 0.1632412
0.1781585 0.1586485
0.18992 0.1664492
0.2178091 0.1605899
0.213048 0.1454381
0.2193026 0.1546146
0.1915766 0.1520393
0.2101569 0.1519497
0.2279764 0.1502907
0.1899945 0.1561689
0.1351572 0.1502058
0.1214439 0.1445619
0.1607536 0.1481026
0.158856 0.1370373
0.161979 0.1388144
0.1595843 0.1419456
0.2609074 0.1398001
0.2329882 0.1320685
0.1720951 0.1227889
0.2075056 0.117182
0.1821795 0.115263
0.2157537 0.1080823
0.1945402 0.1158136
0.1713046 0.119988
0.177795 0.120929
0.2051612 0.1343241
0.2037058 0.1170026
0.2097918 0.113285
0.2450369 0.1167891
0.193564 0.1058462
0.1171461 0.104746
0.1877215 0.09698127
0.2107914 0.09316241
0.256628 0.09102107
0.3019667 0.08641
0.3472078 0.09543104
0.330625 0.09207742
0.3252179 0.08316159
0.2785159 0.08154362
0.2340154 0.08683271
0.2427822 0.0801705
0.2363501 0.08585006
0.2233912 0.08505526
0.2496833 0.08834508
0.2580732 0.08240636
0.2639584 0.08519876
0.2408944 0.08322724
0.2778097 0.07599649
0.3327482 0.0793632
0.3547816 0.07940829
0.272409 0.08389444
0.2548398 0.08024698
0.31783 0.07538344
0.3301409 0.06902642
0.3425079 0.0735534
0.3733621 0.06447519
0.3674126 0.06709312
0.3355254 0.06603685
0.340233 0.0652798
0.4464433 0.06473067
0.4831831 0.06409544
0.4045402 0.06236239
0.4253322 0.06696812
0.3444223 0.07700934
0.3559764 0.08078516
0.3381708 0.07682096
0.3312962 0.08031196
0.311907 0.08160052
0.3193936 0.07725071
0.2434406 0.07204301
0.2930003 0.06572822
0.36146 0.06113815
0.343775 0.06689331
0.3487741 0.06411113
0.3076584 0.06717932
0.3431272 0.07186363
0.3686343 0.07060758
0.3671465 0.07814603
0.3678591 0.08068598
0.3500671 0.07961089
0.3480495 0.077993
0.4015068 0.07577205
0.4509782 0.0695579
0.4809893 0.07588651
0.4282789 0.07806607
0.4454487 0.07795884
0.4287253 0.07922815
0.4744511 0.07984191
0.4660996 0.07358297
0.4717347 0.07164862
0.4047568 0.06916005
0.434354 0.07379096
0.4230001 0.07837763
0.3884406 0.07426185
0.4101327 0.06801503
0.3997179 0.07078536
0.2976201 0.07039519
0.2587696 0.06895192
0.2622727 0.06419715
0.2647843 0.05875267
0.2221514 0.0624513
0.2038025 0.06656884
0.2563782 0.0600096
0.2627127 0.06649152
0.2390086 0.06281213
0.2525432 0.06070248
0.249624 0.06676266
0.2477733 0.07183503
0.2283397 0.07498644
0.2679699 0.0784516
0.3474588 0.07852721
0.3787889 0.07954871
0.4293504 0.07773099
0.4061236 0.07037117
0.3695538 0.06973379
0.4032042 0.06640859
0.4451552 0.0654039
0.4322974 0.05772376
0.4246302 0.06144647
0.3428382 0.05891165
0.3437865 0.05635306
0.3217124 0.05914938
0.366635 0.05425824
0.2936093 0.05575873
0.3501725 0.05709949
0.3336917 0.05758114
0.2795868 0.06412541
0.2607101 0.0664854
0.2580041 0.0701124
0.265653 0.06680783
0.2683693 0.06546723
0.2238083 0.06573519
0.2739351 0.0669106
0.2535331 0.06484814
0.2980882 0.063981
0.2383458 0.0649947
0.2675955 0.06528787
0.2272173 0.07024838
0.3036608 0.07280759
0.3609968 0.07013849
0.3573457 0.07609459
0.3557419 0.07841062
0.3870129 0.08676178
0.4181773 0.07509236
0.4144926 0.0771899
0.474519 0.07250723
0.4714366 0.07196902
0.4305566 0.06963926
0.4992223 0.0689734
0.4502987 0.07112819
0.3975286 0.06665741
0.4228792 0.07038588
0.3956311 0.0753231
0.3840371 0.07296237
0.3737521 0.07080606
0.3265656 0.06705323
0.3357172 0.06606731
0.3292918 0.062867
0.2881698 0.0641779
0.3032049 0.06381007
0.3272769 0.06302098
0.3492825 0.06353465
0.3226201 0.06343378
0.3258364 0.06804654
0.3001799 0.0710519
0.2954144 0.06673747
0.2945932 0.06458593
0.2639541 0.0709966
0.2727297 0.06808948
0.2746032 0.06458899
0.3002095 0.06493658
0.2980766 0.06213578
0.3012214 0.06379043
0.2532463 0.06419207
0.343062 0.06574221
0.2936883 0.06078471
0.3355401 0.06291003
0.3856051 0.06367797
0.3662764 0.06456019
0.3821491 0.06573099
0.4314221 0.06118162
0.4195818 0.06057893
0.4511727 0.06996536
0.4217691 0.06950688
0.4786414 0.06508876
0.5742488 0.07548394
0.5725412 0.06408176
0.5475267 0.06684232
0.5542052 0.0637382
0.5685588 0.06831997
0.5302758 0.05789677
0.5911639 0.05513361
0.4471365 0.05273173
0.4636453 0.05169851
0.4519598 0.05425362
0.4999855 0.05885918
0.4911539 0.06353565
0.5139344 0.05923142
0.4656629 0.06234145
0.4292133 0.06109844
0.4586385 0.06582678
0.4597877 0.06626906
0.4429609 0.06417874
0.4011853 0.06117495
0.3086659 0.06360427
0.3879742 0.06531651
0.4166248 0.06513753
0.3901928 0.05723739
0.4561209 0.05903938
0.4148138 0.06031978
0.3840685 0.05488311
0.4287489 0.05129753
0.4369807 0.04798944
0.4024027 0.04938563
0.4561641 0.04689167
0.4194008 0.04637513
0.4218497 0.04418243
0.45994 0.0457935
0.4515087 0.04310701
0.4807336 0.04270955
0.4844416 0.04711875
0.4076453 0.04543241
0.3493009 0.04239223
0.457072 0.04248018
0.4406773 0.04187201
0.4403286 0.0459998
0.4120587 0.04861367
0.3782907 0.05162464
0.4021633 0.05143123
0.4660056 0.0488505
0.4173644 0.04200488
0.4661724 0.04305074
0.4504862 0.04270445
0.5091856 0.04056403
0.4943541 0.04343534
0.5033599 0.04351255
0.4981713 0.04410273
0.452118 0.04388777
0.4281844 0.04047531
0.5244181 0.04488444
0.4897033 0.04526835
0.504279 0.04354285
0.4991939 0.04082627
0.3983938 0.04438866
0.4731919 0.04534632
0.4584365 0.04214723
0.5132428 0.04194498
0.4713202 0.04079523
0.4738156 0.03733958
0.418653 0.04357135
0.3700114 0.045057
0.3713758 0.05305107
0.4112319 0.05277982
0.4679291 0.05410789
0.5157225 0.04942386
0.4372166 0.05088736
0.3817826 0.05019957
0.359558 0.04683177
0.3494083 0.04648618
0.3208589 0.04631008
0.4436687 0.04376627
0.5242647 0.04797347
0.5286073 0.04508493
0.5333396 0.0439756
0.574814 0.04234252
0.5289722 0.03540991
0.6350436 0.03645725
0.5391745 0.03648002
0.4172439 0.03674214
0.4169283 0.03668746
0.4379609 0.03624886
0.5090479 0.03609412
0.5045758 0.03971042
0.5877965 0.03863179
0.589259 0.03713757
0.6619941 0.03472015
0.5956194 0.03781296
0.6281056 0.03766195
0.6537975 0.03785597
0.7018425 0.03441113
0.6358726 0.03251169
0.5782643 0.03308734
0.5401431 0.03758732
0.4563971 0.03935378
0.5219618 0.04060781
0.5187596 0.03659826
0.477159 0.03670707
0.4301676 0.03410976
0.5029985 0.03834307
0.4273163 0.0365304
0.415297 0.03979034
0.3950587 0.03817197
0.3650367 0.03299291
0.3402154 0.03536803
0.394123 0.03374894
0.4040531 0.03207894
0.3861219 0.03218656
0.4285346 0.03007138
0.4848389 0.02861348
0.4597108 0.02781693
0.4727785 0.02999322
0.5126889 0.03007229
0.569141 0.02785667
0.5941077 0.02957787
0.6042537 0.02964994
0.6056499 0.02657409
0.6075741 0.02612712
0.5677277 0.02898053
0.5541946 0.02987373
0.5613417 0.02791307
0.5155061 0.02674279
0.5041249 0.02630469
0.5786431 0.02684357
0.5692561 0.02737873
0.5975769 0.02890053
0.6503109 0.02980142
0.6424122 0.02937063
0.6575596 0.03119678
0.626201 0.02961039
0.6184928 0.02867266
0.6008371 0.02792963
0.5560694 0.02855037
0.6263004 0.0301721
0.6542855 0.03062583
0.656191 0.03278489
0.6324706 0.03163084
0.6445222 0.03123676
0.6374261 0.03043208
0.6480074 0.03321959
0.5908527 0.03370298
0.5445546 0.03432811
0.5482551 0.03467635
0.5820235 0.03520801
0.5878235 0.03363303
0.6329941 0.03546171
0.7394051 0.03150736
0.6821162 0.0318671
0.6328347 0.03267259
0.5887599 0.03208336
0.594594 0.03432684
0.605626 0.03582624
0.5215977 0.03737924
0.5413405 0.0367939
0.4921024 0.03811271
0.562491 0.03917337
0.5377853 0.03928813
0.5155414 0.04007379
0.5601743 0.04017067
0.4909589 0.0381135
0.5005008 0.03981117
0.4352459 0.03731268
0.4346378 0.03913837
0.4008328 0.03898622
0.3912218 0.03907516
0.3801104 0.04086774
0.3612867 0.04016394
0.3783191 0.04030257
0.4185276 0.04433849
0.4281349 0.04079015
0.443082 0.04569257
0.4452491 0.0458151
0.3997908 0.04530805
0.3476662 0.04096588
0.3290256 0.04071849
0.3709469 0.03988252
0.4285598 0.03846711
0.4525872 0.04097414
0.5387736 0.04597248
0.5815737 0.04609224
0.5226255 0.04781573
0.472774 0.05255833
0.477363 0.05165494
0.4857193 0.05469108
0.4753708 0.05559093
0.4881756 0.05635076
0.4693335 0.05370141
0.4606445 0.05194491
0.4390671 0.05320909
0.4570537 0.04938066
0.412077 0.04781597
0.3992125 0.0500602
0.4015772 0.05382358
0.5135465 0.0477771
0.4193461 0.04942682
0.3351262 0.0508147
0.2900999 0.0529401
0.3330581 0.0516098
0.3054289 0.0512611
0.3704002 0.05321791
0.3219482 0.05674244
0.2328638 0.05709378
0.2916429 0.05616646
0.2857685 0.05516496
0.2653715 0.05750052
0.2680357 0.05712824
0.2448784 0.06156514
0.2487515 0.06761524
0.2689696 0.07171358
0.2356596 0.07853923
0.2465348 0.08019893
0.3264654 0.08245563
0.3115144 0.08646278
0.3807453 0.07998501
0.3566833 0.07351797
0.3484107 0.07626344
0.3381338 0.07084548
0.3369974 0.07025417
0.3566382 0.07057707
0.4150665 0.06471701
0.433139 0.06019718
0.4633341 0.05242593
0.4273208 0.04939135
0.4037084 0.05370159
0.379912 0.05401614
0.3729395 0.06049807
0.2904529 0.06521867
0.3350205 0.06726696
0.2359201 0.06646977
0.2263018 0.06663486
0.285546 0.06907915
0.2769506 0.0643286
0.3151667 0.06506091
0.2993995 0.06843311
0.3488145 0.06860049
0.4236962 0.06651081
0.4108413 0.06333785
0.4021891 0.06402764
0.3812892 0.06111433
0.4761351 0.06096309
0.5148719 0.05893089
0.5466724 0.06042729
0.4527372 0.06295108
0.4633145 0.06097719
0.4730069 0.05414279
0.4373136 0.0499699
0.3958951 0.05063119
0.4212446 0.05437996
0.4014628 0.05435742
0.4010146 0.05828042
0.3656505 0.06008939
0.3546562 0.05605719
0.3724936 0.05760572
0.4210705 0.05325746
0.3971329 0.05135423
0.3220864 0.05132265
0.3923037 0.05266392
0.3819985 0.04882855
0.4263342 0.05228155
0.430043 0.05135879
0.3932089 0.05144273
0.3699456 0.05044364
0.4121177 0.05391651
0.3543083 0.04982857
0.3114779 0.05017781
0.2919711 0.05138091
0.3337756 0.0530969
0.3871633 0.05699078
0.3582854 0.05671879
0.3204257 0.05659822
0.3502548 0.0531413
0.2395593 0.05775248
0.2401522 0.06057339
0.2737288 0.06676854
0.2930856 0.0627757
0.2909524 0.06462027
0.3198207 0.06874464
0.2681062 0.07760183
0.2621089 0.07748278
0.2397503 0.0881565
0.2514337 0.09500808
0.2040213 0.1006448
0.2548672 0.1073974
0.2029502 0.1008935
0.235467 0.1069677
0.2312894 0.105013
0.2489683 0.1012039
0.2259496 0.100284
0.1672454 0.1034171
0.1559408 0.09468571
0.1998284 0.09410568
0.2373572 0.09860629
0.217981 0.09692861
0.3045271 0.1010357
0.3046546 0.09551259
0.3215248 0.09641448
0.2900186 0.09824528
0.2982989 0.09209272
0.3614523 0.08469072
0.3558474 0.08592804
0.3688327 0.08061445
0.3556114 0.08104017
0.3284794 0.07766235
0.3546479 0.07532235
0.3830863 0.07549586
0.3969424 0.08381817
0.4294072 0.0744089
0.4453802 0.06671624
0.4207953 0.0703116
0.4459018 0.07145934
0.4463931 0.07033003
0.4044929 0.07365137
0.3056595 0.07701693
0.2851453 0.0775298
0.3792545 0.07414009
0.323609 0.08019972
0.292453 0.06994015
0.2649675 0.0726513
0.2528773 0.07562926
0.2428805 0.07642288
0.1973036 0.07254618
0.2390935 0.07355994
0.2648631 0.0749557
0.2893083 0.07090071
0.3092973 0.0713096
0.2850629 0.07082125
0.2384881 0.07652205
0.2538155 0.07424679
0.2535303 0.07318253
0.264335 0.07391236
0.2395229 0.06899888
0.237745 0.06892227
0.2541069 0.07486187
0.2574338 0.08641035
0.3172642 0.08031608
0.4188139 0.07787956
0.4212858 0.07446227
0.351999 0.0803953
0.3901421 0.07744939
0.3423469 0.07951485
0.2838547 0.08548241
0.2687596 0.0819791
0.2844652 0.08185455
0.2474575 0.07991741
0.2899334 0.08576503
0.2516958 0.08245879
0.2883832 0.07960977
0.2879396 0.07920736
0.3809909 0.07851663
0.3271779 0.07587282
0.2917571 0.07553491
0.3073809 0.07263234
0.3263288 0.06497224
0.3037867 0.06796364
0.3098723 0.06715009
0.2843339 0.06847831
0.3727361 0.06556292
0.3517476 0.06295516
0.3382636 0.05902775
0.3313012 0.06268327
0.3028057 0.0602506
0.3045064 0.05912293
0.2737432 0.05367926
0.2519761 0.05669013
0.2139441 0.05723856
0.2462792 0.05580841
0.2052173 0.05513196
0.2185651 0.05408559
0.2735126 0.05024675
0.3469742 0.05224478
0.4456544 0.05511211
0.4154188 0.05509482
0.4367811 0.05690126
0.4402443 0.06241968
0.3938534 0.06180692
0.3474874 0.06350639
0.3629327 0.0593954
0.3335836 0.05912119
0.2705821 0.06031552
0.2811602 0.06347087
0.2434591 0.06444145
0.2725797 0.0661268
0.2734108 0.06590158
0.3759032 0.06540366
0.321379 0.06907233
0.4118467 0.06737704
0.442802 0.06395181
0.3469192 0.06358552
0.311895 0.06010991
0.3740464 0.05964881
0.3445595 0.0645728
0.4338117 0.06312133
0.4925454 0.06000219
0.5166045 0.05758548
0.4644967 0.0609916
0.4632717 0.05523858
0.445678 0.06017864
0.4384684 0.06095905
0.3819695 0.06382583
0.3895525 0.06692744
0.3926154 0.05974237
0.4000129 0.06353827
0.4311482 0.06698071
0.454017 0.06550227
0.463777 0.06202208
0.4784472 0.06260644
0.4951409 0.05830001
0.4854136 0.05795884
0.4602894 0.06054097
0.4405177 0.06133566
0.4341463 0.06675333
0.3774464 0.07435179
0.3710051 0.07909026
0.3447636 0.07673231
0.3136911 0.0725961
0.2591911 0.07216915
0.2951568 0.06492122
0.3230858 0.06315485
0.3081991 0.06555556
0.3241505 0.06875121
0.3636492 0.06490897
0.4667402 0.06134424
0.4549985 0.05955206
0.4077823 0.06127562
0.3852573 0.05882713
0.3913012 0.0599555
0.4327305 0.05842898
0.4628211 0.05896847
0.4292591 0.05583986
0.3580893 0.05199575
0.4042678 0.05354826
0.390906 0.05278373
0.3803998 0.0581673
0.3880598 0.05764754
0.4363372 0.04959939
0.4523698 0.04786392
0.4219635 0.04525413
0.4539661 0.04162832
0.5106669 0.03908441
0.4994687 0.03835578
0.4934071 0.04058178
0.5493477 0.04132902
0.5153428 0.0423671
0.515905 0.04242779
0.5988067 0.04346634
0.6298946 0.04423881
0.6011886 0.04138692
0.6535464 0.03990951
0.586834 0.03737544
0.7101381 0.03923659
0.6192621 0.04311572
0.6570381 0.04011586
0.7374952 0.04254292
0.7097717 0.0433777
0.6639546 0.04250443
0.6905384 0.04403417
0.6016487 0.04563037
0.5384237 0.04381236
0.4964604 0.04659383
0.5076232 0.04640153
0.5181839 0.04465877
0.478717 0.04750166
0.4875658 0.04575741
0.4241157 0.04498896
0.3861829 0.0448641
0.4115557 0.04178203
0.497713 0.04117613
0.4780619 0.04042358
0.5114032 0.04416147
0.3875097 0.04500836
0.3666261 0.04551765
0.3658748 0.0429116
0.4077946 0.04343812
0.4117397 0.04835514
0.4508156 0.04807792
0.5376259 0.04564522
0.56275 0.04423617
0.5764019 0.04569323
0.4901237 0.04573904
0.4669248 0.04559619
0.4716552 0.04383847
0.5238235 0.04249855
0.4901216 0.04280821
0.5413659 0.04137702
0.5645022 0.03950111
0.5602101 0.03925334
0.4188071 0.03553061
0.4966452 0.03645889
0.4684191 0.03827121
0.4492886 0.03857506
0.436937 0.03870378
0.344631 0.03494592
0.4170621 0.03410918
0.4328933 0.0339454
0.45429 0.03438539
0.4465245 0.03682974
0.5654718 0.03701744
0.5466949 0.04201757
0.5503743 0.04485738
0.5129693 0.04478964
0.4830355 0.04957972
0.4654847 0.0531912
0.4508263 0.05359088
0.4683496 0.05378935
0.4552455 0.05031812
0.4873852 0.05111181
0.5089198 0.04761232
0.5268076 0.04590229
0.5194712 0.04655625
0.473727 0.05020607
0.5167374 0.04368245
0.4910202 0.04660907
0.5547124 0.04355721
0.5359017 0.04217285
0.5647669 0.04116036
0.5023372 0.03892271
0.5206588 0.03811133
0.471704 0.03625647
0.5518615 0.03611025
0.5775727 0.0394744
0.6199156 0.04070492
0.5908678 0.03909536
0.6230559 0.03670462
0.6386363 0.03452438
0.6001811 0.03376094
0.634403 0.03482217
0.6187795 0.03512155
0.5424643 0.03541545
0.5737602 0.03467095
0.5973861 0.03369236
0.6437715 0.03370668
0.6091393 0.03545528
0.6460035 0.03279531
0.6188169 0.03151283
0.5080801 0.03380798
0.5549388 0.03152841
0.5823698 0.03262237
0.5622935 0.03323449
0.4955335 0.03569789
0.547069 0.03231058
0.5408999 0.03315247
0.5183958 0.0340923
0.4721152 0.03331359
0.3569369 0.0308793
0.3861518 0.03159489
0.3945025 0.0310252
0.5195255 0.03172417
0.5258275 0.03206688
0.476342 0.03330264
0.4463395 0.03254027
0.4192659 0.03140594
0.3728941 0.03301099
0.3689644 0.03586683
0.3454248 0.03492977
0.4566204 0.03799596
0.4725797 0.03376973
0.438895 0.03207642
0.4860941 0.0310421
0.5435547 0.02960063
0.5765799 0.02914871
0.6181038 0.02925778
0.661474 0.0280092
0.6924714 0.02834521
0.6939542 0.02885733
0.6459549 0.02656628
0.7057019 0.02483212
0.5835199 0.02508671
0.605919 0.02462969
0.5757775 0.02161302
0.5802562 0.02243236
0.5484199 0.02380048
0.6104771 0.02215673
0.6380612 0.02343509
0.6523482 0.02347727
0.6663886 0.02474056
0.7201662 0.02476878
0.6830214 0.02413549
0.7082797 0.02443236
0.6615397 0.02364485
0.5864013 0.02361688
0.5688397 0.02292346
0.5141049 0.02428472
0.5506121 0.02323126
0.5920689 0.02420087
0.6766252 0.02161401
0.58632 0.02311146
0.5698874 0.02617652
0.5799196 0.02511659
0.4970832 0.02440307
0.4958623 0.02527992
0.5623866 0.02515605
0.5662679 0.02472426
0.6021182 0.02401905
0.6122829 0.02329041
0.6072395 0.02305852
0.593322 0.02258515
0.5633446 0.02496007
0.4754817 0.02368078
0.5548661 0.02335724
0.6236227 0.02351566
0.6163637 0.02126152
0.6002088 0.02041001
0.588982 0.01950849
0.612643 0.01915921
0.6523066 0.01908525
0.6915358 0.01903657
0.7112956 0.01928957
0.690518 0.01958141
0.7161444 0.02064389
0.6706479 0.02134352
0.6913174 0.02272489
0.7166505 0.02226321
0.7350059 0.02308237
0.7239037 0.02397138
0.6935023 0.02275854
0.6598626 0.02267905
0.6009599 0.02219321
0.5883586 0.0232609
0.622362 0.02008917
0.6062789 0.02039124
0.6396507 0.01915485
0.6525409 0.02099058
0.6541261 0.02146471
0.7127528 0.02216295
0.6703396 0.02373531
0.7009506 0.02382834
0.6762972 0.02407767
0.6866626 0.02350472
0.6711612 0.02483511
0.6213273 0.02542772
0.5427669 0.02689703
0.5314602 0.02399155
0.5415569 0.0253266
0.6134784 0.02508923
0.6316782 0.0247914
0.6601998 0.02528232
0.6695864 0.02634709
0.693226 0.02756217
0.611694 0.02627907
0.5523701 0.02642603
0.5706794 0.02883773
0.5191974 0.02941612
0.5504577 0.02732901
0.5550351 0.0289877
0.5628404 0.02929489
0.5681049 0.03062457
0.606656 0.03165119
0.5809556 0.03094786
0.6029693 0.03276807
0.6372588 0.03386513
0.6778019 0.03362482
0.6196474 0.03171863
0.6052364 0.03036421
0.6562787 0.03237366
0.6073554 0.0305979
0.5772417 0.02991427
0.5138523 0.03027226
0.4822992 0.02929135
0.5563856 0.03310582
0.4712373 0.0330685
0.5599409 0.03529221
0.5133813 0.03220432
0.5533179 0.0309828
0.5735745 0.03491404
0.5497245 0.03299974
0.4501766 0.03288057
0.4172748 0.03380743
0.3981086 0.03571905
0.4394008 0.03618149
0.4407323 0.03666307
0.4549322 0.03976471
0.5627979 0.04190128
0.5548422 0.04338123
0.5838763 0.04053901
0.5127635 0.04201852
0.5126026 0.04062262
0.4754649 0.0424339
0.43642 0.03928936
0.5340515 0.04094544
0.6287443 0.03893019
0.6271559 0.03652849
0.6623122 0.03318507
0.6450067 0.03493078
0.6097152 0.03299217
0.6615525 0.03125559
0.5946192 0.03240518
0.6359536 0.02799759
0.7216338 0.02745259
0.6554481 0.02761563
0.6288918 0.02875678
0.6275789 0.0285352
0.6138587 0.02919725
0.6676507 0.02711322
0.7110975 0.0275484
0.7284938 0.02865876
0.6230628 0.02610889
0.6199949 0.02690606
0.5915548 0.02840155
0.6132487 0.02782183
0.5936694 0.03148902
0.6222079 0.02821296
0.5648658 0.02906927
0.5847998 0.02748877
0.6161615 0.02960988
0.5973546 0.03083218
0.5605762 0.03156851
0.5023862 0.03025927
0.5279187 0.03023517
0.5500852 0.02954424
0.5632292 0.03042066
0.6280598 0.02806438
0.636488 0.02698296
0.6329157 0.02547275
0.6161797 0.02631567
0.6125676 0.02662766
0.6178026 0.02479198
0.6362127 0.02530821
0.5692357 0.02693623
0.5901207 0.027153
0.6400149 0.02652507
0.6868208 0.02521114
0.6649691 0.02523963
0.6710117 0.02594852
0.7158661 0.0270395
0.7044904 0.02529364
0.7169356 0.02511382
0.6648191 0.02863523
0.607941 0.02821907
0.5661656 0.02666297
0.5050677 0.02529477
0.5116109 0.02544375
0.4933256 0.027557
0.4830219 0.03022091
0.4609022 0.03111191
0.4408612 0.03057448
0.5142372 0.02944023
0.5425888 0.02746067
0.589566 0.02727134
0.5389195 0.02568398
0.5334023 0.02651763
0.5430355 0.02632445
0.5644746 0.0244779
0.5027097 0.02598544
0.552186 0.02756604
0.592834 0.0293853
0.5734334 0.02676275
0.5288293 0.0306003
0.5973625 0.02821591
0.5807826 0.02867357
0.5518626 0.02641335
0.504765 0.02708932
0.5093167 0.02381864
0.4642218 0.02138137
0.4970125 0.02301198
0.4983805 0.02146721
0.5140966 0.02294405
0.5602989 0.02327104
0.5607417 0.02334187
0.6147639 0.02435348
0.6345451 0.02105557
0.6745073 0.01923588
0.6685816 0.01846456
0.6792775 0.01902353
0.668767 0.02015757
0.6799078 0.02104335
0.68539 0.02107289
0.6821096 0.02307797
0.6740907 0.02246044
0.711425 0.0241483
0.7244421 0.02259263
0.7031195 0.02199264
0.7250095 0.02214662
0.692947 0.02185416
0.65006 0.02139446
0.7133168 0.02216661
0.743688 0.02040965
0.7329334 0.01969094
0.7019058 0.01957012
0.6377828 0.01936338
0.6206398 0.01899024
0.6421589 0.01922837
0.6595801 0.01982889
0.6647096 0.02119023
0.6750421 0.02071938
0.6714451 0.02175351
0.6449293 0.02279045
0.5839 0.02080108
0.5860087 0.02241632
0.6419387 0.02290217
0.613299 0.02311307
0.5429074 0.02295021
0.5320382 0.02325314
0.5757971 0.02328714
0.5549877 0.02107101
0.565646 0.02114301
0.5741682 0.02082722
0.5161657 0.0194097
0.5225837 0.02077253
0.5419255 0.02286343
0.5723902 0.02292223
0.5661816 0.02218709
0.5193313 0.02284401
0.5065134 0.02160478
0.5439796 0.02247673
0.5180553 0.02044456
0.5163987 0.02222872
0.4504124 0.02414054
0.5672623 0.02350391
0.5700675 0.0227772
0.6641843 0.02142637
0.6266688 0.02060495
0.5512952 0.02005709
0.5062645 0.02096861
0.5076955 0.02072247
0.432987 0.02191473
0.4569153 0.02268566
0.5367229 0.02287293
0.504607 0.02172256
0.4641762 0.02070154
0.4835805 0.02212047
0.4410125 0.02211882
0.5037196 0.02535057
0.4673895 0.02556846
0.4840744 0.02552653
0.4851018 0.02609009
0.5228061 0.02805089
0.6050862 0.02748178
0.6342592 0.02785718
0.6281511 0.03037503
0.6694093 0.03018336
0.6314791 0.02849161
0.6078485 0.0279465
0.5900557 0.0276145
0.5218407 0.02427861
0.5338644 0.02491363
0.5017549 0.02680315
0.5492679 0.02541364
0.5116828 0.02679343
0.5154454 0.02765088
0.5355423 0.02756965
0.5346925 0.02795806
0.5937455 0.02788933
0.5011259 0.02864114
0.4943734 0.03047592
0.4495939 0.02800966
0.4008151 0.02813137
0.4590103 0.02963155
0.4261389 0.03166735
0.4156171 0.0328387
0.4758951 0.03040805
0.4633148 0.02806229
0.4137115 0.0291503
0.4418094 0.0282074
0.4804981 0.02752854
0.449411 0.02674764
0.3538934 0.02684507
0.4424994 0.02629235
0.4498225 0.02851071
0.4702079 0.02824125
0.4604851 0.02666309
0.438704 0.02643032
0.4420811 0.02598724
0.504594 0.02451218
0.5479188 0.02543942
0.5797838 0.02644
0.5539838 0.02773515
0.5969895 0.02866663
0.5136354 0.02810383
0.5025859 0.02952537
0.4851713 0.03298863
0.4825884 0.03219434
0.609818 0.02794871
0.6339946 0.02789014
0.6590964 0.02924704
0.6498888 0.02818284
0.7000905 0.03091673
0.6048626 0.03067705
0.6202419 0.03090254
0.5563472 0.03389193
0.5781689 0.03412178
0.6348739 0.03043196
0.6323583 0.03407606
0.6253397 0.03420571
0.6263997 0.03215364
0.6120155 0.03295612
0.5804037 0.03261265
0.6306513 0.03323255
0.5991015 0.03477075
0.609097 0.03498867
0.5740484 0.03417485
0.6104257 0.0348502
0.5184444 0.03627627
0.5844649 0.03722622
0.6239736 0.0414868
0.6509692 0.04280433
0.5748583 0.04565713
0.377514 0.04431757
0.3944299 0.04609689
0.3683379 0.04604681
0.3822229 0.04710295
0.4126909 0.04612951
0.4410223 0.05298676
0.4446782 0.05577036
0.4246078 0.06066016
0.3784968 0.06021227
0.4115109 0.06131529
0.4292324 0.0608289
0.4517562 0.06614108
0.4962142 0.0614167
0.4824271 0.06112779
0.4562639 0.06344304
0.4534139 0.0633106
0.4834953 0.06127443
0.4747126 0.05352736
0.4648685 0.04566778
0.5077767 0.05003856
0.5039325 0.04946767
0.4913767 0.04869604
0.410518 0.04946583
0.3559588 0.04974554
0.3644099 0.04997394
0.4620209 0.05258282
0.4167707 0.05272541
0.406775 0.0528426
0.4529563 0.05466263
0.4659661 0.05427136
0.5173653 0.05853972
0.4852507 0.0552414
0.509973 0.05844431
0.5224908 0.05898396
0.4024097 0.05511809
0.4326729 0.05722664
0.4346132 0.05850937
0.5103528 0.05557233
0.4572623 0.06146238
0.512198 0.05242198
0.4333715 0.05592643
0.3902115 0.06072521
0.3569337 0.05817072
0.305741 0.05953945
0.399405 0.0622264
0.3430399 0.0628281
0.33291 0.06253691
0.3590385 0.06122262
0.3496161 0.05964006
0.3237569 0.05992753
0.2512592 0.06353117
0.2540865 0.06359068
0.3426351 0.06200111
0.3477419 0.05912376
0.366681 0.05937029
0.2710283 0.05533964
0.3147383 0.05731596
0.2876926 0.06065744
0.3156009 0.05463308
0.3704985 0.05591008
0.2677592 0.05931086
0.2298301 0.05921566
0.1631638 0.06663817
0.2349577 0.07034067
0.2604017 0.06392628
0.2854437 0.06105461
0.2549735 0.065776
0.2521333 0.06409582
0.3059797 0.05783835
0.3283187 0.05954297
0.3906138 0.0570401
0.3489287 0.05762498
0.3129314 0.05668482
0.3712432 0.05421174
0.3384849 0.05557088
0.3210061 0.05814694
0.297899 0.06147827
0.2516364 0.05694217
0.3165907 0.0563649
0.4073942 0.05842113
0.4526318 0.05711376
0.405712 0.06240156
0.3614003 0.06526815
0.3204883 0.07134887
0.3293067 0.07248551
0.3139338 0.07866668
0.2795379 0.07838916
0.3083789 0.07501287
0.300179 0.0748374
0.2460621 0.07794092
0.2650406 0.08006082
0.2211734 0.07317437
0.3142339 0.07840927
0.3418295 0.07809732
0.3513668 0.07544742
0.303433 0.07304131
0.3376027 0.08226692
0.3761335 0.07013841
0.3245937 0.07763901
0.3887748 0.07250532
0.3863483 0.07373859
0.4049229 0.06778258
0.4179093 0.07009084
0.4566297 0.07544278
0.4763195 0.07372042
0.4658914 0.07706316
0.4235209 0.07066381
0.3928278 0.07815123
0.3581915 0.07707267
0.3712733 0.0761982
0.30364 0.07292317
0.3144852 0.06548762
0.2486039 0.06373247
0.2864751 0.05781631
0.3107593 0.06272341
0.3884829 0.06326666
0.3593123 0.06339521
0.4135785 0.0666085
0.4501969 0.07057657
0.4067513 0.07662809
0.4339724 0.0696211
0.4562869 0.07158263
0.4230421 0.07522202
0.4025141 0.07588331
0.5009493 0.08293523
0.5411443 0.07997223
0.5213289 0.08254337
0.4329731 0.08129398
0.366747 0.07660421
0.4616547 0.08076366
0.4094336 0.07624394
0.3327072 0.07444601
0.3171481 0.07231349
0.257049 0.0736336
0.2666191 0.07703081
0.2828348 0.07626406
0.2162472 0.07850006
0.2143187 0.07011246
0.2427779 0.07774378
0.1851432 0.08339335
0.2310799 0.08082951
0.3217701 0.08004942
0.3234418 0.07829655
0.2755852 0.08500386
0.2522031 0.08456135
0.2841118 0.08138998
0.2993944 0.08033197
0.2946109 0.08373976
0.2494602 0.08893469
0.2024292 0.08693686
0.1787267 0.08369933
0.186356 0.07181001
0.2494108 0.08226585
0.2287374 0.07715871
0.1962142 0.07455572
0.1812139 0.06819957
0.2275067 0.06821319
0.1971278 0.07567183
0.2674547 0.07377373
0.3643467 0.07826689
0.3426923 0.08430006
0.3912019 0.07853416
0.3154652 0.07988672
0.2492898 0.07507868
0.2769977 0.07880147
0.2219214 0.08301528
0.2284103 0.08231364
0.2466898 0.07898268
0.2948005 0.07996493
0.2804369 0.07928658
0.2676912 0.07801939
0.2747599 0.07080416
0.3019716 0.07408821
0.2481406 0.07533021
0.2545511 0.0745848
0.2783553 0.07530497
0.2337909 0.0728247
0.2327079 0.07090997
0.27659 0.0681151
0.3071359 0.06977997
0.226485 0.07195784
0.2992974 0.06699111
0.2522061 0.07059361
0.2427933 0.06890469
0.2640451 0.06658233
0.2620674 0.07617816
0.3272462 0.08162672
0.3223038 0.08347299
0.2820205 0.08432878
0.2429325 0.07807175
0.2711222 0.07820956
0.3258659 0.07741899
0.280988 0.06759625
0.3132525 0.06341471
0.3078281 0.06895131
0.287389 0.07270729
0.2867795 0.06173519
0.2954559 0.05914816
0.3172871 0.0621585
0.3312886 0.06416351
0.3784423 0.0615715
0.3418587 0.0585701
0.3844251 0.06245682
0.3265511 0.05191966
0.2654914 0.05122732
0.3400831 0.05114663
0.3603875 0.05286335
0.3677308 0.0546283
0.3266817 0.05646044
0.3920423 0.05386168
0.3283564 0.05552409
0.3159193 0.05391255
0.3311013 0.05411325
0.3437033 0.05877005
0.3151223 0.06298841
0.3568176 0.06525307
0.3159014 0.07224465
0.3362167 0.07248839
0.3656767 0.07125899
0.3543922 0.06943585
0.29333 0.06719158
0.2976459 0.07319647
0.3440574 0.066614
0.3013776 0.06985525
0.3534146 0.06345114
0.4108568 0.05993799
0.3560845 0.05814427
0.348206 0.06075554
0.284398 0.05977898
0.2491377 0.06598658
0.203485 0.07200948
0.2333739 0.07182945
0.2823981 0.07139297
0.2524633 0.07089818
0.2055102 0.07020512
0.1958703 0.06759071
0.2099346 0.06975503
0.2674776 0.07412137
0.2689891 0.07931239
0.3029699 0.08826597
0.2752497 0.09234429
0.2553369 0.08336346
0.2273399 0.0789989
0.2730896 0.07760833
0.3185347 0.07999637
0.3320672 0.0786371
0.3917493 0.07204186
0.3176735 0.08077564
0.3239547 0.07910858
0.3808497 0.07386291
0.3983648 0.07309651
0.3675853 0.06772616
0.456166 0.0718645
0.3958476 0.07116775
0.4201909 0.07004723
0.4569628 0.07185478
0.4602071 0.06940521
0.4597485 0.06320492
0.4451164 0.06375624
0.495487 0.06102213
0.4865586 0.0560669
0.480049 0.05443802
0.4325886 0.06120376
0.4651911 0.06572968
0.4194787 0.06296794
0.3184377 0.05539172
0.3575032 0.05485486
0.4175009 0.0519902
0.391878 0.05376666
0.4265298 0.05284748
0.4640836 0.05012768
0.4545342 0.05015242
0.3688979 0.04978329
0.4433644 0.04878828
0.3962675 0.0435644
0.4559932 0.04926089
0.36533 0.04361375
0.363254 0.04276392
0.3281953 0.0473193
0.3240977 0.05144604
0.3357372 0.05870221
0.3253393 0.05600345
0.2904036 0.0613104
0.2301155 0.06884705
0.2873399 0.07093364
0.268842 0.07502642
0.3435999 0.07308102
0.4889965 0.07107018
0.5037577 0.07076203
0.428353 0.06522218
0.3586395 0.06928072
0.3612949 0.06772309
0.4415779 0.0658418
0.4080894 0.0619606
0.4034358 0.06613245
0.4379878 0.06629779
0.4163206 0.06427512
0.3619491 0.05936374
0.3848782 0.05957685
0.2871633 0.05938568
0.3238654 0.06221534
0.2940459 0.07236968
0.2827921 0.06947608
0.3145223 0.07083996
0.2783363 0.0731288
0.3183288 0.0742119
0.2576041 0.0722941
0.2902299 0.07084247
0.2733799 0.07723369
0.3393518 0.08786748
0.3135956 0.08316414
0.2217507 0.08700905
0.2278327 0.08627491
0.2241462 0.07837225
0.2253587 0.07924449
0.2952058 0.08454793
0.2716131 0.09906234
0.2553651 0.08775751
0.254219 0.08629159
0.2150044 0.08082932
0.2692778 0.08246985
0.2998128 0.07980973
0.354749 0.076843
0.3023654 0.07629617
0.2525294 0.07892888
0.3595145 0.06499193
0.3331987 0.07316206
0.3228749 0.07274078
0.3596905 0.06974101
0.3603883 0.06808303
0.2982758 0.07669782
0.2826268 0.07211195
0.3177642 0.06786747
0.3253802 0.06927959
0.3065002 0.07177905
0.2701188 0.07275948
0.3318041 0.07045162
0.3382419 0.06513022
0.3665487 0.06467606
0.2739839 0.06715555
0.3129375 0.0686308
0.3205407 0.07315034
0.3067839 0.06959377
0.327913 0.07357044
0.3420346 0.07007185
0.3926333 0.06666499
0.3387036 0.06867253
0.378521 0.06506477
0.3743927 0.06146386
0.4117581 0.06248887
0.3721258 0.05894984
0.388225 0.05963711
0.3762328 0.05874006
0.3603043 0.0608708
0.3208184 0.05891314
0.2679705 0.06084527
0.2122234 0.06286009
0.1873881 0.06693164
0.2001725 0.0616474
0.241767 0.06496275
0.2566292 0.06650172
0.2511253 0.06599854
0.2491631 0.0649604
0.2775734 0.06822704
0.2849529 0.07238385
0.2857619 0.07442061
0.2737808 0.06935287
0.2303968 0.07360384
0.2621692 0.07289882
0.2373351 0.07757712
0.3130411 0.08820206
0.3128917 0.0891216
0.270646 0.09170677
0.3133611 0.09052284
0.3320858 0.08705136
0.3264456 0.08544436
0.3139294 0.07869836
0.3235828 0.07563314
0.3321842 0.07921995
0.2663876 0.08632514
0.3081139 0.08535223
0.3702623 0.08816098
0.3006062 0.0913436
0.3253393 0.09230437
0.3559654 0.09627139
0.3590889 0.09348292
0.3442409 0.09610471
0.337794 0.0962793
0.3101352 0.09880699
0.352758 0.1004256
0.3446434 0.1007176
0.3230154 0.09993451
0.2430269 0.09133668
0.2848703 0.0921815
0.3075697 0.08957006
0.3434225 0.09182849
0.3416022 0.09007237
0.294007 0.08814815
0.2925265 0.09860102
0.2843979 0.09328854
0.2473233 0.09832249
0.2608372 0.096442
0.2764333 0.09942901
0.2395759 0.1076335
0.2282537 0.1075412
0.2406773 0.108814
0.2887184 0.1131118
0.2956364 0.1096334
0.2479625 0.1122103
0.2137003 0.1226981
0.2055731 0.1200604
0.1962186 0.1219792
0.1794467 0.126183
0.1576954 0.1332216
0.1697396 0.1272452
0.2056059 0.1223471
0.2221057 0.1129736
0.2969531 0.09623619
0.3441775 0.1007273
0.2948877 0.1057724
0.2341186 0.1087713
0.2401611 0.1082012
0.2054123 0.1093066
0.1958317 0.1141644
0.1400318 0.114956
0.2496081 0.1146625
0.2614349 0.1174558
0.2986297 0.1066497
0.2448813 0.1051386
0.307185 0.09746099
0.2914348 0.09187184
0.3109491 0.08620679
0.3324072 0.08558374
0.3066646 0.07774692
0.2845118 0.07549061
0.2371393 0.0756115
0.234639 0.07453343
0.2951236 0.06925521
0.3187994 0.06792619
0.3261161 0.06799485
0.3261896 0.06705568
0.2752709 0.07292609
0.3078864 0.07516384
0.3153247 0.06923201
0.3015681 0.06677502
0.3175232 0.07203908
0.259883 0.06557295
0.3006515 0.07229843
0.3319616 0.06326797
0.334879 0.06386711
0.3701079 0.06382822
0.3714349 0.06294519
0.4158617 0.06546607
0.3890757 0.06051822
0.3690144 0.06059703
0.3463154 0.06114344
0.3550906 0.06211971
0.3286105 0.06305657
0.3643309 0.06762426
0.3758372 0.06864784
0.3363268 0.07056654
0.2945015 0.07526969
0.3233475 0.07461965
0.2880426 0.06988531
0.2334334 0.06719932
0.3251347 0.06568703
0.2490765 0.06098208
0.2453961 0.06467584
0.3335825 0.0642085
0.3159237 0.06368582
0.3099097 0.06382509
0.2907264 0.06791433
0.245704 0.06693669
0.2602949 0.06205899
0.2976991 0.06129873
0.2939086 0.05957411
0.289827 0.06186266
0.3132129 0.07330561
0.3202274 0.06921799
0.3366856 0.06276789
0.2633905 0.06517177
0.2991054 0.06332148
0.2820683 0.06199026
0.3593726 0.06168154
0.3670525 0.0552388
0.3912197 0.05237183
0.3952488 0.06211482
0.400277 0.06225294
0.4630565 0.0654757
0.4564085 0.06625299
0.4138973 0.06750555
0.4220816 0.06628924
0.4472911 0.06868738
0.3901492 0.06679391
0.4410028 0.07115248
0.4003071 0.0702639
0.4286401 0.07316112
0.3222339 0.06588648
0.3960578 0.06347345
0.3512807 0.05952071
0.2856653 0.06144924
0.3208354 0.05385705
0.3614855 0.05451783
0.3177196 0.05176343
0.2643505 0.04998777
0.3289128 0.04884542
0.3668327 0.04731779
0.3675278 0.04470121
0.3468622 0.0415168
0.3879097 0.04205472
0.3493112 0.0412733
0.4185223 0.04203634
0.4968793 0.04241583
0.4495191 0.04322007
0.4582252 0.04448646
0.4469751 0.04194302
0.4548809 0.04255173
0.3769903 0.04182921
0.3819124 0.04054522
0.3807274 0.04194843
0.3389074 0.04451252
0.3782115 0.04556693
0.3755317 0.0481845
0.3781021 0.05216832
0.4182362 0.05094882
0.363831 0.05607349
0.3878293 0.05308741
0.3853108 0.05056621
0.4236203 0.04557559
0.4438171 0.04779256
0.4350897 0.04971919
0.4472661 0.051521
0.4230918 0.04855451
0.3925208 0.05089398
0.357605 0.05162071
0.3357497 0.05233062
0.3733414 0.05875893
0.3646113 0.05730211
0.3838245 0.06136344
0.2947806 0.06899125
0.3181027 0.06628179
0.330232 0.05987783
0.3430023 0.06033113
0.3486782 0.06112872
0.405831 0.0660139
0.3942194 0.06087234
0.3301497 0.06121058
0.3783928 0.0659112
0.4003665 0.07132782
0.4203487 0.07548663
0.3847817 0.07722948
0.3544912 0.07437255
0.3270035 0.07347715
0.2901475 0.07568012
0.2917937 0.08165547
0.3025015 0.08621574
0.3014174 0.09167978
0.251405 0.08665359
0.2383531 0.0862618
0.2420642 0.09199331
0.2621741 0.0775172
0.3760371 0.06866464
0.4162492 0.06545114
0.4786626 0.06117604
0.533028 0.05523816
0.4721228 0.05440672
0.443686 0.05531397
0.4075965 0.05365754
0.4041095 0.05011692
0.4071537 0.04355094
0.4913515 0.0429381
0.5112035 0.04004088
0.5163899 0.04163867
0.5051261 0.04141302
0.5919092 0.04014697
0.6194274 0.04283885
0.5751907 0.0411999
0.5377169 0.04156334
0.5297695 0.03907253
0.511506 0.04070061
0.4512022 0.04302736
0.4614457 0.0385471
0.4112335 0.04089594
0.3650171 0.04075005
0.3669396 0.03944578
0.3737344 0.03573743
0.3556579 0.03395519
0.3321796 0.03374908
0.3570078 0.03623207
0.42502 0.03444693
0.4752132 0.03259066
0.522059 0.03174508
0.5416484 0.03091999
0.5935606 0.02863394
0.5953703 0.03125546
0.5957348 0.03254703
0.588353 0.03176096
0.5436525 0.03339378
0.5988177 0.03147928
0.6450395 0.03205478
0.6604005 0.03222101
0.6176057 0.03142146
0.6051858 0.03363883
0.5975896 0.03572691
0.6387061 0.03640082
0.618513 0.03304378
0.7204562 0.03195298
0.7653055 0.03148342
0.801358 0.03590541
0.6439578 0.03665143
0.6458996 0.03336186
0.6767641 0.03413091
0.7012355 0.03296865
0.6624535 0.03230536
0.7686604 0.03481745
0.724101 0.03427242
0.6770884 0.03355413
0.6359156 0.0333173
0.6514886 0.03178432
0.544045 0.03236796
0.6089042 0.02797671
0.6154586 0.02873466
0.5563088 0.02754393
0.5889352 0.02563421
0.574471 0.0268616
0.583705 0.02769593
0.6038545 0.02817635
0.5834375 0.02575645
0.5854322 0.02434449
0.5928714 0.02341365
0.6662566 0.02521603
0.6371788 0.02518086
0.6412113 0.02637672
0.6547544 0.02304485
0.5999238 0.02379364
0.6327882 0.0243257
0.5773255 0.02298303
0.6436854 0.02384217
0.6922062 0.02531394
0.6994662 0.02559363
0.6507272 0.02846655
0.6059679 0.02931483
0.5576085 0.0285695
0.5612514 0.02595436
0.5558593 0.02390816
0.5478095 0.02640653
0.5733977 0.02889337
0.4853434 0.03101928
0.3943712 0.0329012
0.4100068 0.03257482
0.4252965 0.03312577
0.4196891 0.03147931
0.4196205 0.03018439
0.3711045 0.029949
0.4475892 0.02986873
0.3931602 0.0309915
0.4210303 0.03064742
0.4355658 0.03501977
0.4089099 0.0371612
0.4639803 0.03373598
0.3680931 0.03890825
0.3387579 0.03620875
0.3703933 0.03371148
0.4461391 0.03519879
0.3711232 0.03234779
0.4691546 0.03387236
0.4899699 0.03311131
0.5460723 0.03226353
0.4644694 0.03329226
0.4829069 0.03288862
0.4832766 0.03387111
0.4090966 0.03722332
0.4484508 0.03760873
0.4526149 0.0350674
0.4720716 0.03301627
0.5379847 0.03280118
0.5434684 0.0347963
0.518704 0.03393146
0.4358662 0.03423686
0.4040996 0.03764961
0.4243238 0.04108946
0.4723351 0.04704512
0.4806697 0.04557505
0.4707654 0.04460587
0.4259902 0.04338818
0.4289767 0.04270133
0.4555984 0.03756229
0.4902652 0.03932935
0.4349858 0.03897612
0.3883069 0.04351653
0.4179782 0.04836605
0.3974283 0.05068191
0.4204717 0.05397812
0.3810743 0.05657291
0.4033302 0.06071852
0.4902206 0.06205762
0.5007894 0.06167435
0.5133229 0.06236985
0.4102611 0.06223313
0.4318925 0.0570284
0.3376926 0.05696346
0.3949204 0.05240733
0.4073184 0.05542014
0.3890304 0.05850869
0.2914084 0.06145525
0.172465 0.06676073
0.2767012 0.06539835
0.3097082 0.06599193
0.3163644 0.07249
0.3126497 0.07126283
0.3333097 0.0712531
0.3465725 0.07678665
0.3082054 0.07149941
0.3356241 0.07869967
0.3034119 0.07472672
0.3020047 0.07527836
0.2616795 0.07677215
0.3028216 0.08487868
0.2630906 0.08378897
0.2528985 0.08574667
0.2558945 0.08345809
0.3059179 0.08097178
0.3287547 0.08074376
0.3259942 0.08731608
0.3370105 0.08750614
0.3266788 0.08005566
0.3407525 0.07858466
0.4380268 0.08489483
0.4056045 0.09743271
0.4122635 0.1026086
0.3054691 0.1008875
0.2608617 0.1005696
0.2552387 0.1021406
0.2761788 0.1024359
0.2997042 0.1022142
0.2438216 0.09877786
0.1894462 0.0883848
0.2430855 0.08463561
0.2943178 0.08133545
0.2882345 0.08622928
0.2357492 0.0883135
0.3137092 0.08651555
0.3275527 0.08459619
0.254318 0.08839309
0.2532561 0.09170716
0.1994143 0.09412677
0.263329 0.09808489
0.2309088 0.1028476
0.1666081 0.1001989
0.1800746 0.1096592
0.259433 0.1115776
0.2462315 0.1056732
0.2323564 0.1088945
0.2081156 0.1104207
0.2532105 0.108
0.2834463 0.103197
0.2885766 0.1051675
0.246284 0.1016072
0.1993164 0.105286
0.2026765 0.1057715
0.1998392 0.1015129
0.2058717 0.09342739
0.3213062 0.09013707
0.3224499 0.09548147
0.3301153 0.09825373
0.3227396 0.09673917
0.3673718 0.09056978
0.2971749 0.0936555
0.2351251 0.0918355
0.2288715 0.08729987
0.2723942 0.08899069
0.3173511 0.0911177
0.2988312 0.09382561
0.2213344 0.1045345
0.1899059 0.09546908
0.2015856 0.09966126
0.2488906 0.09146207
0.2501453 0.08960918
0.2764805 0.07910689
0.2889865 0.07780683
0.2861654 0.08365842
0.2003007 0.08331942
0.2016698 0.08867375
0.1977256 0.0895837
0.2548583 0.09533487
0.1971468 0.09682294
0.2102058 0.1010817
0.174588 0.09362156
0.1835875 0.09314832
0.1839828 0.100461
0.147068 0.09698233
0.1552471 0.09370781
0.1925191 0.09901093
0.2175652 0.09405056
0.2806144 0.09641518
0.3090237 0.08857904
0.28902 0.09250065
0.285952 0.09703093
0.3317818 0.1083991
0.2977546 0.1092265
0.2998341 0.1066911
0.3448565 0.1130392
0.2892832 0.1138477
0.24163 0.1222023
0.2495774 0.1100501
0.2899525 0.1062477
0.230167 0.09426116
0.2477731 0.08178262
0.3457261 0.07788047
0.3951125 0.07926989
0.305626 0.07907485
0.2996928 0.07372136
0.3212378 0.07654294
0.3316242 0.08092871
0.3475601 0.08814574
0.310195 0.08511121
0.2652134 0.08039765
0.2764637 0.07854044
0.2890787 0.08398177
0.2599062 0.0842178
0.2468688 0.0906169
0.2464648 0.09998951
0.281673 0.1015543
0.2818123 0.1033496
0.2596588 0.09830561
0.2931282 0.09048535
0.2674108 0.09087367
0.2710047 0.09896973
0.2120955 0.1058147
0.2347254 0.1034549
0.1984524 0.1151867
0.1591885 0.1117142
0.1936664 0.1034165
0.2374991 0.09693385
0.251995 0.08613847
0.3161516 0.08709793
0.2913576 0.08293288
0.2571097 0.08529319
0.2515871 0.09279193
0.1809595 0.09728055
0.2073622 0.09390297
0.1536668 0.09743931
0.2033792 0.1011903
0.2071807 0.1013773
0.2214311 0.09770008
0.1584552 0.09707506
0.1481382 0.1004604
0.1687792 0.09969513
0.1694685 0.09643156
0.1609867 0.1003784
0.2025911 0.09570648
0.1901805 0.1024522
0.199695 0.08929907
0.2246618 0.08876449
0.2373404 0.09605465
0.2397316 0.09331835
0.2798342 0.09563056
0.264974 0.09949776
0.2706454 0.09925225
0.2589289 0.1019777
0.2311891 0.1009407
0.2681711 0.1045938
0.2718179 0.1130003
0.2796377 0.1133812
0.2439841 0.1103293
0.2898773 0.1167287
0.2750931 0.1101816
0.2516262 0.1128425
0.2290364 0.1125593
0.216415 0.1161423
0.1721029 0.11983
0.2182071 0.1064927
0.2137025 0.1030218
0.1780385 0.1018456
0.1459062 0.111532
0.1626918 0.1071467
0.1887934 0.1117227
0.1776247 0.1056381
0.1744356 0.09642865
0.1280073 0.1009391
0.144867 0.1022505
0.1977189 0.09986547
0.1857651 0.0950736
0.2499342 0.09227386
0.21744 0.08757615
0.2513894 0.09310206
0.2697719 0.09112736
0.2146093 0.09386109
0.1644571 0.09173419
0.2873236 0.09047156
0.2676142 0.08341414
0.3624723 0.08130476
0.3211206 0.08311241
0.3199571 0.08234192
0.3144402 0.0825495
0.3085367 0.08172575
0.3704869 0.08724899
0.311845 0.09502995
0.2928687 0.101101
0.3000164 0.09496013
0.3290523 0.09512214
0.3655884 0.0930553
0.3197818 0.09433566
0.359799 0.09587673
0.3445581 0.08217034
0.3748505 0.07992464
0.3612845 0.08265241
0.3478007 0.08170448
0.3180969 0.0836205
0.3569682 0.09065907
0.2812294 0.0942363
0.3079574 0.1009502
0.2547122 0.1037285
0.3080205 0.1102018
0.340512 0.1119719
0.2867523 0.1056278
0.2981196 0.09269045
0.3189817 0.09392988
0.3043344 0.0894089
0.3052281 0.08751682
0.257623 0.09380375
0.2343233 0.08704925
0.2350787 0.08473712
0.2610643 0.08536985
0.2430972 0.0917528
0.2346238 0.09922225
0.2407903 0.1010075
0.2159344 0.1056832
0.2248457 0.1052922
0.2218167 0.09547959
0.1824051 0.09918219
0.2059901 0.09867885
0.2150293 0.1028082
0.2336276 0.1214063
0.2416202 0.1154188
0.1869235 0.1164425
0.1704905 0.1112101
0.1665672 0.1201351
0.1909669 0.114824
0.1998259 0.1056953
0.2168064 0.1162117
0.2290093 0.1166809
0.1921048 0.1085694
0.2469304 0.110866
0.3021652 0.1102045
0.2944541 0.1071392
0.2709322 0.1083143
0.2577473 0.1069577
0.264982 0.1000688
0.2552143 0.09957237
0.3006388 0.1004391
0.4064336 0.09040469
0.4454052 0.08799412
0.3825196 0.0925083
0.3509109 0.08582611
0.4228128 0.08509646
0.4422812 0.08095177
0.411324 0.07750032
0.4296012 0.07158931
0.3575529 0.0715046
0.2622973 0.06764237
0.2773446 0.07011817
0.2880363 0.06459177
0.2749 0.06688833
0.2541686 0.06563898
0.2678771 0.06240949
0.2407556 0.06338065
0.291505 0.06583946
0.3226557 0.06217748
0.3446309 0.06079405
0.2822233 0.05749709
0.298674 0.05883061
0.3863611 0.0633962
0.4212946 0.06155377
0.4184849 0.06787784
0.342897 0.06858795
0.3885949 0.0708733
0.3733328 0.06863595
0.329931 0.06533881
0.3794587 0.06654427
0.3899822 0.06254843
0.4469359 0.06650521
0.3923526 0.06242574
0.3465329 0.06158426
0.3735507 0.05535046
0.4336092 0.05604152
0.4091663 0.05018589
0.4221841 0.05417898
0.4380656 0.05668632
0.4420365 0.05967074
0.4214065 0.06683669
0.4077054 0.06067754
0.4391289 0.05720096
0.4957196 0.05879294
0.5336569 0.05714377
0.4884723 0.05438286
0.4875701 0.05404238
0.4848491 0.05282331
0.3993845 0.05103527
0.3285079 0.04662267
0.3273527 0.05060113
0.313901 0.04982619
0.3367127 0.04961323
0.3655986 0.04777502
0.4270762 0.04405534
0.4709172 0.04445337
0.4916451 0.04493815
0.5192434 0.04495724
0.4878797 0.04588471
0.4613448 0.04321088
0.554388 0.04204808
0.580985 0.04095555
0.578281 0.03870797
0.5888224 0.0348695
0.5585913 0.03361308
0.4971846 0.03331714
0.5230441 0.03372437
0.5934314 0.03317018
0.6487576 0.03073254
0.6418707 0.02934367
0.7662267 0.0275373
0.8154524 0.0264148
0.7853523 0.02743863
0.8113136 0.03029834
0.7796921 0.0273143
0.7035311 0.02879176
0.7266112 0.02953156
0.6784167 0.0294444
0.6278199 0.02926974
0.6257786 0.03069665
0.6376683 0.03081937
0.6270909 0.02787235
0.6777844 0.02441683
0.6541666 0.02507831
0.6887834 0.02348824
0.5860388 0.02394085
0.6000205 0.02533296
0.6417465 0.02483817
0.6614223 0.02888485
0.6320347 0.02872476
0.6028887 0.0271457
0.6880516 0.02678032
0.688153 0.02611996
0.6610199 0.02418897
0.5950096 0.02261658
0.5898558 0.02677029
0.5575531 0.02526326
0.4710248 0.024628
0.4871906 0.02335408
0.4692189 0.02259721
0.5123329 0.02210692
0.5197797 0.02131433
0.4774374 0.0223006
0.5467934 0.02178905
0.614671 0.02067621
0.6259475 0.01989738
0.6365802 0.01990522
0.6193523 0.02039103
0.7162514 0.01983309
0.7275925 0.0189754
0.7037486 0.01796616
0.6360008 0.01735912
0.6335648 0.01814328
0.6777672 0.01932175
0.7103432 0.01912032
0.7243671 0.0201945
0.6614769 0.02340766
0.6598213 0.02334217
0.694938 0.02318091
0.6689949 0.02270431
0.7252921 0.02532678
0.7347717 0.02569982
0.6910988 0.02580146
0.6353828 0.02439123
0.6407533 0.02373788
0.6170114 0.02623443
0.6247216 0.02524771
0.5348343 0.02620379
0.5431364 0.02832423
0.5382632 0.02873448
0.4620783 0.02474436
0.4073759 0.02411809
0.4694176 0.02524011
0.5228089 0.02555179
0.4927489 0.02551261
0.5774054 0.02705882
0.5664158 0.02915638
0.5640343 0.02919742
0.4702067 0.02726237
0.5037053 0.02606641
0.5261839 0.02594429
0.4652295 0.02764653
0.5749646 0.02710643
0.5973066 0.02950513
0.6361455 0.02840635
0.6065153 0.0286413
0.6904819 0.0283772
0.7476069 0.03044625
0.7699443 0.03157323
0.7571292 0.03316181
0.7403053 0.03136973
0.7365774 0.02869504
0.6188449 0.0292542
0.6337256 0.02738344
0.6457078 0.03084262
0.6294295 0.03264263
0.6252957 0.0312126
0.5826725 0.03078016
0.5220446 0.03365754
0.4221475 0.03337254
0.3931845 0.03194768
0.4624427 0.03127618
0.4055522 0.0326568
0.3445294 0.03346785
0.2768548 0.03390028
0.3706775 0.03721568
0.2941517 0.03678635
0.2895512 0.0367465
0.2936714 0.03867008
0.2732897 0.0431209
0.2554925 0.04792587
0.237867 0.04900534
0.2642562 0.04997802
0.2533766 0.05417398
0.2789706 0.05526872
0.2795462 0.05369592
0.2677207 0.05904642
0.3108002 0.05846704
0.2694756 0.06076588
0.2351561 0.06319497
0.2485878 0.06986128
0.2866175 0.06801405
0.3320664 0.0678363
0.3242952 0.06094312
0.3861645 0.06118159
0.3905675 0.06486296
0.3366386 0.06997982
0.3067109 0.06969609
0.2897046 0.06630118
0.2874132 0.06531178
0.2744498 0.06685219
0.3190996 0.06070999
0.2291762 0.06081403
0.2924838 0.05624869
0.3044164 0.05541269
0.3122284 0.05890191
0.2974523 0.05760229
0.3198297 0.05624084
0.3313633 0.05428385
0.3695375 0.05435483
0.3579485 0.0536741
0.2781669 0.0528641
0.4032899 0.05139349
0.4177564 0.05230165
0.4106558 0.05388134
0.4323589 0.0542657
0.3977764 0.05346063
0.4200814 0.05006192
0.442142 0.04486801
0.398301 0.04113263
0.4238135 0.04210434
0.4075804 0.04802959
0.4385894 0.05202246
0.3938796 0.04989071
0.4338733 0.05345122
0.4503167 0.05290632
0.3859187 0.05336599
0.4730732 0.05530644
0.5496756 0.06212835
0.5879647 0.05944484
0.5688444 0.05689585
0.5576806 0.05994696
0.5052184 0.06485388
0.4491889 0.05680776
0.4401451 0.05844881
0.4185546 0.06125914
0.4368578 0.06581807
0.4336447 0.06599375
0.4707792 0.06538557
0.3953334 0.071676
0.3865826 0.06302053
0.4482069 0.05850969
0.4356713 0.05573327
0.4562017 0.05582987
0.5085465 0.05367903
0.5275268 0.05354151
0.5566439 0.05040964
0.6397992 0.04823118
0.5636739 0.04814555
0.5595609 0.05234641
0.4980767 0.05024351
0.4658067 0.05262304
0.4174431 0.05231352
0.4464685 0.050239
0.4356982 0.04634209
0.4582643 0.04946936
0.514838 0.04607964
0.4403415 0.04313931
0.4269314 0.04486179
0.4452529 0.04490037
0.4351585 0.04473113
0.4907075 0.04002671
0.5088653 0.0404478
0.4821955 0.04112627
0.4276016 0.03752922
0.4466674 0.03757212
0.4989152 0.03944369
0.4834516 0.03690461
0.4917439 0.03626134
0.4540883 0.03274703
0.4333415 0.02996518
0.4286819 0.02991812
0.4704311 0.02933106
0.4783184 0.02854071
0.5079452 0.02782347
0.5331458 0.02821102
0.5985969 0.02798194
0.6526519 0.03151987
0.6575456 0.0300882
0.6663853 0.0299982
0.6317668 0.0286317
0.6739083 0.03003302
0.6490867 0.03375723
0.6533627 0.03130394
0.6859062 0.03385062
0.7368618 0.03419524
0.6550702 0.03143132
0.688427 0.02914486
0.6898146 0.03158924
0.6903926 0.03451774
0.6415041 0.03232788
0.6214365 0.03295842
0.6917622 0.0325201
0.6857169 0.03331467
0.6638165 0.03618374
0.6972212 0.03881387
0.7426004 0.03803555
0.7210822 0.0380344
0.7407843 0.0380713
0.6664228 0.03309436
0.6590992 0.03409391
0.6734879 0.03261172
0.7712184 0.03208064
0.789864 0.03329359
0.8263593 0.03233497
0.8245568 0.03460401
0.7843797 0.03270952
0.769802 0.03278929
0.78057 0.03337973
0.7956999 0.03302829
0.7648056 0.03471766
0.684921 0.03614649
0.6362836 0.03493971
0.6708901 0.03543904
0.6867335 0.03387823
0.6870675 0.03366539
0.639076 0.03357675
0.6286667 0.03395408
0.6259903 0.03466023
0.6231009 0.03361238
0.6707054 0.03545196
0.5899356 0.03759965
0.533246 0.0364827
0.552828 0.03388815
0.5850458 0.03421985
0.5643958 0.03486844
0.5484477 0.03608655
0.5941655 0.0345942
0.6588231 0.03454957
0.6537651 0.03367151
0.7718205 0.03433917
0.7582491 0.03496846
0.7718287 0.03553716
0.7445081 0.03563477
0.6650438 0.03480398
0.6219779 0.03504065
0.7039807 0.03582734
0.7205742 0.03576251
0.6976786 0.03448443
0.6623011 0.03327869
0.5957693 0.0312791
0.5672487 0.03211919
0.5769148 0.03474747
0.565701 0.02900487
0.5164364 0.02914764
0.5438838 0.02779739
0.4600137 0.02862321
0.5367549 0.0281371
0.5098113 0.02749121
0.506518 0.02796294
0.4834033 0.02762922
0.5753719 0.02709339
0.5549599 0.02683654
0.5988421 0.02495458
0.5817607 0.02547558
0.6446921 0.02486302
0.6376037 0.02622223
0.5793957 0.02531497
0.5386714 0.02427813
0.6297708 0.02197196
0.6714928 0.02068313
0.6952485 0.02186951
0.7278865 0.0217563
0.6879598 0.02170329
0.6400643 0.02197729
0.6123008 0.02159151
0.5923833 0.01932185
0.6359845 0.02053137
0.6500882 0.01892061
0.7290953 0.01849119
0.7313533 0.01607924
0.7086416 0.01588357
0.7410489 0.01450502
0.7196458 0.01547632
0.656418 0.01743133
0.6781542 0.01681714
0.7046759 0.01479567
0.7577115 0.0161837
0.7270441 0.01635299
0.7486022 0.01781372
0.763525 0.01873793
0.7319027 0.01870241
0.7423679 0.01785693
0.6984814 0.01869156
0.668063 0.0196775
0.6362827 0.02044805
0.6223433 0.02011947
0.5771712 0.01941622
0.5802594 0.0200233
0.5951673 0.02286123
0.6556958 0.02423617
0.5914556 0.0242301
0.6505877 0.02194778
0.6520616 0.02348106
0.6132164 0.0231357
0.5771263 0.02206458
0.6148612 0.02247823
0.5993747 0.02242032
0.5943439 0.02336566
0.5578077 0.02409149
0.5887727 0.02525113
0.5670928 0.02638901
0.5380467 0.02698889
0.5437113 0.02583621
0.6047022 0.02394785
0.6139916 0.02348452
0.6255009 0.02164611
0.6305804 0.02004093
0.6571848 0.02133997
0.706651 0.01979711
0.7278691 0.02195763
0.717819 0.02087728
0.6348754 0.01947647
0.7244675 0.0175901
0.7279702 0.01707331
0.745489 0.01743219
0.7768143 0.01743059
0.7878648 0.01602407
0.7526644 0.01355584
0.8327628 0.0139405
0.800569 0.01340066
0.7785278 0.01322944
0.7053505 0.01416217
0.6783668 0.01469033
0.7214293 0.01559008
0.6987588 0.01563805
0.7145725 0.01483095
0.6972005 0.01500771
0.7305196 0.0148553
0.7426797 0.01472445
0.7823584 0.01456747
0.7654678 0.01594839
0.7409068 0.01440744
0.7359365 0.01494004
0.6738824 0.01638136
0.693744 0.01659535
0.6956587 0.01510016
0.6560549 0.01440031
0.6651366 0.01315514
0.6245018 0.01367013
0.6648466 0.0142786
0.6967928 0.01432247
0.7223875 0.01430278
0.7552356 0.01361001
0.7673644 0.01231672
0.737379 0.01291517
0.7464236 0.01368366
0.7154776 0.01541835
0.7189323 0.01361275
0.7471533 0.01570874
0.7161791 0.01631902
0.7167288 0.01584053
0.7548175 0.01563632
0.7772139 0.01707018
0.6786814 0.01765724
0.6359107 0.01871702
0.6306403 0.01754146
0.6617616 0.01940458
0.6365539 0.01924057
0.6725458 0.01819547
0.7427538 0.01849476
0.7969758 0.01910975
0.867213 0.01988857
0.8347692 0.02180842
0.7964145 0.01934758
0.8368845 0.01855697
0.802617 0.01872428
0.7575336 0.0181399
0.8217177 0.0180208
0.8238287 0.018559
0.7461558 0.01882293
0.7033959 0.01882784
0.6147276 0.01863005
0.656988 0.01960365
0.6310712 0.02164846
0.6400481 0.02098438
0.6445801 0.01998305
0.63439 0.0201889
0.6880976 0.01959742
0.6893068 0.02053423
0.7743628 0.02253144
0.7595578 0.02209122
0.7388944 0.02510885
0.6629739 0.02457672
0.6807897 0.02440406
0.6909195 0.02494319
0.7507188 0.02394523
0.7657381 0.02562078
0.6634079 0.02586793
0.7019816 0.02577189
0.7869556 0.02338527
0.7309235 0.02468053
0.7012001 0.0248377
0.6938665 0.0240094
0.647771 0.0236962
0.6882946 0.02380335
0.6889219 0.02427303
0.7493687 0.02410672
0.6782412 0.02340243
0.7302795 0.02426747
0.7350421 0.02515026
0.7072276 0.02429323
0.6633833 0.02513804
0.6483031 0.02582379
0.6021816 0.025074
0.6053376 0.02648574
0.6013566 0.02776578
0.5467251 0.02852947
0.5149279 0.03128054
0.437131 0.02989378
0.4119795 0.02919387
0.4490937 0.0296306
0.3555448 0.02855542
0.4207413 0.02793914
0.4253084 0.03112003
0.3692606 0.03459199
0.3681917 0.03676451
0.3446358 0.03837517
0.3743291 0.03760957
0.4086078 0.03740565
0.4049867 0.0361211
0.4649127 0.03675044
0.4783757 0.0384719
0.5342441 0.04127224
0.5396031 0.03912365
0.5391239 0.04149245
0.5260945 0.03845494
0.4981621 0.03653488
0.5254405 0.03837574
0.5455487 0.04163552
0.523239 0.0386738
0.5404357 0.03460212
0.5315557 0.03501909
0.6232432 0.03962649
0.6200768 0.04176947
0.5594228 0.04237686
0.5040134 0.04285429
0.5208557 0.04307404
0.5522963 0.04459326
0.506898 0.04523964
0.4773798 0.04689282
0.4313566 0.05317731
0.4217102 0.04880085
0.4300219 0.05388676
0.3210617 0.05225477
0.3406478 0.05133117
0.3423125 0.05190024
0.3256346 0.05657063
0.3136742 0.05603416
0.3440787 0.05646579
0.3415491 0.05860842
0.3710551 0.06373967
0.410085 0.06274145
0.4737504 0.06861682
0.4193315 0.06765079
0.4235772 0.06244481
0.3509732 0.06839151
0.2929625 0.07249174
0.2586329 0.06952433
0.2866759 0.06221899
0.2732937 0.05856746
0.2547986 0.06089797
0.2319407 0.06348379
0.2236696 0.05717891
0.2083755 0.05510617
0.2260686 0.05463087
0.2520055 0.05174216
0.2403564 0.05455764
0.2267846 0.04916041
0.2753712 0.0537792
0.3005812 0.05532538
0.3312908 0.05499719
0.36993 0.0495534
0.3847666 0.04640461
0.4335166 0.04600027
0.3872405 0.04513952
0.4556598 0.04737892
0.5208027 0.05167457
0.5688597 0.05035918
0.5741316 0.04921649
0.5423605 0.05010821
0.578341 0.048473
0.610279 0.05109501
0.6230877 0.05080772
0.5679544 0.0490375
0.5078048 0.04854115
0.5319731 0.04705169
0.5328711 0.04995627
0.5138161 0.0562923
0.5074251 0.04912065
0.5641328 0.04947379
0.4996084 0.05191538
0.3986738 0.04999602
0.3550141 0.04945019
0.2592765 0.04696102
0.2971464 0.04674256
0.3170485 0.05108967
0.3111452 0.05104866
0.3590062 0.04682214
0.4540671 0.0451089
0.4600322 0.04684269
0.4434455 0.04125323
0.4292793 0.03994389
0.395671 0.04298419
0.5024931 0.04180794
0.4145437 0.04215779
0.4078464 0.03945198
0.4276718 0.03773954
0.4365108 0.0386126
0.4941983 0.03927182
0.4297734 0.03526464
0.4409495 0.03665865
0.4263587 0.03695965
0.4283034 0.03467947
0.4041341 0.03851454
0.3560075 0.04300005
0.3656322 0.0438625
0.4800641 0.04198852
0.4339792 0.04226413
0.3696542 0.04020482
0.4010223 0.0427978
0.4511908 0.04506563
0.4869052 0.04576938
0.5259239 0.04240512
0.5263682 0.03988284
0.5309367 0.03558337
0.4713291 0.03629664
0.3389562 0.03939467
0.3186091 0.04106076
0.3052828 0.04045233
0.3701546 0.04264175
0.3776214 0.04404893
0.3871619 0.04699052
0.3385401 0.04809644
0.4160742 0.04971134
0.4243222 0.04675416
0.4327475 0.05113098
0.4685664 0.05138304
0.4093576 0.05615007
0.3942213 0.06081539
0.3638031 0.06046751
0.4154383 0.06276727
0.5068023 0.06535972
0.45629 0.05860521
0.4899818 0.06085522
0.4817175 0.05648479
0.425731 0.05312107
0.4153892 0.05301987
0.370079 0.04955574
0.3523624 0.05011229
0.448969 0.05093393
0.350484 0.05483775
0.3256537 0.05284117
0.2911423 0.05477398
0.2891995 0.05630536
0.3004595 0.05794698
0.297051 0.05688276
0.3167281 0.0548379
0.3091781 0.05392349
0.2971332 0.05025469
0.2934948 0.05241311
0.3051124 0.04951767
0.3184676 0.05327124
0.3133386 0.05070835
0.3388295 0.05090387
0.3133644 0.05577844
0.330252 0.05555293
0.302741 0.06364537
0.2210905 0.06542635
0.2912311 0.06466116
0.3400489 0.06427255
0.3795806 0.06792525
0.384203 0.06484129
0.3910411 0.06201025
0.4211415 0.06188702
0.4125776 0.06353127
0.2998398 0.06237647
0.3401737 0.06662488
0.3494502 0.06856806
0.2755773 0.07480573
0.2470532 0.07758648
0.2445919 0.0862094
0.1652374 0.08979834
0.1545279 0.0898749
0.2141342 0.08325648
0.2036161 0.0746531
0.1930634 0.07989662
0.2474448 0.08278131
0.2787798 0.07979337
0.2471371 0.07766122
0.22649 0.07679354
0.2082766 0.07816534
0.2887388 0.0772361
0.2574388 0.0743934
0.2899868 0.07666589
0.356011 0.08231231
0.332453 0.07980522
0.3400836 0.08524404
0.3208412 0.0834246
0.2945792 0.08942982
0.2623286 0.08391809
0.276361 0.08700211
0.3124565 0.08050133
0.3302275 0.08284008
0.2863402 0.07576319
0.2284606 0.06727437
0.260168 0.07574793
0.1864652 0.07077745
0.1846667 0.08044021
0.2209574 0.08509803
0.2896253 0.08074505
0.2525344 0.07867055
0.2362351 0.08289568
0.2291225 0.08164689
0.2072014 0.07803452
0.2314034 0.07044773
0.3196545 0.07278471
0.2756081 0.07559706
0.2445771 0.07381812
0.241189 0.07877438
0.2502932 0.08278062
0.264744 0.095973
0.2524759 0.094073
0.2098784 0.1055486
0.2251477 0.1083518
0.1675006 0.1024842
0.1887011 0.1051693
0.1992092 0.104931
0.2376915 0.1017414
0.2405625 0.1095888
0.1656041 0.1068774
0.1806211 0.1078487
0.1633208 0.1114149
0.2150415 0.1095307
0.19509 0.1028327
0.1978052 0.1033731
0.2430044 0.1126219
0.3021386 0.1135545
0.3027629 0.1054435
0.2264595 0.115043
0.206416 0.1103974
0.2301702 0.1126488
0.1915972 0.1131561
0.2050057 0.109634
0.1654865 0.1128175
0.1331684 0.1124109
0.1647372 0.1149986
0.1255143 0.121235
0.101643 0.1290264
0.1274656 0.1259224
0.1759299 0.1274947
0.218713 0.1289444
0.2033984 0.1190315
0.1798059 0.1119755
0.1794848 0.1088708
0.2499491 0.1052335
0.2771453 0.1097842
0.2603587 0.1198253
0.2253815 0.1237765
0.1885495 0.133396
0.1690538 0.1383342
0.2212748 0.1383767
0.2211521 0.1367732
0.2289422 0.134641
0.2046455 0.1341614
0.2453312 0.1358708
0.1760228 0.118967
0.262111 0.1178727
0.2065453 0.1151005
0.1769113 0.1149506
0.245125 0.1233731
0.2114539 0.119644
0.2015592 0.1191234
0.2486129 0.1197007
0.2357607 0.1256621
0.1930951 0.1239805
0.2157339 0.1296381
0.2291364 0.1271345
0.2127724 0.1286536
0.1502388 0.1355384
0.2189493 0.1271482
0.2112246 0.1286921
0.2446437 0.1172345
0.3365687 0.1231928
0.2481948 0.126019
0.2406037 0.1141785
0.2276909 0.1133361
0.1967062 0.1093562
0.2153469 0.1135636
0.2302755 0.1079876
0.2305244 0.1110015
0.2128604 0.103303
0.2812313 0.09881884
0.2946402 0.1015173
0.3369376 0.1069075
0.3151104 0.1024443
0.3134375 0.1012439
0.2935462 0.0950453
0.2642933 0.09328712
0.2668596 0.0962306
0.2153807 0.0963599
0.2162604 0.09874036
0.2086991 0.09775697
0.2471619 0.0991937
0.2036757 0.1099062
0.1508558 0.1151472
0.1410057 0.1190761
0.1646667 0.1195793
0.1905232 0.1167693
0.22595 0.1098368
0.2481623 0.1028349
0.2402457 0.1045838
0.250163 0.1154666
0.2758658 0.1253195
0.2713851 0.1325429
0.2348733 0.1325398
0.2374554 0.1299529
0.1924243 0.1224749
0.1377809 0.1297342
0.1559585 0.1502063
0.08523441 0.1456068
0.1012203 0.146366
0.1103449 0.1436976
0.1387534 0.1433714
0.09000383 0.1444578
0.1165185 0.1357151
0.1528977 0.1461722
0.138213 0.1461016
0.1271509 0.1477716
0.08455311 0.152246
0.08783848 0.154899
0.1156477 0.1530932
0.06869191 0.1611022
0.1021865 0.1610636
0.1291969 0.1708144
0.1343967 0.1557811
0.1582661 0.1697905
0.2051484 0.1704714
0.2274556 0.1756959
0.2353037 0.1667674
0.1595486 0.1666914
0.1873123 0.1533771
0.1878981 0.1593538
0.1918078 0.1492417
0.187629 0.1533855
0.1824838 0.1591979
0.1875547 0.1627615
0.1989709 0.166874
0.2271594 0.1625223
0.2109247 0.1571655
0.1784849 0.1588085
0.1640211 0.1728743
0.1230303 0.1817553
0.1181413 0.1642414
0.142372 0.1739787
0.1047956 0.1760036
0.1096097 0.1685658
0.136626 0.1676892
0.1871616 0.160611
0.2241495 0.1536942
0.1929915 0.1599831
0.1700684 0.1536595
0.148074 0.1549365
0.2002529 0.1568215
0.2236214 0.1528919
0.2038226 0.1401479
0.2135854 0.1466508
0.2031751 0.1466131
0.1935429 0.139604
0.2677813 0.1315707
0.2270556 0.1192619
0.2398049 0.1270294
0.1891815 0.1292659
0.2025225 0.1312922
0.2167384 0.1211805
0.2263307 0.1183753
0.273512 0.1130773
0.2813971 0.1148729
0.2994077 0.1234316
0.2767672 0.1105982
0.3068314 0.107582
0.3081828 0.1108347
0.2704848 0.1070267
0.2553931 0.1082506
0.2118265 0.101375
0.2420253 0.0938877
0.2117786 0.09857169
0.2353239 0.09853179
0.1839806 0.09067214
0.257601 0.09257855
0.2389767 0.09056672
0.2188035 0.09245209
0.1997008 0.08918863
0.1545695 0.09794164
0.2070108 0.1038361
0.1904042 0.1010305
0.2275267 0.1034362
0.2544516 0.1069683
0.2163322 0.1101179
0.1701644 0.115389
0.2204965 0.1095839
0.1703194 0.1059216
0.1685972 0.1044411
0.1463036 0.1114901
0.2288224 0.1154529
0.1658527 0.1257756
0.171787 0.1306547
0.2006567 0.1438909
0.1974419 0.1523003
0.1947968 0.1338002
0.2158407 0.1303687
0.1938833 0.1325304
0.1852925 0.1264118
0.2494371 0.1272901
0.2429148 0.117239
0.2393152 0.1074317
0.2602832 0.1075859
0.2684762 0.1103498
0.2404843 0.107346
0.2271213 0.1049022
0.2050382 0.09847087
0.2745015 0.09513204
0.1883361 0.08610726
0.2471867 0.08219129
0.2660946 0.08060227
0.242201 0.08064365
0.2991772 0.08349568
0.3275805 0.07938675
0.3337236 0.08417498
0.3771798 0.07963211
0.3695314 0.07803554
0.4221303 0.07836381
0.4437712 0.0810949
0.3704184 0.08125808
0.3551829 0.07320964
0.3227713 0.07981802
0.2479287 0.07842601
0.3121526 0.08654563
0.2569155 0.08857238
0.3285615 0.09085792
0.391517 0.08335871
0.3564923 0.07979734
0.3479876 0.08164562
0.3008721 0.08261675
0.2684535 0.08266038
0.269294 0.07794872
0.2674482 0.07896487
0.290122 0.0831207
0.3362968 0.0768365
0.3069624 0.08068693
0.2981302 0.07607145
0.2522861 0.07809573
0.2478892 0.07957859
0.2612676 0.06923307
0.2556163 0.07242995
0.2661572 0.07035676
0.2091928 0.07134933
0.2350296 0.06870417
0.2984514 0.06627864
0.3089663 0.06654121
0.3559493 0.06384273
0.3355863 0.06129828
0.3676378 0.05779206
0.282451 0.05547332
0.2664418 0.05479938
0.3164246 0.05541151
0.3194626 0.05727828
0.273378 0.05549143
0.2712644 0.053724
0.2736053 0.05937935
0.2693687 0.06056027
0.368803 0.06340132
0.3768678 0.06878307
0.3392795 0.06669041
0.3002235 0.06627515
0.3339238 0.05929567
0.3223811 0.06302899
0.365253 0.06009639
0.3894584 0.0578591
0.4729446 0.05387594
0.5097258 0.05197529
0.4653051 0.04907222
0.5060755 0.0501652
0.4670329 0.048607
0.4266085 0.04597372
0.4761394 0.04218085
0.4398487 0.04258778
0.4169644 0.04533721
0.4270535 0.0473263
0.4471585 0.04308053
0.3715525 0.04026595
0.4241288 0.04624149
0.3474227 0.05388678
0.2844242 0.05207226
0.2741211 0.05674297
0.2639388 0.0615715
0.2921992 0.061092
0.3278889 0.06242874
0.3909141 0.0605434
0.4246275 0.06213928
0.4523319 0.0557483
0.4384403 0.05778095
0.4574115 0.0546675
0.4303062 0.05133763
0.4628775 0.04913784
0.4887548 0.04871965
0.4755427 0.05540986
0.5077281 0.05735074
0.5717351 0.05480893
0.5431096 0.05610737
0.58816 0.05148138
0.5333872 0.05059847
0.5631325 0.04605734
0.5317555 0.04504275
0.6220086 0.04398658
0.6128298 0.04548736
0.6631627 0.04479615
0.6193792 0.04548448
0.6240581 0.03857142
0.5719441 0.03716201
0.5688306 0.03349344
0.5366456 0.03084382
0.495652 0.0282648
0.4695928 0.03357081
0.412199 0.03874635
0.4395708 0.03929859
0.4870907 0.03753385
0.501962 0.03956958
0.5731698 0.0360857
0.6012684 0.03656612
0.6166752 0.03712527
0.5695301 0.03642055
0.5806253 0.0390127
0.588417 0.03977742
0.5970724 0.03618101
0.5988989 0.03643406
0.6148442 0.03345863
0.6688791 0.03577416
0.7024089 0.03612417
0.6678939 0.03559015
0.6251195 0.03595793
0.6811194 0.03531484
0.7687802 0.03762376
0.7531302 0.03449496
0.6998434 0.03386938
0.7101346 0.03372257
0.6613194 0.03464227
0.7083292 0.03344268
0.6862731 0.03224825
0.7158175 0.03103719
0.7055139 0.03172647
0.7092621 0.02652969
0.7204351 0.03009902
0.6805254 0.03060267
0.6982312 0.03064273
0.6729688 0.03023397
0.6657204 0.03003167
0.6733643 0.03179038
0.7048297 0.03040432
0.7064096 0.03203294
0.6603608 0.03662032
0.61162 0.03362208
0.579257 0.03298855
0.6179497 0.03292561
0.5605341 0.03318306
0.562657 0.03432913
0.490764 0.03257763
0.5112571 0.0316502
0.4829065 0.03578737
0.5367947 0.0348098
0.5884876 0.0335693
0.6111549 0.0341909
0.6425847 0.03654736
0.612256 0.03839913
0.6121135 0.03940368
0.6540331 0.03919581
0.6048342 0.04087321
0.5519579 0.04059395
0.5418479 0.04433745
0.4620053 0.04247035
0.4953146 0.04315379
0.5950438 0.04588071
0.6279052 0.04625495
0.6589777 0.04072211
0.6416817 0.04065322
0.6041445 0.03953902
0.5959759 0.04232782
0.607619 0.0446497
0.6162009 0.03783854
0.5855309 0.03713881
0.5750761 0.03803453
0.5716617 0.04172537
0.5737649 0.04061665
0.5487175 0.04393027
0.4766262 0.04209794
0.4713621 0.0445436
0.4985909 0.04411645
0.567199 0.04680489
0.560103 0.04453651
0.5076808 0.04402905
0.4727381 0.04574779
0.3932551 0.04191851
0.4255066 0.04005977
0.4015046 0.03909607
0.4174575 0.03703869
0.442238 0.03698647
0.3854325 0.03628786
0.4150568 0.03823384
0.4582104 0.03802986
0.4440629 0.03603981
0.5342927 0.03247461
0.5098832 0.03168702
0.4736254 0.03514809
0.5102316 0.03397819
0.4554952 0.03307762
0.5025855 0.03208759
0.461521 0.031072
0.485511 0.03386831
0.5345697 0.03328122
0.5731212 0.03179262
0.6461681 0.0320517
0.5856874 0.03302559
0.6006728 0.03051182
0.6249207 0.02875042
0.7075536 0.02818987
0.6404822 0.03079615
0.7404747 0.02853817
0.7271451 0.02664557
0.7550675 0.02618452
0.8208864 0.02538204
0.7593885 0.02443207
0.7346492 0.02298279
0.8109891 0.02368953
0.7904042 0.02247139
0.8041354 0.02156983
0.7384927 0.0214074
0.7649972 0.02106751
0.7769559 0.02295784
0.6898185 0.02342563
0.596162 0.02179763
0.6523594 0.02255859
0.6337797 0.02233442
0.6513463 0.02387633
0.6348655 0.0251985
0.6518 0.02593472
0.6302293 0.02542709
0.5891947 0.02467127
0.5913821 0.02620505
0.6137426 0.02604512
0.56968 0.02549532
0.5865148 0.02651485
0.5088707 0.02663457
0.5307897 0.02869727
0.5071604 0.02571953
0.4674197 0.02732614
0.4317719 0.02796525
0.4790729 0.0305003
0.3890306 0.02946446
0.4141529 0.02864631
0.397342 0.03035694
0.4695058 0.03267558
0.4519022 0.03576222
0.4836637 0.03960103
0.5263482 0.04238953
0.4771344 0.04111784
0.5099675 0.03974613
0.5654115 0.04175898
0.555666 0.03992846
0.6024156 0.03630933
0.5146956 0.03944792
0.5969452 0.04123017
0.5782321 0.04407387
0.5964854 0.0467918
0.5929898 0.04370202
0.4876699 0.04010299
0.4716907 0.03894394
0.4433582 0.03944232
0.4181163 0.03913006
0.457816 0.03808811
0.40018 0.03678951
0.3990274 0.03319681
0.3897892 0.03395609
0.4598422 0.03378634
0.3998043 0.0358498
0.4618679 0.03510322
0.4011849 0.03849001
0.4453085 0.03961894
0.5128255 0.04074648
0.4925272 0.03803593
0.5255232 0.03924204
0.4763652 0.03787564
0.5291233 0.03930794
0.5225319 0.03995184
0.4999184 0.03952792
0.4201017 0.04293396
0.4297723 0.03933542
0.5424308 0.04099299
0.5480883 0.04141041
0.5548258 0.03861446
0.6057449 0.0398368
0.5921021 0.03932228
0.6196365 0.04067648
0.6542981 0.03863536
0.6560303 0.04036438
0.6007323 0.04381147
0.5740659 0.04440857
0.5791043 0.0432259
0.6072509 0.04222218
0.6255842 0.04550274
0.742828 0.04427772
0.7062582 0.04494821
0.6641907 0.04515874
0.6932679 0.03883687
0.7110222 0.03739183
0.6556411 0.03759949
0.6001301 0.04196817
0.5862796 0.04690467
0.6001568 0.04342842
0.5448792 0.04357607
0.5057709 0.04411729
0.5308374 0.0482224
0.5715921 0.04797193
0.5940532 0.04717826
0.5279538 0.04551161
0.5734996 0.05049637
0.5098097 0.04908263
0.5009326 0.0482294
0.5302197 0.04168609
0.4995463 0.04067067
0.4218023 0.03705833
0.4632083 0.03726208
0.3908691 0.03971411
0.3835659 0.04668061
0.4366757 0.04520599
0.439915 0.04465056
0.4202033 0.04258239
0.4221729 0.04362025
0.3800211 0.04349699
0.4546396 0.04093459
0.4250108 0.04135519
0.4121945 0.04147863
0.3590298 0.04126
0.3206695 0.04021812
0.3186238 0.0421625
0.2937604 0.04595151
0.3029383 0.04887313
0.3673461 0.05114653
0.4278502 0.05246931
0.4233519 0.05853492
0.4434702 0.0606512
0.4456165 0.06109196
0.4743069 0.06721503
0.4253472 0.06810379
0.4237775 0.07082712
0.4319876 0.07557906
0.4239649 0.07120377
0.4611399 0.07403138
0.460182 0.0786964
0.4178671 0.08233771
0.4369545 0.08468856
0.4384332 0.08038808
0.4318697 0.08331358
0.3634122 0.07655646
0.389548 0.07423571
0.3755401 0.07870657
0.3688093 0.08256742
0.4138551 0.08258519
0.3455283 0.09238111
0.3075839 0.08812796
0.3703453 0.0860994
0.338068 0.07476471
0.3599042 0.07439786
0.3231165 0.06533811
0.3464859 0.0613331
0.3428734 0.06280486
0.3281313 0.06493666
0.3010266 0.06664916
0.2802578 0.07589633
0.2748857 0.07016548
0.3063537 0.07504762
0.2491121 0.07797413
0.2915611 0.07551368
0.2836401 0.07271164
0.2666789 0.07091688
0.3029156 0.06750599
0.3606727 0.07676642
0.4098913 0.07927292
0.4138525 0.07745203
0.3563286 0.07541922
0.3495863 0.07420687
0.3623974 0.06853105
0.3652589 0.07557912
0.2979721 0.06779289
0.2745661 0.06954163
0.3503365 0.07493721
0.3319603 0.07746395
0.3466974 0.07526074
0.3008556 0.0738371
0.3131678 0.07601914
0.3143001 0.07613381
0.2830826 0.08635332
0.2876935 0.08269143
0.3337288 0.08930411
0.2919053 0.1014781
0.3047329 0.1055791
0.259632 0.09925617
0.2213025 0.1042227
0.2166582 0.1045373
0.2581353 0.1102878
0.245001 0.1051708
0.2245372 0.09712699
0.1914334 0.09303184
0.2248189 0.09973586
0.180435 0.1085929
0.1684656 0.1313019
0.1708278 0.1283551
0.2015706 0.1126408
0.1923139 0.1118275
0.198219 0.1246325
0.2192348 0.1211688
0.2092812 0.1244458
0.2228799 0.1154465
0.1829684 0.1096827
0.2253276 0.1077843
0.2390575 0.1152675
0.219043 0.1285808
0.2162262 0.1331301
0.1986346 0.1326925
0.2510837 0.1222363
0.2243384 0.1294661
0.2192502 0.1342308
0.2153054 0.1290941
0.2063994 0.1401038
0.1482372 0.1315826
0.1544791 0.1370906
0.1700527 0.1409032
0.2279434 0.1472933
0.1591339 0.1336406
0.1563869 0.1444506
0.1784159 0.1434474
0.1759364 0.1435797
0.167069 0.1519699
0.1801809 0.1434892
0.1927645 0.1212162
0.1587089 0.1199588
0.1817237 0.1117854
0.2168174 0.1184119
0.2599877 0.1088406
0.2482175 0.1007784
0.2604528 0.1061122
0.3077796 0.1080379
0.2674045 0.1152112
0.2180864 0.1149031
0.2323533 0.1180181
0.2378404 0.1150755
0.2158184 0.1136589
0.2230301 0.1107899
0.2159423 0.1078296
0.2641431 0.1201084
0.2093065 0.1231426
0.1901236 0.1176558
0.1875248 0.1119022
0.2570325 0.109313
0.1911291 0.1121195
0.1401638 0.1081083
0.1950207 0.09936899
0.2068668 0.1060196
0.2400128 0.1052143
0.2614482 0.1010189
0.1977263 0.09472166
0.1977042 0.09660602
0.2101279 0.0965605
0.2147063 0.1063986
0.2074026 0.1060793
0.2104937 0.1026402
0.2123493 0.1092795
0.2783975 0.1008401
0.2814658 0.09728594
0.3279415 0.09528361
0.3374367 0.09644739
0.3471843 0.09229764
0.3914382 0.08799189
0.3571004 0.08465008
0.3434416 0.09057801
0.4070855 0.09678643
0.3353509 0.096895
0.3755973 0.1027255
0.3220341 0.1052509
0.3510153 0.08805956
0.3503907 0.08877654
0.3624724 0.08634575
0.3523775 0.07760158
0.336208 0.08101226
0.2824426 0.09228347
0.3407408 0.09397537
0.3004623 0.09446288
0.324196 0.09453953
0.2696111 0.09435484
0.2620366 0.09181165
0.2633833 0.09384365
0.259773 0.09514328
0.273262 0.1036524
0.2891996 0.105255
0.3037769 0.09322585
0.3346603 0.09498772
0.3203053 0.09354795
0.2428458 0.09927147
0.2313384 0.09257806
0.1954218 0.09190265
0.2421694 0.08229827
0.3139442 0.07507636
0.3228433 0.06799067
0.3050742 0.06218513
0.3542339 0.06302202
0.3685709 0.05663979
0.3952556 0.05876911
0.3706577 0.0600354
0.3949774 0.05759151
0.3956183 0.06163119
0.4238627 0.05957792
0.4063202 0.06269852
0.4548136 0.06411629
0.4223851 0.06401651
0.3893714 0.06049616
0.2999793 0.06060375
0.3540094 0.05917686
0.3535467 0.05494806
0.3928809 0.0536946
0.3904254 0.05147674
0.4306686 0.05050452
0.4293061 0.04592788
0.4137797 0.04396212
0.3152246 0.04130217
0.3618855 0.04151361
0.383586 0.03801746
0.3746717 0.03985872
0.3049873 0.04129941
0.3408583 0.04337649
0.2892937 0.04555826
0.2966664 0.0476887
0.3618601 0.04764771
0.4709557 0.04423638
0.4215528 0.04038449
0.3739881 0.04040419
0.3820197 0.04318548
0.4241785 0.04636342
0.4785787 0.04363851
0.4951037 0.04687586
0.427544 0.04796302
0.3948167 0.0461925
0.3652415 0.04963699
0.3495303 0.05485363
0.3506766 0.05342399
0.3290444 0.05126635
0.3222126 0.05583287
0.306348 0.05681196
0.3350836 0.06113543
0.3065416 0.06353911
0.3627057 0.06005336
0.3320664 0.06166135
0.2938898 0.06254022
0.3127491 0.05891305
0.331743 0.05664869
0.4101319 0.0579567
0.3747084 0.05800844
0.3933573 0.05555664
0.3997198 0.05692506
0.4339459 0.05626618
0.4306401 0.05015254
0.433248 0.04993777
0.3878673 0.04824519
0.3820486 0.04636703
0.4139398 0.04569594
0.4533125 0.04732031
0.4270478 0.04840982
0.4182619 0.05057248
0.4012875 0.04947543
0.472007 0.05018442
0.5255501 0.05250917
0.5764772 0.05462301
0.5059557 0.0551954
0.5157348 0.05437025
0.4391271 0.05433124
0.376746 0.05491624
0.3400496 0.05693201
0.3743835 0.05414264
0.3748198 0.05306969
0.3425955 0.0592172
0.3747359 0.05251047
0.3585076 0.05173192
0.3925005 0.04874907
0.3384168 0.0549223
0.2821761 0.05564224
0.2586553 0.05946381
0.2765047 0.05825083
0.2891563 0.06473376
0.3440977 0.06348594
0.3096628 0.06536798
0.2116685 0.06596063
0.261513 0.06543408
0.2552602 0.06524477
0.2671928 0.07163528
0.3472054 0.07072207
0.3730561 0.06935863
0.3058753 0.07412318
0.3582118 0.07469466
0.3423345 0.07712373
0.3316839 0.07691934
0.3023336 0.07012903
0.2850441 0.07504675
0.2663715 0.06900794
0.2535202 0.06643227
0.2591668 0.07340682
0.3198806 0.07781338
0.311813 0.08050876
0.3377904 0.08294513
0.3782307 0.08272192
0.4004309 0.08576788
0.40804 0.07670244
0.3775693 0.07424954
0.3119245 0.07738409
0.3255205 0.07843354
0.2981375 0.08103668
0.2999628 0.08148166
0.2472466 0.08477839
0.2522313 0.09697013
0.2464744 0.1060681
0.2630545 0.1127285
0.2920271 0.1070942
0.2455113 0.1064375
0.3274095 0.1126598
0.327302 0.1231017
0.2658711 0.1181693
0.2164631 0.106096
0.2004048 0.1049216
0.2067538 0.1083352
0.2202664 0.0992952
0.2838114 0.1005491
0.3201108 0.1038792
0.3103124 0.1119253
0.3318489 0.1103312
0.3556945 0.1105736
0.2992289 0.1112971
0.2980645 0.1154584
0.3130805 0.1112733
0.3311476 0.1097994
0.2935769 0.1023743
0.2299377 0.1068637
0.212469 0.09881682
0.2779397 0.1018468
0.2309861 0.09010581
0.2389593 0.1032701
0.2688694 0.09958217
0.2397827 0.1011511
0.3229905 0.09974225
0.2411399 0.09520005
0.3006884 0.09257108
0.3043793 0.08963604
0.278779 0.09174807
0.2770111 0.09184085
0.2990015 0.09920561
0.3180217 0.1054936
0.2711096 0.1033712
0.2204442 0.1070596
0.2502402 0.1029596
0.2392956 0.09524484
0.2229324 0.09430786
0.3201338 0.09698148
0.2728106 0.1029462
0.264839 0.0981845
0.243134 0.09685727
0.2684251 0.09727864
0.2990642 0.1021375
0.2547623 0.1015455
0.2163398 0.105497
0.2158618 0.1106752
0.2124336 0.1087095
0.2516941 0.1062611
0.2038457 0.103961
0.2579517 0.1047948
0.2070566 0.09795797
0.256562 0.09793018
0.2522003 0.09408514
0.2131345 0.1053467
0.2281545 0.1106944
0.288833 0.09123867
0.2962546 0.09161225
0.269391 0.08564145
0.2319339 0.08833792
0.2331327 0.08167172
0.2014666 0.07973305
0.2149892 0.08396555
0.2211103 0.08998449
0.1890649 0.09296751
0.225245 0.08535521
0.2223856 0.08965328
0.1834405 0.08682937
0.2196935 0.08720799
0.2020404 0.09218888
0.222043 0.09197728
0.1947274 0.0877106
0.1778705 0.08427444
0.2066393 0.08677049
0.2474371 0.09038714
0.2645248 0.09046164
0.265444 0.09199513
0.2954862 0.09122837
0.2715301 0.08917531
0.3170617 0.08925256
0.2876649 0.0911444
0.2177715 0.09308187
0.2256473 0.09917154
0.2032284 0.1007867
0.2173199 0.1032462
0.1834338 0.1159863
0.1526445 0.103948
0.1784794 0.1027506
0.1883563 0.1079887
0.2608726 0.1033437
0.2436992 0.1083854
0.2206381 0.09564113
0.2233522 0.09172998
0.2655623 0.0859661
0.2457214 0.08296499
0.2781513 0.07530238
0.3443624 0.07752387
0.3515241 0.07034658
0.3378632 0.06920612
0.31811 0.07253393
0.3185649 0.07092028
0.2951849 0.0756983
0.3728793 0.07423494
0.3520752 0.07175809
0.3311561 0.07535272
0.3141855 0.07781407
0.3203314 0.07254474
0.2772523 0.06927584
0.3929866 0.07195598
0.4034482 0.06607781
0.4393189 0.06417415
0.484779 0.06800301
0.4372497 0.06841349
0.5628958 0.06461213
0.4920398 0.06527759
0.5201481 0.06371654
0.4997075 0.06361245
0.4033161 0.06048666
0.2813931 0.06174662
0.3179547 0.06595539
0.3383795 0.06842217
0.3430613 0.06812667
0.3149887 0.0629266
0.3518025 0.06132402
0.3753542 0.06384229
0.3877496 0.06062583
0.3605791 0.06189235
0.3010658 0.05479062
0.3432707 0.06194009
0.2963772 0.05863176
0.2635325 0.05212973
0.2771066 0.05205931
0.2960292 0.05048509
0.3142245 0.05116405
0.3601492 0.0552803
0.370685 0.05815468
0.4072051 0.05932675
0.377031 0.06269631
0.3453325 0.06609821
0.3432488 0.06199051
0.3077451 0.0695339
0.3263761 0.0648862
0.3131098 0.06466937
0.2564034 0.06742449
0.2595576 0.0684341
0.2211493 0.06945215
0.2627251 0.07042465
0.3517574 0.0739498
0.3568916 0.0770559
0.3507097 0.07444691
0.3464714 0.07975605
0.2659274 0.08405087
0.2410565 0.09097562
0.2851965 0.09188567
0.2874344 0.09131444
0.264154 0.08535681
0.3049705 0.08380164
0.2434562 0.09017138
0.3244886 0.08932025
0.3396732 0.09181961
0.3237257 0.08915161
0.2961998 0.08648216
0.2928844 0.08651893
0.2410815 0.08511669
0.2523826 0.07824265
0.3241505 0.07788573
0.2888111 0.08144147
0.2956949 0.0834841
0.288189 0.08385503
0.2222892 0.08889882
0.2061319 0.09041566
0.2522583 0.09362631
0.2485602 0.08744135
0.3223546 0.09301391
0.3086437 0.09379988
0.3440161 0.09625937
0.2951498 0.1003952
0.2096316 0.1015254
0.2166325 0.09975016
0.2250583 0.1039953
0.2469443 0.1071198
0.3276946 0.107679
0.3050609 0.1005933
0.260368 0.09153538
0.2683064 0.08490628
0.2357966 0.08616966
0.194154 0.07881328
0.2632759 0.08144562
0.2427673 0.07298718
0.2801861 0.06935343
0.2296598 0.0726414
0.2524298 0.08209066
0.2196491 0.08539886
0.2529342 0.08948092
0.2448563 0.08741416
0.205279 0.09970415
0.2525705 0.1019894
0.3075462 0.09594455
0.2852688 0.09403797
0.2867198 0.09340687
0.2527429 0.09223152
0.2337512 0.09113144
0.2655683 0.08206525
0.2721637 0.0796811
0.2835558 0.07663413
0.3448449 0.07681865
0.3891671 0.07397768
0.3918582 0.07094965
0.3874772 0.06367493
0.4291653 0.06412962
0.5151625 0.06793876
0.3885306 0.0704922
0.3929513 0.07202385
0.3611121 0.06760808
0.4103445 0.06289074
0.3510669 0.06258257
0.334832 0.06134515
0.3371671 0.06432082
0.337437 0.06541549
0.3602961 0.06551604
0.3013434 0.07388649
0.3253858 0.07588149
0.3738366 0.07506164
0.4159176 0.06989943
0.383849 0.07034553
0.3241119 0.06618679
0.3236706 0.05941794
0.3119335 0.06280992
0.3232555 0.06286133
0.3449006 0.06071953
0.3623525 0.0612539
0.3378058 0.05841618
0.3251971 0.06045644
0.3563139 0.06603213
0.4465433 0.05969995
0.4859106 0.06293013
0.3866295 0.06388452
0.4089884 0.06612383
0.4120917 0.05835702
0.4473902 0.05969032
0.4335962 0.06114137
0.4840917 0.05889885
0.5499325 0.05954934
0.5480957 0.05735865
0.5176796 0.05940364
0.4743621 0.06074592
0.4240289 0.05945796
0.3599124 0.06021629
0.3265078 0.06073361
0.3153363 0.06528168
0.3631042 0.06783128
0.429401 0.07207735
0.4451556 0.06840955
0.3944336 0.06253035
0.4254978 0.05977065
0.4259757 0.06079673
0.4923629 0.05923057
0.4723235 0.05684183
0.4294681 0.06120777
0.4631589 0.06665613
0.4425992 0.06611657
0.3599478 0.06408129
0.3902198 0.06118262
0.4008572 0.06448618
0.3880294 0.06344531
0.3691213 0.06770101
0.4192475 0.06581755
0.4330093 0.06174035
0.3971955 0.06019694
0.3655553 0.05921478
0.4071977 0.05818725
0.3726577 0.06021394
0.3990239 0.06005547
0.4959865 0.05938043
0.5224688 0.0561763
0.4233788 0.05065046
0.4444836 0.05084669
0.4074642 0.0443984
0.3903144 0.04703107
0.2935297 0.04536001
0.2642487 0.04887773
0.309492 0.04843205
0.3247517 0.0525997
0.3028421 0.05342677
0.3426362 0.05481394
0.3126583 0.05268533
0.3276907 0.04984493
0.30814 0.05027966
0.4127723 0.04299906
0.4001823 0.0401502
0.423723 0.03922923
0.5003839 0.03517854
0.5350273 0.03635044
0.5617527 0.03658344
0.5366115 0.03493606
0.5869445 0.0343157
0.6274498 0.03230758
0.6071558 0.03280486
0.6064139 0.03207365
0.6213502 0.03124069
0.6550785 0.02909372
0.6452681 0.03052355
0.6496024 0.03034828
0.6141343 0.02894572
0.6249631 0.02846924
0.6284392 0.02981699
0.6042744 0.02818498
0.5999372 0.02974377
0.5621401 0.02905252
0.5214664 0.02977879
0.5354202 0.02967682
0.5568164 0.03037215
0.6163702 0.03236675
0.5954498 0.03375793
0.5741208 0.03673422
0.6113449 0.03754297
0.6819052 0.03682507
0.6771611 0.03356863
0.6243628 0.03168921
0.5842175 0.03203938
0.6357794 0.03346294
0.5859776 0.03344724
0.6267436 0.03286384
0.6488594 0.03236445
0.6694611 0.03555293
0.6359405 0.03585422
0.5373668 0.03215797
0.582379 0.03540543
0.600732 0.03557502
0.5446552 0.03499543
0.5685789 0.03558838
0.5908417 0.0395923
0.6275647 0.03646638
0.642131 0.03630602
0.6463888 0.03782568
0.5556405 0.0379331
0.5122899 0.03922718
0.5271135 0.03997675
0.5735052 0.03755629
0.5696074 0.03667269
0.5482163 0.03715887
0.5013623 0.03867549
0.5027986 0.03644758
0.5418323 0.03880279
0.4398832 0.03910168
0.485975 0.03828875
0.5603029 0.03641854
0.5627237 0.03333549
0.5820416 0.03228096
0.5605764 0.0344741
0.5431154 0.03228358
0.577989 0.03130767
0.5500629 0.03171128
0.565806 0.03077645
0.5979587 0.03057761
0.6910915 0.02867797
0.7266074 0.02743946
0.7225247 0.02992142
0.6343451 0.02856535
0.5878891 0.02800133
0.5872009 0.02762789
0.5296086 0.02587078
0.4775075 0.02400451
0.5235937 0.02620111
0.4579579 0.03061946
0.4508355 0.03149881
0.4002378 0.03584737
0.3613318 0.03695109
0.3516218 0.03546286
0.3622346 0.03761039
0.3673668 0.04059524
0.3729367 0.04141119
0.3705025 0.04003221
0.4609076 0.03886635
0.4884413 0.03587307
0.4367043 0.03250594
0.4930861 0.03411446
0.5357165 0.03722817
0.5925416 0.03710253
0.6343468 0.03780042
0.6949642 0.03636034
0.733382 0.03677956
0.7194326 0.03605557
0.7173803 0.04020071
0.6762608 0.04132688
0.6569948 0.04296195
0.6599409 0.04122429
0.7087245 0.03875672
0.7263995 0.03961981
0.6869843 0.0424294
0.7630382 0.04219289
0.6934321 0.04783173
0.6941994 0.05224464
0.6421264 0.05287474
0.6233248 0.05196681
0.5782005 0.04671194
0.4823846 0.04664009
0.5823617 0.04462134
0.5729565 0.04229459
0.5381982 0.03976569
0.5519828 0.04093999
0.5740094 0.03693081
0.5143072 0.03826803
0.545233 0.03611864
0.480616 0.03919335
0.5265531 0.03819974
0.554546 0.03576238
0.4945384 0.03868199
0.439938 0.04102695
0.458215 0.03816391
0.3873634 0.04126135
0.4612587 0.03999326
0.453393 0.03746967
0.4422497 0.03813704
0.432968 0.04155754
0.5063542 0.04166901
0.5308263 0.04237937
0.4845452 0.04397799
0.5186034 0.04305425
0.5312708 0.04318081
0.5211639 0.04040251
0.5297319 0.04066042
0.4131758 0.03781073
0.4498499 0.03936874
0.4976059 0.03741144
0.4498893 0.03643533
0.4809155 0.03752878
0.5626227 0.03625513
0.5585808 0.03622027
0.5909111 0.03689183
0.6603284 0.03595069
0.674057 0.04084105
0.6833425 0.0373357
0.7181878 0.03763352
0.7118656 0.04289708
0.6351598 0.04035065
0.5952317 0.04334773
0.6987059 0.04390862
0.7673261 0.04453492
0.7092507 0.04430851
0.7799054 0.04409455
0.7636159 0.04254585
0.7939604 0.04459518
0.6982727 0.04093468
0.681605 0.04204393
0.6506612 0.03956422
0.6181933 0.04376183
0.606518 0.04398613
0.6548123 0.04614271
0.5552219 0.0464754
0.5436442 0.04228457
0.6055578 0.04143157
0.5756239 0.04199984
0.6275003 0.0367885
0.6084106 0.03862572
0.5894501 0.03746838
0.5920051 0.03611449
0.566697 0.03674582
0.5887433 0.03561014
0.5824791 0.0338198
0.5452286 0.03348641
0.5071625 0.03235988
0.492639 0.0330337
0.5287711 0.03303451
0.4802131 0.03428193
0.4457761 0.03441395
0.4638685 0.03255578
0.5099529 0.03109031
0.4683568 0.02889601
0.4677063 0.02648544
0.582646 0.02805202
0.5697459 0.02781271
0.6205453 0.02742769
0.6238421 0.02767063
0.6030987 0.02836787
0.5471863 0.0266979
0.5810947 0.02860079
0.5256924 0.0275588
0.49767 0.02623217
0.4445434 0.02593007
0.4586199 0.02759038
0.4032207 0.02771208
0.4830284 0.02793684
0.5331586 0.02767617
0.4951866 0.02717321
0.5758592 0.02587109
0.5952666 0.02838611
0.5653937 0.02966605
0.5760395 0.02923062
0.5532859 0.02858759
0.6620587 0.02961345
0.7244599 0.02732656
0.7366665 0.02685434
0.7605375 0.02317304
0.6672845 0.02306528
0.7282569 0.02241103
0.7052304 0.02072999
0.725175 0.02160068
0.6853833 0.02432849
0.6168895 0.02191719
0.6129551 0.02258263
0.5822993 0.02119886
0.6326566 0.02062121
0.6968687 0.02089355
0.6715249 0.022203
0.7172675 0.02568054
0.722201 0.02599119
0.7421085 0.02621481
0.7256825 0.02569246
0.6669521 0.02605376
0.7284835 0.02676899
0.7013182 0.02883044
0.7451016 0.03037062
0.7680617 0.03047337
0.7800023 0.02827454
0.7665347 0.0308986
0.7920292 0.03020256
0.7519935 0.03252812
0.7393846 0.03141399
0.7701439 0.03274538
0.6976389 0.03339306
0.7316506 0.03553876
0.7845329 0.03542313
0.7787915 0.0378895
0.7389687 0.03422202
0.7998523 0.03845854
0.7896469 0.03815312
0.7827137 0.03877949
0.7896162 0.03692903
0.7324319 0.04129547
0.739883 0.04205838
0.7326037 0.03988661
0.7156938 0.03601455
0.6301458 0.03738759
0.6149268 0.03521724
0.6302458 0.03401981
0.6336879 0.03353935
0.6112249 0.03288229
0.6212113 0.03240716
0.580352 0.03273878
0.6000167 0.03567976
0.597394 0.03302797
0.6211675 0.03057814
0.6213967 0.03029245
0.5949066 0.02968056
0.5748913 0.02979043
0.6091125 0.02767279
0.6775825 0.02870692
0.7409529 0.02718012
0.7411688 0.02779784
0.6681533 0.02770134
0.6254355 0.02789176
0.6632811 0.03054964
0.6582173 0.03380724
0.5598205 0.0317887
0.6151325 0.03026886
0.6626239 0.03611202
0.6462015 0.03340885
0.5831285 0.03520378
0.6171816 0.03661681
0.6063258 0.04149909
0.590829 0.03973884
0.4887644 0.04026415
0.5254728 0.0423575
0.5489205 0.04261992
0.4732152 0.04372607
0.4381278 0.04236279
0.480626 0.04482181
0.5197507 0.05051001
0.5252358 0.04723293
0.5297343 0.05187647
0.5514253 0.05028996
0.571959 0.05081879
0.5708788 0.05116587
0.5098698 0.05040356
0.4673112 0.05089585
0.4360219 0.0498056
0.4182995 0.0503395
0.4143806 0.04649789
0.4699648 0.04584857
0.4632089 0.04303864
0.4555816 0.04609861
0.449307 0.04487359
0.413259 0.04671394
0.3708391 0.04692475
0.4223327 0.04623947
0.4584258 0.04619175
0.515857 0.04813995
0.4747392 0.04751278
0.5359138 0.04649579
0.4801875 0.04400818
0.439422 0.03688811
0.4365001 0.03945909
0.4624635 0.03929406
0.4960137 0.04231081
0.425288 0.04054597
0.4531632 0.03818447
0.529703 0.03610699
0.5330799 0.03584484
0.5114061 0.03693017
0.5434219 0.03527063
0.5555311 0.03835207
0.5738566 0.03748699
0.5307082 0.03763074
0.529848 0.03598008
0.6129795 0.03410107
0.5703447 0.03530731
0.5799852 0.03232041
0.5899005 0.03076025
0.510341 0.03212141
0.525032 0.03281911
0.5065069 0.03241146
0.4360894 0.03138812
0.508553 0.03367843
0.5093643 0.03295284
0.4347831 0.03226586
0.501519 0.03077708
0.4529681 0.02998069
0.4726395 0.03328798
0.6179816 0.03395171
0.6484511 0.03355178
0.6173977 0.03232477
0.6304459 0.03496415
0.6136005 0.03475775
0.6057976 0.03448094
0.5933656 0.03453437
0.5619011 0.03214058
0.5639518 0.03306689
0.5867614 0.03464201
0.5744483 0.03963577
0.6049458 0.03930365
0.5663838 0.03741876
0.5678381 0.03793821
0.54944 0.03604572
0.5454599 0.0342109
0.5091045 0.03588732
0.4923065 0.03304878
0.5029389 0.03116252
0.5034316 0.0306841
0.5108907 0.0306122
0.5016198 0.03032564
0.5015383 0.02756543
0.5900865 0.0248791
0.6407224 0.02799456
0.6544906 0.02842052
0.6483902 0.0291063
0.5909597 0.03076095
0.5809404 0.0348117
0.5206384 0.03646539
0.4826391 0.03911109
0.525647 0.04327836
0.6113119 0.04323898
0.6122182 0.04504666
0.5993478 0.05222471
0.5996877 0.05467395
0.5867489 0.06261527
0.5871374 0.06457752
0.5358829 0.06161408
0.5092208 0.06168022
0.507765 0.05518728
0.529763 0.0592792
0.5077523 0.05895525
0.4614517 0.05396359
0.5050163 0.05037237
0.5375002 0.0489439
0.4838137 0.0429439
0.546052 0.04489573
0.5354159 0.04267543
0.5439554 0.04562369
0.5408525 0.04617692
0.5222101 0.04553143
0.510354 0.0427714
0.4132091 0.04411303
0.4392004 0.04034013
0.4995763 0.03873872
0.6096945 0.03803042
0.5910082 0.04048249
0.5557748 0.03933968
0.5169444 0.03814211
0.4874029 0.03747317
0.5601924 0.03630337
0.5719551 0.03355137
0.5637758 0.03233391
0.5475555 0.03004252
0.5624023 0.0308575
0.5614339 0.03223377
0.5765761 0.02990406
0.504069 0.02735745
0.5066029 0.02735806
0.5014841 0.02940225
0.5412296 0.02947006
0.5374838 0.02884274
0.5609103 0.02981951
0.5601321 0.0298583
0.5232655 0.03160479
0.5025358 0.03032881
0.5677869 0.03287524
0.6149297 0.03109397
0.6229982 0.03253036
0.633258 0.03023778
0.6522136 0.02895701
0.6140297 0.02834773
0.6816412 0.02922002
0.669737 0.02969763
0.6585898 0.03017045
0.6966616 0.02962225
0.7548577 0.02802053
0.7868224 0.03312981
0.7816828 0.03299225
0.7331037 0.03563366
0.6783031 0.03516841
0.6729524 0.03717515
0.7494912 0.03394121
0.692306 0.03349489
0.7798018 0.03338166
0.7999489 0.03148436
0.8040822 0.03173805
0.7946024 0.03383905
0.8174802 0.03410912
0.844299 0.03113704
0.8259386 0.02988561
0.8283552 0.03111118
0.8256773 0.02950946
0.7844126 0.03055914
0.7242424 0.03221083
0.6594681 0.02948035
0.6582007 0.03092171
0.6408091 0.03001818
0.6558339 0.03004861
0.6460601 0.03227104
0.642294 0.03364219
0.6132724 0.03322249
0.5371576 0.03440405
0.6004603 0.0376918
0.6168264 0.03821041
0.6370695 0.03768511
0.6354452 0.03962529
0.5766689 0.03959812
0.5536118 0.03835777
0.5553028 0.04062733
0.6198414 0.04202239
0.6767231 0.04272206
0.6467156 0.04521883
0.653384 0.04610137
0.6277196 0.04353747
0.5933903 0.04664779
0.5750105 0.04823442
0.5503658 0.04441464
0.5066006 0.04857367
0.5546891 0.04625591
0.6359691 0.04284845
0.6051857 0.03808108
0.5436397 0.0367911
0.6063404 0.03981709
0.5273302 0.03734064
0.5540436 0.04192446
0.5553909 0.04125076
0.4642567 0.04192634
0.4653679 0.04289483
0.4544178 0.04203594
0.4115717 0.03989012
0.4118584 0.04206089
0.476045 0.04145755
0.4624768 0.041211
0.5005077 0.04105618
0.4678105 0.04201521
0.4731162 0.04155915
0.448593 0.04247797
0.4542271 0.04594121
0.4946509 0.04424142
0.4817716 0.04308685
0.5325432 0.04685981
0.5732953 0.04348229
0.5233635 0.04322657
0.5116299 0.04423638
0.4545595 0.04446715
0.5094704 0.04268364
0.4613117 0.0405662
0.4378389 0.04104069
0.3461463 0.04045333
0.4074245 0.04439483
0.4403467 0.04417674
0.4727777 0.04453433
0.472308 0.04502721
0.4890324 0.04257681
0.4934881 0.04082387
0.4637309 0.04063111
0.4431591 0.03884756
0.4514096 0.03885808
0.5408731 0.0369611
0.5267286 0.03807996
0.4865859 0.04132102
0.4326738 0.04158336
0.4411192 0.03961993
0.4217887 0.04314005
0.4226312 0.04188532
0.4408766 0.04147574
0.5749826 0.0401681
0.547958 0.0398824
0.4503125 0.04044596
0.486981 0.04335886
0.4296773 0.04179198
0.3697664 0.03985399
0.3191701 0.0401607
0.3562053 0.04213274
0.279505 0.04762539
0.3032503 0.0455988
0.3675364 0.04977817
0.338581 0.04709989
0.3228414 0.04676563
0.2999482 0.05004553
0.243545 0.04804002
0.2659917 0.05320262
0.2699327 0.05689064
0.2932578 0.05585706
0.3682138 0.05146297
0.3529354 0.04812366
0.3854528 0.05263268
0.4033846 0.05490629
0.3931617 0.0500919
0.4378978 0.04455046
0.4595298 0.04279188
0.5346954 0.04422306
0.4859196 0.03950791
0.4819214 0.04022247
0.5103809 0.03811531
0.4819507 0.0382957
0.491973 0.03363161
0.5339047 0.03008446
0.4987797 0.03429592
0.5535172 0.03454054
0.5752915 0.03773562
0.5211642 0.03808642
0.4404693 0.03622085
0.401331 0.03632188
0.3553622 0.03579175
0.4362905 0.03348798
0.4628491 0.03329255
0.4631592 0.03034868
0.5254182 0.03143815
0.5111648 0.02827216
0.5628831 0.03022742
0.4953118 0.03239876
0.5774036 0.03177723
0.6062102 0.03191747
0.6283014 0.03029198
0.6655045 0.03098028
0.6506234 0.03306071
0.7102702 0.03416121
0.7438295 0.03418903
0.7660927 0.03482726
0.7472683 0.03297996
0.6390932 0.03170051
0.6179383 0.03312797
0.6497613 0.0357946
0.692642 0.03590627
0.6497908 0.03618627
0.6612316 0.0339613
0.6798767 0.03073317
0.55692 0.02971346
0.482974 0.02899452
0.5160502 0.02689721
0.556249 0.03036083
0.5597343 0.03345759
0.5827626 0.03280357
0.5398591 0.03385162
0.5329952 0.03521272
0.525802 0.03296511
0.5437773 0.03126194
0.5237148 0.0309549
0.4747719 0.03312957
0.4460366 0.03304201
0.4611671 0.02894324
0.3875767 0.02839482
0.4517923 0.02770225
0.4784525 0.03357579
0.5293202 0.0350546
0.5464407 0.03518966
0.4513773 0.03388375
0.4359139 0.03102553
0.4398111 0.03252896
0.470082 0.03504027
0.4390851 0.03816084
0.3961457 0.03729367
0.3678155 0.03509953
0.4644204 0.03418616
0.4884612 0.03460582
0.449502 0.03571108
0.3933529 0.03690874
0.3976562 0.03503503
0.4501924 0.03535688
0.5388361 0.03379268
0.6356177 0.03549314
0.5881896 0.03609461
0.5604436 0.0395698
0.5526839 0.0380456
0.5928963 0.03702283
0.5933176 0.03825844
0.5539117 0.03869665
0.5279429 0.03971514
0.525277 0.0419368
0.490767 0.04124788
0.4630402 0.04503134
0.5426065 0.04277164
0.5289256 0.04155243
0.5271043 0.04606298
0.5667437 0.04837971
0.5934308 0.04867539
0.5626358 0.04549915
0.5745919 0.03724085
0.6236936 0.03465413
0.6957077 0.03145723
0.7317735 0.03034921
0.6686133 0.02784213
0.571212 0.0281118
0.5618984 0.02875658
0.5634029 0.02856634
0.5639186 0.02853162
0.5087899 0.02983462
0.5132584 0.02763332
0.5452638 0.02984866
0.487347 0.0331195
0.5756947 0.03452358
0.4855668 0.03293228
0.4544352 0.03216331
0.4499423 0.03467063
0.4566724 0.03166015
0.4287407 0.03214657
0.4334174 0.03129762
0.4458782 0.03290241
0.3981798 0.03062342
0.3507486 0.02899666
0.3696396 0.03040474
0.3722946 0.02964257
0.3717987 0.0312913
0.4435602 0.03259475
0.4182333 0.0333143
0.3960502 0.03448555
0.3697375 0.03260639
0.3526669 0.03060391
0.3513416 0.03347752
0.3628958 0.03621779
0.3837744 0.03407359
0.3916336 0.03376468
0.4595895 0.02998786
0.4230651 0.03027905
0.4239605 0.0308183
0.4444293 0.03434932
0.4139427 0.03394065
0.4115439 0.03545003
0.3943806 0.03590102
0.3301995 0.03911413
0.4354695 0.0399539
0.4362324 0.03500936
0.4462882 0.03540516
0.4871463 0.03655665
0.5242049 0.03358065
0.5681847 0.0356294
0.6033826 0.03731535
0.5477828 0.0389484
0.5719647 0.0380503
0.6029201 0.03609246
0.5963 0.03074883
0.6263227 0.02901561
0.6216367 0.02760783
0.608976 0.02622442
0.4788249 0.02394374
0.5514395 0.02389003
0.5236973 0.02204367
0.5608182 0.02561001
0.5298825 0.02686914
0.4829901 0.02568031
0.5359577 0.02566184
0.6211217 0.02626818
0.6106291 0.02486322
0.6169226 0.02505152
0.6177636 0.02598293
0.6756551 0.02617738
0.6555153 0.0235508
0.6727377 0.02473748
0.7025135 0.02595765
0.7173641 0.02435448
0.7027176 0.02510349
0.6724558 0.02696136
0.6485764 0.02824352
0.6213493 0.02550162
0.6830797 0.02734391
0.7562785 0.02484355
0.7631091 0.02676283
0.7298099 0.02747792
0.7157396 0.02794794
0.6779749 0.03002341
0.6640415 0.02837442
0.5915047 0.02795705
0.6637433 0.02966868
0.6022717 0.02860167
0.4982754 0.02745059
0.5255488 0.02690601
0.593305 0.0261929
0.6171692 0.02635787
0.6566564 0.02626592
0.652699 0.02674672
0.5977245 0.02722714
0.6156538 0.02996576
0.6236424 0.0321109
0.6742407 0.03412101
0.6427708 0.034795
0.5401258 0.03173699
0.6020843 0.02980194
0.5536516 0.0324089
0.5896132 0.03477358
0.5513451 0.03325883
0.5323579 0.03090167
0.4610733 0.03407922
0.533772 0.03338829
0.568145 0.03453796
0.590981 0.03503983
0.4490618 0.03668343
0.4982363 0.03798058
0.4150207 0.03811883
0.4034035 0.03876001
0.396402 0.03725234
0.5077482 0.03556208
0.4934685 0.03694469
0.5133558 0.04185368
0.493076 0.04207186
0.4412973 0.0441058
0.4703927 0.04234893
0.4281189 0.03849223
0.4237034 0.03807757
0.405097 0.04120343
0.4385432 0.04223012
0.4457446 0.04881097
0.5174097 0.05230863
0.5093986 0.05352155
0.4469996 0.05590371
0.5276514 0.05608111
0.4908975 0.05198862
0.5222044 0.05212601
0.4326441 0.05047124
0.3780503 0.05306315
0.4598949 0.05067729
0.4642477 0.04938604
0.4336806 0.04745442
0.4427462 0.04825719
0.4994001 0.04858587
0.4673481 0.04877631
0.5648529 0.04994478
0.4674031 0.04868238
0.4894356 0.05189968
0.4753887 0.04996432
0.4971093 0.05354164
0.508397 0.05561624
0.523725 0.05700979
0.4769778 0.05331547
0.4324815 0.05602145
0.46564 0.05415838
0.4281908 0.05460437
0.3754821 0.05396986
0.3600203 0.05566118
0.429993 0.05870675
0.4322293 0.06127099
0.4131091 0.05865747
0.410273 0.06030861
0.401873 0.05783245
0.445864 0.05318439
0.486311 0.05498962
0.3844011 0.05555099
0.3837102 0.05819118
0.475037 0.05642399
0.4998699 0.0583403
0.4640384 0.05929797
0.4079443 0.0592973
0.4882534 0.05490601
0.4887944 0.0534694
0.4581718 0.05217109
0.4901916 0.0537087
0.5348818 0.05256088
0.5372625 0.04992222
0.5520393 0.05074918
0.4946739 0.05351666
0.5081411 0.05340784
0.4881191 0.04932873
0.6176404 0.04766049
0.5136879 0.0501061
0.5742255 0.0492237
0.524004 0.04863442
0.522926 0.0515108
0.5722867 0.04988509
0.5499384 0.04745967
0.4946369 0.04415317
0.4543839 0.04544338
0.4598143 0.04487856
0.4203015 0.0439778
0.4556148 0.04639232
0.4550572 0.04690013
0.4285345 0.04450619
0.4419604 0.04202656
0.4733574 0.0441657
0.5506189 0.04122734
0.6648687 0.03775898
0.7614309 0.03685391
0.7582038 0.03616223
0.7256758 0.03956297
0.6953389 0.03901835
0.6998984 0.0390159
0.6675503 0.04003393
0.6186266 0.04473607
0.6734189 0.04306784
0.6795558 0.04075207
0.5950951 0.04070903
0.5026994 0.04298561
0.5022407 0.04722701
0.5862804 0.04792301
0.5992037 0.04444249
0.4620156 0.04372397
0.4369925 0.04191175
0.4036336 0.04107061
0.4240588 0.04229916
0.3490557 0.04209285
0.3272826 0.04280066
0.3141888 0.04450706
0.3098879 0.04499289
0.322541 0.04349478
0.3547575 0.04495104
0.3792906 0.04500539
0.3435908 0.04487151
0.3912049 0.04457772
0.43196 0.04208942
0.4343182 0.03867655
0.4410524 0.04305254
0.4381849 0.04564642
0.3721522 0.04634835
0.3809742 0.0476119
0.3335541 0.04911967
0.3838296 0.05427287
0.358662 0.05144228
0.3304459 0.04805401
0.3555644 0.04818698
0.3946173 0.04409313
0.3972026 0.04222335
0.395313 0.04222597
0.4485099 0.04078786
0.4773006 0.0411437
0.4455404 0.03699326
0.4862142 0.03815765
0.4930757 0.04182279
0.4971918 0.042187
0.4958722 0.04123771
0.4259804 0.04221243
0.4088166 0.04399716
0.4660968 0.04161914
0.4610269 0.03875942
0.4076867 0.04054514
0.3912126 0.03916397
0.2954471 0.04006355
0.3390743 0.04514201
0.3123492 0.04466682
0.2886914 0.04424021
0.2956045 0.04582154
0.368159 0.03958041
0.2986718 0.04109075
0.3812765 0.04192314
0.2728675 0.03827906
0.3533113 0.04077595
0.4277238 0.04062049
0.4996161 0.03820353
0.4707135 0.03946325
0.4636485 0.04166619
0.4422046 0.0384419
0.3821171 0.03639605
0.377358 0.03757521
0.3505751 0.03518268
0.3638233 0.03546217
0.4192607 0.03635521
0.3744092 0.03721321
0.3547936 0.03798015
0.4827474 0.03506072
0.4495175 0.03462538
0.4314867 0.0371987
0.4724415 0.03633915
0.4982132 0.03529464
0.5312559 0.03346185
0.4781888 0.03540429
0.5349564 0.03428839
0.5283738 0.03436973
0.4974928 0.03855773
0.5803054 0.03703709
0.5834904 0.038692
0.5884126 0.03631871
0.545544 0.03598896
0.5939813 0.03702228
0.6427515 0.03495623
0.6421348 0.03487782
0.6265653 0.03494607
0.472441 0.03515263
0.4108487 0.03671406
0.4476853 0.03689855
0.5008616 0.03445083
0.4785955 0.03582166
0.5631154 0.03743112
0.5392139 0.03986544
0.5911272 0.03584675
0.5138901 0.03297097
0.460537 0.03263795
0.478258 0.03207756
0.4087766 0.03060361
0.3464225 0.03215963
0.3662041 0.03311719
0.3634108 0.02882731
0.3331511 0.03322243
0.3629621 0.03651692
0.3344102 0.03680236
0.3581735 0.03170361
0.4136825 0.03277014
0.4031201 0.0324773
0.4439694 0.03372833
0.4486872 0.03419727
0.4287897 0.03396562
0.3597987 0.03379034
0.4085115 0.03178209
0.4601515 0.03292957
0.445954 0.03091845
0.4768551 0.03260716
0.5707985 0.03125603
0.594453 0.03207179
0.587237 0.03013846
0.6461461 0.03041768
0.6573713 0.03103689
0.6080668 0.03233343
0.5201604 0.0308943
0.5150145 0.02976045
0.4512574 0.02999058
0.4250245 0.02833077
0.4039302 0.02860808
0.4184089 0.02838826
0.460823 0.02918292
0.4693337 0.03044669
0.4667664 0.02883417
0.487123 0.02956667
0.5189668 0.02888382
0.5672203 0.02880403
0.5098371 0.03184525
0.5358817 0.03203054
0.584698 0.03127131
0.5726991 0.03225728
0.6348071 0.03282911
0.6130494 0.0328474
0.5817155 0.03190688
0.5847602 0.02813288
0.6500688 0.02827876
0.6934377 0.02929135
0.6415848 0.02974459
0.6774928 0.03025066
0.6433127 0.02877566
0.6106742 0.0297547
0.5856228 0.0289811
0.5445847 0.03108771
0.5954865 0.03142763
0.5113457 0.02963218
0.5604888 0.02796249
0.5375943 0.0296675
0.5265147 0.02756631
0.3781921 0.02895555
0.3809295 0.03068716
0.4578842 0.03166952
0.4466097 0.0337064
0.4650966 0.03488875
0.4527564 0.0360536
0.4802912 0.03451928
0.4806607 0.03400032
0.4260083 0.03150097
0.4003459 0.02982995
0.3957228 0.02838144
0.4578346 0.02680645
0.508594 0.02918662
0.5661035 0.02441705
0.5550264 0.02434249
0.523967 0.02521696
0.5082635 0.02663038
0.5334209 0.02855386
0.5625139 0.02777547
0.5833758 0.02866076
0.5501912 0.02651112
0.5249438 0.02692508
0.4639696 0.02722595
0.4705923 0.02498575
0.4669801 0.02425979
0.4921303 0.02439625
0.5704453 0.02530224
0.5445679 0.02711785
0.575811 0.02882494
0.6601118 0.02900977
0.6122852 0.03016003
0.6187261 0.03260751
0.627433 0.03385019
0.5930752 0.03547258
0.5401087 0.03153289
0.5793325 0.0319343
0.5254536 0.03336567
0.5464207 0.03449066
0.4478679 0.03462246
0.4108015 0.03620035
0.4423718 0.03600841
0.4328915 0.03570458
0.4803755 0.03680964
0.4708468 0.0379864
0.462957 0.0349182
0.5133737 0.03770759
0.452487 0.0399956
0.4531023 0.0424373
0.3898267 0.04039668
0.4710541 0.04144953
0.4703565 0.042355
0.5130946 0.0406711
0.463063 0.04371548
0.5068141 0.04136145
0.533046 0.04233487
0.5228153 0.04210446
0.5206529 0.04157883
0.400324 0.03914422
0.4122492 0.03872457
0.3966108 0.03630945
0.3897931 0.03511422
0.3213033 0.03663618
0.3323835 0.03855538
0.351323 0.04345025
0.3431168 0.0474429
0.3693485 0.04375969
0.3351266 0.04019288
0.3267984 0.04009392
0.3697858 0.03817581
0.4465925 0.03568176
0.5164888 0.0370977
0.497979 0.0330534
0.5022452 0.03375577
0.5240014 0.03503184
0.5483916 0.03422539
0.5642651 0.04195072
0.5747165 0.03748732
0.5850344 0.03242971
0.6272025 0.03232688
0.530102 0.0333458
0.5200587 0.03204176
0.5457319 0.03082012
0.5116346 0.03230917
0.518388 0.0324097
0.4870943 0.03061878
0.4295824 0.02817444
0.4634081 0.03075658
0.5500709 0.03181068
0.5643002 0.03157811
0.5194286 0.03294841
0.5530645 0.03312325
0.5781281 0.0324783
0.5995971 0.03508655
0.5978234 0.03563046
0.5930463 0.03509097
0.629735 0.03644247
0.6183274 0.03532637
0.5913361 0.03564081
0.5914042 0.03954445
0.6399045 0.04225497
0.6580046 0.04113543
0.6389571 0.03710808
0.6317538 0.04032019
0.6024901 0.04175019
0.5717221 0.03915754
0.5593187 0.03711305
0.5863028 0.03508269
0.5979233 0.03715197
0.5864813 0.03522565
0.5515826 0.03823772
0.4712288 0.03732424
0.5679884 0.03465786
0.5639868 0.03410088
0.5602659 0.03457786
0.560878 0.0344645
0.5603203 0.03222058
0.5690814 0.03297191
0.5177077 0.03221837
0.5167011 0.03142509
0.5358754 0.03145152
0.5639933 0.03167145
0.5338369 0.03385004
0.4856522 0.0337562
0.5264862 0.03196855
0.3998309 0.03267019
0.5269842 0.03504005
0.6020222 0.03376248
0.5443346 0.0353172
0.5285812 0.03273267
0.6061355 0.03283665
0.6055277 0.03194269
0.6201274 0.03249621
0.6243764 0.02819128
0.7201153 0.03102651
0.705427 0.03500096
0.7333696 0.03904352
0.683044 0.03873145
0.6572897 0.03954172
0.6060782 0.04139469
0.4901777 0.04338063
0.4667559 0.04231267
0.4227686 0.04242268
0.4596538 0.04941368
0.4586344 0.04858472
0.5792097 0.0505325
0.5011506 0.04977682
0.4716909 0.05371963
0.4502016 0.05203421
0.4213721 0.05011903
0.4148515 0.0502229
0.430362 0.049643
0.4542892 0.05051904
0.5209227 0.0470042
0.4621745 0.04880611
0.4515358 0.04846718
0.5043051 0.05107956
0.4255935 0.04866058
0.4145929 0.04919019
0.4042917 0.04711443
0.4216068 0.04633148
0.4386396 0.04601858
0.427289 0.04456084
0.4933815 0.04595509
0.4890897 0.04168584
0.4741492 0.04156214
0.4379799 0.04028777
0.4823639 0.03748994
0.5305158 0.03475855
0.5023043 0.03268285
0.4502599 0.03266655
0.532847 0.03300642
0.534005 0.03604613
0.592571 0.03346161
0.5873458 0.03177508
0.598077 0.03408149
0.5057945 0.03389114
0.6241075 0.03265476
0.6527204 0.03279759
0.5685429 0.02862333
0.4506319 0.03134666
0.4227808 0.03264593
0.4761142 0.02915067
0.4694768 0.03334317
0.4997779 0.03275584
0.4982045 0.03083888
0.5235527 0.03411279
0.5149694 0.03531992
0.4841739 0.03240359
0.5315264 0.03228899
0.5405298 0.03021574
0.5597281 0.03089511
0.4888988 0.03158063
0.4482859 0.03281613
0.5252112 0.03191213
0.4794928 0.02979955
0.5614461 0.02849879
0.460939 0.03055901
0.4080981 0.03442269
0.393706 0.03395788
0.4312976 0.03399559
0.4277896 0.03777889
0.4552007 0.03700145
0.4455645 0.03788683
0.4079878 0.04102942
0.478324 0.03652399
0.4839851 0.03410725
0.5455146 0.03411986
0.5659832 0.03568758
0.6058709 0.03424802
0.6561569 0.03362608
0.6402927 0.03541672
0.641748 0.03425495
0.636332 0.03445023
0.6702532 0.03821151
0.6193408 0.03708925
0.6219907 0.04019995
0.6176457 0.03855201
0.5716378 0.03778838
0.5114696 0.03964217
0.4747636 0.04329696
0.4712996 0.0427275
0.41551 0.04604051
0.4815127 0.04609385
0.4529181 0.04680312
0.3760438 0.0491689
0.3873157 0.05024143
0.441401 0.04964569
0.4189746 0.05354656
0.3967352 0.05194737
0.3955958 0.0543145
0.3342926 0.05457868
0.3249289 0.05470109
0.3392457 0.06189263
0.3767233 0.05741624
0.3570046 0.06156039
0.395239 0.06153815
0.5426894 0.05668021
0.5112345 0.06180691
0.5678642 0.06289783
0.5209467 0.06916984
0.5134832 0.06714577
0.5291922 0.06836059
0.5195969 0.0659511
0.4559599 0.06396505
0.4717097 0.06461313
0.3968239 0.05982022
0.4056102 0.06115552
0.4442899 0.0545227
0.4259111 0.05961471
0.4055706 0.05974428
0.4059764 0.06071383
0.3947204 0.05888462
0.3025391 0.06167648
0.2734447 0.06506755
0.2575041 0.06875073
0.2948084 0.06403013
0.285244 0.06976933
0.3185372 0.07383189
0.300157 0.07795996
0.2717629 0.07887822
0.2608945 0.08842823
0.3402579 0.08625976
0.2857617 0.08363144
0.2591745 0.08402954
0.2429842 0.07423642
0.1925464 0.07085632
0.2747339 0.06691005
0.2549487 0.06291313
0.2667635 0.0654184
0.3093404 0.06344646
0.4065688 0.06333703
0.4009826 0.06834396
0.4584297 0.07552398
0.4127439 0.08051918
0.3801305 0.08901402
0.2902893 0.08734829
0.2521693 0.09888654
0.2466599 0.0822625
0.2144624 0.08082398
0.2553097 0.08376821
0.276702 0.08804229
0.2421043 0.08998162
0.2054144 0.093629
0.2390468 0.09252157
0.2430529 0.08916967
0.2244368 0.09524617
0.2049128 0.0939867
0.2390039 0.09568107
0.2101081 0.1034651
0.2567231 0.1116705
0.2791512 0.1139666
0.3029313 0.1080195
0.2853216 0.1030968
0.2204722 0.1009765
0.2752076 0.1053391
0.2583216 0.1098852
0.2366101 0.1180944
0.2926358 0.1231611
0.3197921 0.1253597
0.2896996 0.118864
0.27103 0.1162249
0.2882374 0.1184341
0.2582734 0.1189448
0.2550375 0.1291068
0.2110004 0.1159822
0.2216152 0.1174122
0.2198147 0.1130649
0.1801625 0.1184175
0.2510001 0.1228961
0.2451315 0.1249582
0.2882296 0.1341056
0.2519785 0.1305487
0.2820208 0.1125659
0.2237623 0.1173057
0.2344083 0.1175201
0.2270589 0.117574
0.2177546 0.1119933
0.2451365 0.1121605
0.1915314 0.1032215
0.1750715 0.1019034
0.3131317 0.09833621
0.4374819 0.09409415
0.411704 0.09021156
0.2989795 0.08536489
0.1995336 0.08292282
0.1740731 0.08412722
0.18937 0.08782127
0.1913698 0.08718858
0.2516947 0.08522342
0.2635761 0.09051703
0.2831832 0.09509017
0.2948764 0.0895194
0.2493968 0.08462203
0.2060194 0.08765369
0.219081 0.08912718
0.2378787 0.0908691
0.2540912 0.08851203
0.2474496 0.0807182
0.1891607 0.07811391
0.2147085 0.07349181
0.2446069 0.06738594
0.244289 0.05817499
0.3391863 0.05803827
0.3754411 0.06107984
0.3110063 0.0670475
0.3458643 0.06248548
0.3915846 0.06402605
0.3546372 0.06927705
0.3381453 0.06600546
0.3317278 0.069856
0.322019 0.07717878
0.3608809 0.08357795
0.3485145 0.07827889
0.3340961 0.07335434
0.2848233 0.07724616
0.3205891 0.0695446
0.3251215 0.06990946
0.3799433 0.06897196
0.3706055 0.07242162
0.3445529 0.07513042
0.3027767 0.07540593
0.3063247 0.07323156
0.3168143 0.07019847
0.2964486 0.07321746
0.3726496 0.07348462
0.3584776 0.07868343
0.3527967 0.07888513
0.3890543 0.07654172
0.3343411 0.07719037
0.4430422 0.07635621
0.441683 0.07845988
0.4664539 0.06847672
0.403505 0.06804719
0.4503392 0.07008322
0.418035 0.07308184
0.3540026 0.07657877
0.3480313 0.07434143
0.3104004 0.07589819
0.2533926 0.07317678
0.2690386 0.07470303
0.2661447 0.07721055
0.2705337 0.07653879
0.243261 0.06991979
0.2273008 0.07372984
0.2884454 0.07092095
0.3389653 0.06934699
0.3121546 0.07193939
0.3032876 0.07609021
0.323136 0.07636052
0.2977849 0.07568613
0.2952256 0.07493792
0.2614406 0.08018479
0.2674638 0.07890729
0.2287365 0.08013941
0.2019215 0.0766573
0.1905836 0.08650231
0.2133038 0.08445584
0.2114318 0.09412319
0.2291564 0.09093573
0.2023454 0.08719125
0.1942995 0.08264824
0.226793 0.07940323
0.2150057 0.08142482
0.2626548 0.08266078
0.2837451 0.07718822
0.328548 0.07600411
0.372219 0.08124297
0.3551061 0.08462872
0.3686993 0.08301928
0.3802049 0.08090031
0.3143529 0.07827915
0.3010693 0.06816967
0.2941463 0.07536192
0.388537 0.07128026
0.3922957 0.07956655
0.3494412 0.07521786
0.3423236 0.07699916
0.3395551 0.08698798
0.3526982 0.08721862
0.3392263 0.08096345
0.2933621 0.08213608
0.3086001 0.08960244
0.3002595 0.09217214
0.2986408 0.09665651
0.3480406 0.09858548
0.4100919 0.09849897
0.3333521 0.1007085
0.3637581 0.09376043
0.367311 0.0922138
0.2770674 0.08565019
0.274093 0.08753801
0.3009706 0.09048487
0.2664174 0.08784857
0.3112457 0.0886649
0.396175 0.08609598
0.3163251 0.08550873
0.2756496 0.08379011
0.3093038 0.08300415
0.2802938 0.07574066
0.3259928 0.08533028
0.3622185 0.08401928
0.37868 0.08585532
0.4210664 0.09084628
0.298152 0.08923595
0.315599 0.08750991
0.262672 0.0895618
0.1962994 0.07760762
0.1679064 0.08223072
0.2043138 0.08170099
0.2376922 0.08467989
0.1945991 0.09111292
0.231213 0.09649949
0.1793868 0.09971275
0.2006722 0.09635315
0.2024554 0.09930076
0.1657304 0.1066592
0.1782581 0.1065894
0.1806746 0.1079023
0.1355976 0.1106895
0.1874079 0.1022999
0.1509205 0.1051756
0.2023289 0.1070823
0.2075961 0.09655723
0.1928323 0.103984
0.2289394 0.1068048
0.2564644 0.101777
0.2813186 0.1015793
0.2725493 0.1004129
0.2806659 0.1012456
0.2748268 0.0970597
0.2618159 0.1030141
0.2527259 0.1038268
0.2927239 0.1080472
0.2910815 0.1070047
0.2709461 0.1137771
0.2924386 0.115485
0.2604493 0.1098208
0.2484576 0.1168757
0.2053583 0.1074187
0.2175766 0.1099246
0.2511652 0.09630574
0.2292735 0.09318844
0.1534359 0.09333351
0.2114867 0.09309284
0.1982415 0.08930712
0.2779005 0.08408548
0.315641 0.08709306
0.2976757 0.09030583
0.3227446 0.09192471
0.348149 0.09319692
0.3321004 0.09413768
0.2881122 0.09639699
0.297701 0.09928332
0.3509267 0.09799498
0.3484783 0.09446255
0.3310199 0.1052753
0.3013064 0.1118177
0.2419036 0.1085431
0.238246 0.108941
0.1375197 0.1140279
0.1605104 0.1169874
0.1587388 0.1145055
0.2269254 0.1151341
0.2407557 0.1047922
0.2808199 0.09920038
0.2485854 0.1014026
0.2064552 0.1132057
0.1660683 0.1005356
0.2118587 0.1019514
0.2149521 0.1061524
0.2189548 0.1014456
0.2474576 0.1002165
0.2628766 0.09941293
0.2766686 0.09753277
0.3085404 0.08629588
0.2517181 0.07784261
0.245369 0.07532316
0.2249082 0.07745766
0.2628445 0.09255888
0.2932881 0.09569696
0.2835871 0.0913945
0.2969026 0.09330842
0.2877564 0.09573753
0.2960319 0.08920931
0.2452754 0.09170157
0.2176132 0.09089804
0.2664328 0.08913945
0.2748627 0.08800671
0.2394947 0.08666245
0.2954911 0.08757584
0.2635468 0.09176142
0.2235083 0.09766718
0.1946529 0.08986357
0.2716028 0.08672813
0.2268843 0.08107806
0.2508442 0.07765909
0.2920765 0.08108309
0.2324152 0.07962635
0.3103304 0.0784117
0.3574757 0.07621239
0.3738593 0.08225563
0.3747215 0.07674996
0.3323111 0.07842239
0.3813899 0.07940971
0.4132459 0.07934051
0.3905117 0.0748276
0.3920247 0.07223813
0.4072733 0.07196244
0.4123147 0.07096551
0.4584028 0.07018333
0.4189805 0.06718019
0.4047812 0.06596979
0.35563 0.07040261
0.3383143 0.07888516
0.3460535 0.08126885
0.3648122 0.08204338
0.293188 0.07679942
0.2732645 0.0797785
0.2085771 0.08097459
0.2035935 0.08298255
0.2734212 0.08707672
0.2920805 0.0888778
0.3410284 0.08403243
0.3525171 0.08237006
0.3477717 0.0858825
0.320671 0.09114119
0.313682 0.09491598
0.3540363 0.09816707
0.4155904 0.09737988
0.3713909 0.08943283
0.4169785 0.08726395
0.3603704 0.08945537
0.3785207 0.1031461
0.2500912 0.1094618
0.2644233 0.1104004
0.2269282 0.09294227
0.2272623 0.09398051
0.2977897 0.09426484
0.3200871 0.09367638
0.2762398 0.09354864
0.2964912 0.0993945
0.2621088 0.09753476
0.2478334 0.09739225
0.2333177 0.09629356
0.2239314 0.09972872
0.214167 0.09172574
0.1993037 0.09001435
0.2510963 0.08560242
0.2618891 0.07996708
0.3119417 0.07558037
0.2462728 0.07452401
0.3050411 0.07369301
0.2506922 0.06871829
0.1881435 0.06933872
0.2391711 0.06826785
0.245205 0.0625995
0.2900945 0.05460185
0.3250448 0.05121819
0.304573 0.0479171
0.3851056 0.04766028
0.3785505 0.0510771
0.3753819 0.04799183
0.3511663 0.04821304
0.322311 0.04558142
0.3025212 0.04461061
0.3705973 0.04399557
0.3999906 0.04091697
0.4005945 0.0411005
0.431011 0.04046701
0.4297664 0.04068769
0.5455368 0.03799494
0.5770071 0.03736368
0.5075654 0.03971518
0.5109928 0.03560212
0.5201035 0.03922621
0.5545494 0.03627659
0.5788625 0.03688728
0.6063572 0.03628868
0.6167277 0.03640447
0.6935541 0.03573307
0.697273 0.03580469
0.7016622 0.03577385
0.7066081 0.03621011
0.6944903 0.03443216
0.6628869 0.03370009
0.6257377 0.03769438
0.6369311 0.03359861
0.6528332 0.03296584
0.6728202 0.03701372
0.6790762 0.03574007
0.6937423 0.03689304
0.5555216 0.04305747
0.5922826 0.04436045
0.5153311 0.04367168
0.5501826 0.0420824
0.5280132 0.04375987
0.537837 0.03982363
0.5761842 0.04074406
0.5639302 0.04051146
0.5686863 0.04473374
0.571369 0.0450257
0.5551838 0.04639203
0.5630939 0.04514317
0.5787892 0.04379827
0.4724514 0.04441089
0.4105297 0.04411882
0.4489067 0.04641863
0.4033555 0.04696347
0.4101867 0.04761988
0.4380606 0.04898628
0.4205498 0.04883604
0.4596246 0.04495635
0.4554951 0.04531135
0.4276105 0.04463911
0.5087143 0.04263542
0.5173873 0.04029983
0.4678463 0.03863274
0.4214791 0.03815628
0.4728098 0.04150966
0.4544041 0.04026288
0.4082651 0.04434273
0.4653118 0.04280091
0.483279 0.04012144
0.4943541 0.03747959
0.4568407 0.03880027
0.4817952 0.03844624
0.5380869 0.0378931
0.5241538 0.03891972
0.5855565 0.03997184
0.6145263 0.04083393
0.6241652 0.04079629
0.5533613 0.0417963
0.5607578 0.03764987
0.5463524 0.03541336
0.5193212 0.03979294
0.5665028 0.04173267
0.5330385 0.0433437
0.5569428 0.04338777
0.5270985 0.04406076
0.4681346 0.03994858
0.4283267 0.03834888
0.3689872 0.03933898
0.3078326 0.04100981
0.3365332 0.03796883
0.4276373 0.03869159
0.433635 0.03934975
0.4042596 0.04363078
0.470772 0.04163923
0.3961215 0.05039183
0.3558892 0.05383532
0.2993558 0.05383195
0.311654 0.05353013
0.3437047 0.05045036
0.3354595 0.05306009
0.3436765 0.0541386
0.3511414 0.06167225
0.4702069 0.05615356
0.4042308 0.05087908
0.3561993 0.0511157
0.3311 0.05482383
0.3270674 0.05051809
0.3682794 0.05003033
0.4640238 0.04443692
0.4813351 0.04039204
0.5130997 0.04479325
0.5164683 0.04187056
0.5230528 0.04034412
0.4370969 0.03879921
0.4672942 0.03914325
0.4957497 0.04069449
0.5398693 0.04527467
0.5395173 0.0420469
0.4390609 0.04380394
0.4494699 0.04272466
0.4831369 0.04125181
0.5731488 0.03694095
0.5738992 0.03782781
0.5500659 0.03627886
0.6234215 0.03722182
0.593697 0.03370342
0.5643401 0.03205993
0.6011316 0.03226844
0.5795732 0.03427135
0.5648505 0.038387
0.5163949 0.04017673
0.5262666 0.03613877
0.5559108 0.03836427
0.555227 0.03542102
0.5635688 0.03595829
0.4971905 0.03448071
0.5183921 0.03371758
0.4940552 0.03491994
0.3625033 0.03602986
0.3475471 0.04038193
0.3275989 0.03806304
0.3701619 0.03385842
0.3305293 0.03682087
0.3745697 0.03955255
0.4029134 0.03779679
0.3841513 0.03884421
0.4436468 0.03915933
0.4852748 0.03895113
0.5131417 0.04213257
0.5139773 0.03982899
0.5710499 0.04120321
0.5789909 0.03968895
0.5702909 0.0409571
0.5491366 0.04172611
0.4745837 0.04386771
0.4416696 0.04613567
0.4058185 0.05023675
0.4044431 0.04673425
0.378398 0.04523783
0.436311 0.04620552
0.4995652 0.0457428
0.440271 0.04357479
0.4034933 0.04526184
0.3810944 0.04717798
0.46816 0.04487363
0.581771 0.04490138
0.4702372 0.04504316
0.4958777 0.04255236
0.4509321 0.04076679
0.3900649 0.04242174
0.4207241 0.0420846
0.3897352 0.04136497
0.4175484 0.04271218
0.4497307 0.04312171
0.461616 0.04614062
0.4747037 0.04299733
0.4660449 0.04236262
0.4120554 0.03943173
0.4816844 0.04255623
0.3868518 0.04087027
0.4377823 0.03807304
0.4265735 0.04016932
0.4252182 0.04170035
0.4453327 0.03972239
0.4286787 0.03911789
0.360372 0.03891785
0.3794668 0.04126901
0.4022783 0.03975053
0.4099933 0.04478072
0.4191083 0.04104155
0.4177966 0.03831507
0.496957 0.03746721
0.4884243 0.03750188
0.5646265 0.03545234
0.6153555 0.0397186
0.6132121 0.03526865
0.5702857 0.03680907
0.4850446 0.03742728
0.4346892 0.04055872
0.418104 0.0411894
0.4161985 0.04099396
0.4087642 0.04295801
0.3501285 0.04379909
0.3199512 0.04707593
0.3827928 0.04582853
0.4313316 0.04518975
0.4173043 0.04411719
0.4564476 0.04529891
0.5140898 0.04772583
0.5660379 0.04925826
0.4899412 0.04460941
0.5089242 0.04358281
0.5414192 0.04269924
0.4891702 0.04514382
0.5020208 0.03985633
0.5182013 0.03863039
0.4608069 0.03880879
0.5502275 0.04066536
0.5053173 0.04023969
0.5455919 0.04183754
0.5041315 0.05050463
0.4691182 0.04793058
0.4134906 0.04762649
0.3476279 0.0431082
0.3609541 0.0424198
0.3849872 0.04106221
0.4309439 0.0430396
0.4292818 0.04258037
0.3849544 0.04585171
0.375855 0.04979973
0.3548386 0.05001384
0.3606342 0.05093487
0.378856 0.04625857
0.4339939 0.0449643
0.4591233 0.04166967
0.4435426 0.03728552
0.4945993 0.03227947
0.4725718 0.03133934
0.4075939 0.03048164
0.435287 0.02992569
0.4763493 0.03016528
0.4976643 0.02940322
0.5486747 0.03103669
0.5897409 0.03051958
0.6348613 0.03109699
0.6395057 0.03194182
0.6317851 0.03519424
0.5728058 0.03591758
0.5946661 0.03462626
0.5771957 0.03492253
0.5998629 0.03355035
0.6653862 0.03268913
0.6465461 0.03171186
0.7020467 0.03027833
0.670623 0.03185655
0.6840295 0.03089623
0.6153134 0.03191012
0.6057885 0.03578812
0.5416521 0.03794965
0.5938847 0.03708335
0.6196725 0.03497835
0.6009358 0.03379777
0.552436 0.02994125
0.5815566 0.0313432
0.6382357 0.02978136
0.6063705 0.02834336
0.5256901 0.028708
0.5523466 0.03078518
0.5523038 0.03022417
0.586858 0.03203387
0.6276863 0.03349305
0.5604452 0.03027335
0.579265 0.02812288
0.5437558 0.02823967
0.5816017 0.02684213
0.6859833 0.03029038
0.7096313 0.03238367
0.7141681 0.03073587
0.7167872 0.02889999
0.702714 0.03182341
0.622686 0.03165294
0.5497053 0.03243985
0.6297245 0.02955937
0.6325578 0.03297004
0.5793436 0.03355464
0.6163105 0.03368515
0.5648705 0.03611309
0.5700152 0.03518412
0.622483 0.0379153
0.5791641 0.03810411
0.6542506 0.03589405
0.6270912 0.03419407
0.5799774 0.03399117
0.5942776 0.0363351
0.6292366 0.0387521
0.6165122 0.04116743
0.6209649 0.04139988
0.6439956 0.04084174
0.6222581 0.04514484
0.5974278 0.04044359
0.5164467 0.03943858
0.5216331 0.03702929
0.5731888 0.03586967
0.5410565 0.03486138
0.6405419 0.03417307
0.7019599 0.03636397
0.7008986 0.04150392
0.7115333 0.04156402
0.6911518 0.04172241
0.6830931 0.04145748
0.5946309 0.04725626
0.6299163 0.04645482
0.6019999 0.04528843
0.5827009 0.04475715
0.5492515 0.04563791
0.5608029 0.04561564
0.5926952 0.04732888
0.5984865 0.0479074
0.6290571 0.04702877
0.6317852 0.04442578
0.6011719 0.04748724
0.539892 0.04800486
0.5752263 0.05001754
0.5669906 0.04807432
0.5583076 0.04603155
0.5379955 0.04614141
0.5398787 0.04363477
0.5009722 0.04365533
0.5264156 0.04014699
0.5016828 0.0392828
0.5218556 0.03761077
0.5553425 0.04254964
0.5503305 0.04250908
0.5174848 0.04224549
0.5834702 0.04478437
0.6003466 0.0419042
0.4980822 0.0400439
0.5201785 0.04045971
0.4293699 0.03851147
0.4022878 0.03960282
0.4329447 0.03777058
0.4533208 0.04266545
0.4111562 0.03983585
0.3258368 0.04293632
0.3108334 0.04149627
0.4349141 0.04072557
0.544982 0.03904052
0.5105147 0.04204026
0.5037266 0.04186533
0.4637149 0.04265978
0.5484494 0.04424028
0.5547762 0.04361547
0.4910383 0.04404315
0.3958198 0.04477125
0.4458808 0.04825929
0.4086934 0.04898712
0.4302524 0.0476255
0.5025241 0.04862182
0.5130217 0.0467768
0.41393 0.04846219
0.4181904 0.04670802
0.4415101 0.04930283
0.504121 0.05172805
0.4879895 0.04856248
0.5007403 0.04928421
0.5461496 0.04715586
0.5771028 0.04284267
0.5217405 0.04424408
0.5147447 0.04110788
0.4992807 0.04020859
0.4583423 0.03773219
0.4446424 0.03415731
0.4079548 0.03556531
0.4332781 0.03458421
0.4861662 0.0329856
0.4657623 0.03266922
0.4086626 0.02987192
0.4779875 0.03132052
0.5718079 0.03338191
0.6147334 0.03524092
0.60443 0.03212286
0.5099518 0.03392445
0.4317328 0.03726483
0.4411739 0.04014716
0.3989746 0.03860788
0.3922923 0.03965153
0.3569302 0.03905977
0.3764094 0.03980449
0.3734877 0.03861627
0.3615018 0.03837412
0.3739366 0.036993
0.3248626 0.03645443
0.3074827 0.04171047
0.3202003 0.0439246
0.2989556 0.04141786
0.3671634 0.04756383
0.3625726 0.04640862
0.3716782 0.04600473
0.3869164 0.04662884
0.4239668 0.04467365
0.4816127 0.04415623
0.5160235 0.04335349
0.4865157 0.04143928
0.5386558 0.04273587
0.5455965 0.04888375
0.5311998 0.04645222
0.5019407 0.04494744
0.4304581 0.04600881
0.3641822 0.04436517
0.4623845 0.03948693
0.5533432 0.03934018
0.5110679 0.03684635
0.5370262 0.03399664
0.468699 0.0401678
0.439625 0.0417925
0.4126107 0.03970839
0.4929939 0.0403599
0.4772436 0.0418306
0.4908344 0.04327014
0.4222951 0.04383592
0.4567367 0.04627717
0.3454765 0.04864262
0.4442348 0.05227164
0.3402674 0.05515743
0.3483773 0.05712558
0.4160475 0.05908002
0.3285264 0.05526278
0.3022063 0.0585289
0.3658984 0.06168207
0.3592861 0.06388769
0.3268828 0.05786667
0.2604512 0.05873258
0.2484372 0.05983801
0.2578915 0.05668147
0.2985888 0.06377529
0.3260477 0.06446435
0.3461505 0.06198153
0.3678591 0.06649943
0.400931 0.07170325
0.3800222 0.07421386
0.3714524 0.07478754
0.358783 0.07559102
0.3253921 0.07757806
0.369258 0.07161968
0.3873728 0.07227458
0.4229903 0.07281857
0.4794975 0.07204159
0.3875377 0.07059578
0.3739621 0.07568004
0.4058464 0.07726745
0.4108715 0.0801787
0.4119093 0.06837707
0.3755932 0.06536728
0.3611159 0.06573663
0.3494888 0.06296628
0.3954595 0.05541614
0.3787184 0.05890416
0.3289425 0.05897453
0.2347631 0.05771914
0.3034348 0.05077921
0.2823496 0.05308645
0.336397 0.05475358
0.3442285 0.0603777
0.3058387 0.06496965
0.2859086 0.06602499
0.2902254 0.06275659
0.2511039 0.06523745
0.237588 0.06655414
0.3196368 0.06245956
0.3305015 0.06496534
0.3445021 0.06762318
0.3508855 0.06757464
0.3684584 0.06490401
0.3751903 0.06464681
0.3904338 0.06506481
0.3946376 0.06051159
0.4871376 0.05675866
0.5016742 0.06193025
0.4990204 0.06534562
0.5122895 0.06039054
0.4786992 0.06169606
0.4707025 0.06067505
0.5166277 0.05587625
0.4747227 0.05089462
0.4890127 0.05151749
0.4302201 0.05459795
0.4202738 0.05440993
0.437182 0.05420891
0.3490361 0.06140969
0.4365884 0.05453183
0.4137492 0.05469026
0.4742076 0.05735821
0.4593494 0.05203526
0.4648424 0.05667837
0.5195111 0.0559726
0.4820015 0.05455469
0.3913276 0.05147887
0.3765301 0.0548929
0.4135731 0.06000844
0.4008336 0.06427411
0.4127967 0.06563757
0.3625925 0.06111765
0.332771 0.05887826
0.3090625 0.05980704
0.2998057 0.05730401
0.3261316 0.0586323
0.3845716 0.05678549
0.2939762 0.05221018
0.3716417 0.04883069
0.2901834 0.04986485
0.3274986 0.04809159
0.3819953 0.05098167
0.4388977 0.0520978
0.4351438 0.05331449
0.4430538 0.05627231
0.4069233 0.05438366
0.3775006 0.05173756
0.3668828 0.04971708
0.371973 0.05881525
0.398327 0.06172645
0.3371693 0.05855825
0.2971235 0.05785955
0.3223952 0.06518068
0.3699082 0.07082
0.414394 0.07320875
0.4268256 0.07190328
0.4027554 0.07017557
0.4206399 0.07047641
0.4139968 0.06502892
0.3769474 0.06358135
0.4101572 0.06398672
0.3772416 0.06269219
0.3709826 0.06491727
0.3001984 0.06299259
0.2643025 0.06082613
0.2734265 0.06316522
0.3296204 0.06055787
0.3471179 0.05929442
0.351142 0.06238663
0.3865008 0.05915197
0.3445838 0.0533241
0.3845714 0.05116712
0.4462095 0.0455249
0.4231433 0.0482597
0.3536027 0.04521841
0.4253843 0.03991749
0.3858622 0.04275402
0.3901622 0.04806723
0.3504081 0.04732227
0.29924 0.0499014
0.2503435 0.05001329
0.2694053 0.0488357
0.3004154 0.04611275
0.3070271 0.04633171
0.3588253 0.04670442
0.3889386 0.04415585
0.4225912 0.04096133
0.3630662 0.04213932
0.3616028 0.04207485
0.4034466 0.04141429
0.4052315 0.04456514
0.4851483 0.04356508
0.4960191 0.03750298
0.4653254 0.0384232
0.4498887 0.03683801
0.4532852 0.03749538
0.3965455 0.03444573
0.3775372 0.0313985
0.4472121 0.03220275
0.5349953 0.03096181
0.4927433 0.0331949
0.4698773 0.03382022
0.3360836 0.03357104
0.3551227 0.03638132
0.3765882 0.03645414
0.3492924 0.03833508
0.2989791 0.03843053
0.3325895 0.03714447
0.3449572 0.03724369
0.2941907 0.03783673
0.3824238 0.03650666
0.3897487 0.03813187
0.4102612 0.03901982
0.5460424 0.0381801
0.4833046 0.03831293
0.4832151 0.03609029
0.5391868 0.03869304
0.5396582 0.03634013
0.532486 0.0371649
0.4789246 0.03646503
0.4799954 0.03820696
0.5227543 0.04114416
0.5134623 0.04162637
0.5228183 0.04160825
0.4901362 0.04656214
0.5138371 0.04524214
0.4804105 0.04477234
0.4090149 0.04764927
0.4353553 0.04493074
0.4380452 0.04564879
0.4073586 0.05463794
0.3689543 0.05668882
0.4126589 0.05855868
0.3790672 0.05779033
0.3183438 0.0633996
0.3811109 0.06531721
0.3413266 0.06402934
0.3448728 0.06399528
0.4346151 0.0598913
0.5145623 0.06226207
0.4790409 0.06677328
0.4531627 0.06853586
0.404003 0.07650678
0.4687968 0.07248371
0.4100986 0.08002876
0.3618378 0.07785216
0.3772237 0.06986533
0.2808404 0.07259186
0.234581 0.06875138
0.3005778 0.06277683
0.3360303 0.06120496
0.2872943 0.06257036
0.3575544 0.06465438
0.2772819 0.06970397
0.3132628 0.072472
0.2565784 0.07722997
0.2647677 0.080563
0.3207741 0.08277685
0.3449935 0.08435353
0.3027765 0.07941178
0.2521421 0.0793456
0.2566354 0.0801121
0.3365845 0.08307848
0.3467922 0.07444638
0.3278482 0.06763273
0.3069146 0.06963832
0.3251244 0.06458827
0.3501683 0.06131576
0.3471972 0.05985302
0.4262491 0.06256623
0.419714 0.06549519
0.4094644 0.06341788
0.3868291 0.06856755
0.3288897 0.07011284
0.3314911 0.0708327
0.4054281 0.06371658
0.443222 0.07142664
0.3748278 0.07303819
0.3565354 0.07456655
0.3814767 0.07788639
0.2529141 0.06686855
0.2768348 0.07081353
0.2923422 0.0721112
0.28712 0.07343765
0.3420316 0.07745551
0.3739976 0.07272143
0.2798946 0.07977763
0.3163433 0.07563916
0.2732992 0.07741468
0.2275618 0.073528
0.2469161 0.07661061
0.3014656 0.07133996
0.2614785 0.07465714
0.3248818 0.06643427
0.3924801 0.06804627
0.3521826 0.06292998
0.3130321 0.05724254
0.3473147 0.0604209
0.3201085 0.06212638
0.3053563 0.06702493
0.3322389 0.06873145
0.3970944 0.06724708
0.3254803 0.0651231
0.3498897 0.06557254
0.3726514 0.05804205
0.3488236 0.06210424
0.3069402 0.06805193
0.3243339 0.07202878
0.2965276 0.06700143
0.3933985 0.07400055
0.3617144 0.07132618
0.319499 0.07531932
0.3106359 0.07591454
0.3064012 0.07453281
0.3385198 0.07286246
0.4247722 0.07350088
0.4596507 0.06907563
0.3764693 0.06907035
0.4113943 0.07354093
0.4204594 0.07066842
0.4478348 0.067923
0.4246006 0.06537914
0.5108729 0.07587937
0.5459909 0.07583485
0.4921456 0.07294724
0.4165087 0.06770128
0.3302163 0.06439271
0.3437334 0.06452232
0.3866367 0.06423079
0.4179564 0.06198663
0.3732758 0.06249083
0.3687412 0.06144134
0.3675618 0.0557134
0.3897128 0.05674415
0.348028 0.05582597
0.3347045 0.0602562
0.3493852 0.05595291
0.3890369 0.05205771
0.3767057 0.05333422
0.3633789 0.05502937
0.3843711 0.05321022
0.3611157 0.05241752
0.3248822 0.05874105
0.317584 0.06280659
0.3740325 0.06121027
0.3246125 0.05937194
0.2773414 0.06378048
0.3725791 0.05967104
0.2637599 0.06488092
0.2119896 0.06935214
0.2313186 0.06432899
0.2466806 0.07080824
0.2965688 0.07043515
0.2749163 0.06904879
0.2667347 0.07247
0.2647444 0.06900734
0.2662623 0.06318315
0.1655763 0.07150567
0.2355722 0.0740445
0.2179857 0.07777152
0.2055872 0.08360568
0.2355396 0.09149084
0.3054161 0.0920739
0.2534349 0.09288991
0.2894551 0.09906952
0.3132686 0.1033688
0.3134115 0.09336183
0.3387411 0.08944632
0.3881176 0.0841735
0.3796436 0.08035496
0.316528 0.08365396
0.3678154 0.07889944
0.3663506 0.07748802
0.3509364 0.07514964
0.3807743 0.06740205
0.361273 0.07113423
0.4402712 0.07259998
0.4234806 0.0713672
0.4519446 0.06882608
0.4383352 0.07008627
0.3930716 0.06924165
0.3084161 0.06239974
0.306215 0.06502101
0.2156974 0.06756703
0.2425576 0.07055228
0.2774693 0.0767597
0.2446879 0.06967013
0.2317123 0.07583348
0.2726825 0.08046524
0.3547682 0.08201387
0.3551655 0.08449225
0.396466 0.08254941
0.3006379 0.0819981
0.2757461 0.07335299
0.2708031 0.07889392
0.2461417 0.08116245
0.3063388 0.0846388
0.3178928 0.08466233
0.3470743 0.08435601
0.2732117 0.08709423
0.2162427 0.08681327
0.2503008 0.07740783
0.26675 0.07321746
0.2364511 0.07677246
0.263852 0.0746998
0.2856829 0.07706783
0.2335411 0.07848763
0.2032751 0.08354395
0.2097677 0.07772896
0.2221669 0.07307995
0.1934878 0.06776579
0.1755331 0.07506798
0.2407084 0.07334128
0.3240544 0.06611145
0.3570955 0.06699899
0.3273234 0.07189846
0.3279163 0.07499934
0.3060688 0.07283208
0.3749521 0.07228551
0.4940409 0.06720283
0.51785 0.06817199
0.415253 0.07472779
0.3512587 0.07648253
0.3245633 0.0807452
0.2987045 0.07868936
0.3231062 0.07327064
0.3388419 0.07078306
0.4301698 0.07578563
0.4519102 0.07271995
0.4448429 0.07286252
0.4194448 0.0770892
0.3659746 0.07457657
0.3510481 0.07681512
0.3614722 0.07235067
0.35965 0.07205049
0.3945445 0.07653135
0.397333 0.07503774
0.2912892 0.0788645
0.2498147 0.08335263
0.2343154 0.09273941
0.2927398 0.08987853
0.2286054 0.08796437
0.266465 0.0848854
0.3133282 0.08425312
0.3393498 0.07979935
0.3326251 0.08151442
0.261222 0.07667902
0.281886 0.07301955
0.2534137 0.07508283
0.2433602 0.08029521
0.2645307 0.08063868
0.2204944 0.07827438
0.2858815 0.07621952
0.2844286 0.07176635
0.3430856 0.06998567
0.2821728 0.07427035
0.2274882 0.07100045
0.280055 0.07564271
0.2753781 0.08285627
0.2799158 0.08515658
0.2771291 0.086402
0.3029489 0.08559836
0.2961291 0.08015689
0.2879923 0.08571309
0.3393639 0.08070718
0.3091785 0.08649221
0.2540717 0.08523922
0.310328 0.07769974
0.3082123 0.07769448
0.2748987 0.07895013
0.322403 0.07352112
0.3385026 0.07471981
0.2604498 0.07773113
0.2497182 0.06785826
0.2257565 0.07611487
0.2189403 0.07567771
0.2633589 0.07505628
0.3101047 0.08944558
0.2840694 0.08289518
0.245089 0.09019873
0.2774087 0.08793826
0.2624069 0.08253412
0.2636115 0.0836038
0.3077291 0.08629371
0.2120373 0.08933312
0.3077698 0.09115924
0.3705005 0.09021147
0.3636878 0.08370978
0.2846661 0.08597782
0.2500786 0.09045411
0.2329779 0.08696573
0.2419863 0.08622106
0.1873094 0.09290048
0.2390198 0.08259171
0.2360981 0.08592701
0.2059282 0.08594225
0.2643751 0.08367574
0.2402411 0.08198467
0.2916846 0.08576561
0.2961262 0.08653677
0.2641206 0.08248468
0.2171341 0.081632
0.2529207 0.08040404
0.3053414 0.07903529
0.2478571 0.0766926
0.2735197 0.07485194
0.2916911 0.07225165
0.2364332 0.07486022
0.264015 0.08063151
0.2844422 0.07398391
0.2338403 0.07066765
0.2891122 0.06951741
0.2931258 0.06906173
0.2904251 0.06672704
0.3629609 0.069089
0.4067774 0.06668829
0.5079655 0.07242042
0.4375883 0.07158799
0.4369594 0.07709976
0.406917 0.07740475
0.4052209 0.0800869
0.3767737 0.08200739
0.3306719 0.0877434
0.2838874 0.08674921
0.3125382 0.09996911
0.2581996 0.1003359
0.2676437 0.09876135
0.2646598 0.09653106
0.220147 0.09889276
0.2455158 0.08993885
0.2261191 0.09124518
0.2368538 0.09654159
0.1650884 0.102367
0.2184006 0.1100453
0.2056121 0.1178897
0.1323452 0.1250161
0.1640679 0.130817
0.159345 0.1284129
0.1336287 0.1301646
0.1372374 0.1266504
0.1963426 0.1258806
0.1791957 0.1220764
0.1600988 0.1160664
0.1701049 0.1180559
0.1476599 0.1199491
0.2112982 0.1192156
0.212323 0.133215
0.1535408 0.1360492
0.1801926 0.1362148
0.2236646 0.1315115
0.1987352 0.1291025
0.2311211 0.1240695
0.2000567 0.1148347
0.2023949 0.1206351
0.1806998 0.1233126
0.2003731 0.1195852
0.2130192 0.1269299
0.2613002 0.1275759
0.2252962 0.1279918
0.2181482 0.1249556
0.2505651 0.1200355
0.2231857 0.1190095
0.1828679 0.1173395
0.2067789 0.1293042
0.1939302 0.1210287
0.2187997 0.1207167
0.204458 0.1190039
0.1942425 0.1148908
0.2265796 0.1098063
0.2565156 0.1113399
0.2730408 0.1144168
0.2849527 0.1262029
0.2453566 0.1212106
0.2192447 0.1182956
0.2382978 0.1286041
0.245861 0.1157583
0.2499206 0.1070067
0.2611702 0.1007641
0.2298109 0.1028545
0.1950199 0.1054569
0.171959 0.1096995
0.2102938 0.1180949
0.1829941 0.1191855
0.1592998 0.1061073
0.1580453 0.1074124
0.2560777 0.09728712
0.2627302 0.09692527
0.2640596 0.09209517
0.2890515 0.0867929
0.3081472 0.07804768
0.3253039 0.07256539
0.2959923 0.07731049
0.2761685 0.07578419
0.2917823 0.07809657
0.2727492 0.07440067
0.3008062 0.07284912
0.3462896 0.07312656
0.290431 0.07753734
0.2971765 0.08325886
0.269134 0.08217392
0.252274 0.08468144
0.2787479 0.08922463
0.2728849 0.07637947
0.2933068 0.08320969
0.2939353 0.08232176
0.2870928 0.08023916
0.3157363 0.08550642
0.2787214 0.0856634
0.2876876 0.08365434
0.3584535 0.08026975
0.3122706 0.07772355
0.2983929 0.07907576
0.4040666 0.08229355
0.3870169 0.08230848
0.3868684 0.08330644
0.3449694 0.08296921
0.3440646 0.07664695
0.286802 0.08304282
0.2539619 0.0892719
0.2683445 0.08621259
0.2757577 0.08608979
0.31363 0.08969473
0.2863442 0.08943361
0.3423717 0.08993224
0.3447199 0.08751174
0.3065669 0.08384237
0.3217272 0.08689113
0.34813 0.08530821
0.3128953 0.08550048
0.375206 0.08215384
0.3936979 0.07870083
0.3664625 0.07429905
0.3195829 0.07974216
0.3048826 0.08025303
0.3491275 0.07928625
0.2904486 0.08203593
0.2735515 0.07669778
0.2797311 0.07573682
0.2566921 0.07058713
0.2791058 0.06855828
0.2366075 0.07291059
0.2293659 0.07080996
0.2110947 0.07178014
0.2485087 0.07080036
0.3031182 0.0743985
0.3037605 0.07090253
0.3237425 0.07432273
0.3540024 0.07055947
0.3465249 0.06721952
0.2990221 0.06712137
0.2904552 0.06616521
0.3123712 0.06652565
0.2757149 0.07032334
0.2610301 0.06789402
0.2360706 0.07031365
0.2785337 0.06762964
0.2957325 0.076351
0.2841393 0.07108314
0.310125 0.06698716
0.3674506 0.06067315
0.3364204 0.05611775
0.325618 0.05464494
0.3785025 0.05771829
0.3395842 0.05655649
0.3108192 0.05399829
0.2307814 0.06200176
0.2015633 0.06562455
0.192457 0.06716922
0.2280834 0.070855
0.2460608 0.07244743
0.2671383 0.07408105
0.268092 0.07235196
0.253689 0.07076271
0.1904276 0.07362315
0.2301572 0.07556739
0.2482429 0.0748948
0.2700882 0.07475731
0.2311764 0.08492486
0.2196407 0.08643201
0.2789548 0.07801781
0.3240776 0.08920038
0.3396853 0.08922847
0.3457173 0.08792732
0.2535097 0.08820612
0.2724392 0.08252131
0.3189018 0.08429097
0.2695345 0.08742075
0.2898888 0.08748797
0.2983379 0.07982222
0.2424735 0.08428234
0.2667844 0.0858776
0.2869903 0.08560841
0.2929307 0.08757586
0.3046096 0.08793632
0.3240156 0.09929977
0.3082571 0.09995883
0.3026087 0.09695819
0.3511507 0.09840928
0.3066668 0.09038614
0.220509 0.09038051
0.1968281 0.08552754
0.2490219 0.08465693
0.1949785 0.08987388
0.1835281 0.1003059
0.2270011 0.09512786
0.2476871 0.09947032
0.1664567 0.09617315
0.2025739 0.09132775
0.2436746 0.094125
0.27831 0.09228702
0.2267221 0.09008238
0.2848013 0.09510076
0.2468736 0.08580442
0.2045252 0.08771131
0.2423128 0.08306474
0.2614472 0.08177906
0.2805561 0.0790797
0.2835558 0.09067478
0.2749879 0.08598215
0.2476042 0.08702726
0.2361298 0.07898838
0.2178815 0.08349929
0.2553745 0.08209854
0.2848048 0.09312159
0.2871691 0.09524591
0.2924306 0.09296126
0.248595 0.1004208
0.2435963 0.09634556
0.2467258 0.09333814
0.2202549 0.08252448
0.2195412 0.0813484
0.2302548 0.07626037
0.2562308 0.07388805
0.2982468 0.07039216
0.3657071 0.06532625
0.3574523 0.06443587
0.3332832 0.05900534
0.3039881 0.0596652
0.2740235 0.05968257
0.2961917 0.05912622
0.300746 0.05737669
0.3110159 0.05209546
0.378359 0.04921337
0.3967798 0.04556255
0.3765987 0.04457668
0.3650319 0.04431881
0.3997367 0.04036974
0.3859672 0.04183145
0.3654366 0.04133414
0.4003222 0.04354431
0.3150162 0.04576308
0.2899771 0.04410992
0.3747118 0.04721485
0.3995046 0.04613703
0.4449202 0.04653212
0.5273215 0.04448234
0.5123126 0.04718022
0.5402408 0.04911608
0.5462095 0.04839241
0.5821375 0.04679818
0.5610904 0.05038592
0.5498714 0.0456429
0.5991652 0.04040909
0.6577063 0.03998084
0.6866571 0.03976191
0.6165487 0.04079573
0.5519822 0.04322804
0.4906231 0.0449588
0.4231874 0.04952538
0.4418854 0.04797916
0.4473517 0.05193254
0.4829409 0.05372051
0.4779851 0.05953929
0.5017953 0.05912175
0.4510448 0.06024307
0.4719167 0.06024622
0.4453159 0.06036542
0.4576274 0.06071333
0.4093309 0.06348758
0.4773575 0.06981945
0.4864252 0.06288571
0.5016219 0.05929328
0.4805378 0.06001376
0.4229699 0.06363635
0.4326029 0.0649633
0.4791686 0.06498068
0.4958035 0.06319074
0.5573056 0.0631536
0.5199169 0.06110952
0.4735617 0.06649734
0.520195 0.06670222
0.6218511 0.06185646
0.5859399 0.06149189
0.520677 0.06588571
0.5038546 0.0663953
0.4689033 0.06551204
0.5273802 0.0649553
0.519664 0.0634593
0.5787852 0.05552998
0.5218775 0.06047051
0.5193788 0.05981943
0.517787 0.05721028
0.5187015 0.06096972
0.5013358 0.05911775
0.4589565 0.06502852
0.4062655 0.0688915
0.4368565 0.06815814
0.474422 0.06750494
0.4487986 0.06130568
0.4224127 0.06524979
0.3621152 0.06287721
0.344939 0.0706921
0.2970989 0.07118126
0.313015 0.0731399
0.2851774 0.0700007
0.2832387 0.06406986
0.2944894 0.06099297
0.2963218 0.06006706
0.2384579 0.06489101
0.2999962 0.05957092
0.2675933 0.06228348
0.2359626 0.06272163
0.2778727 0.06529666
0.2612259 0.06300459
0.2763229 0.0616872
0.2760173 0.06120607
0.2418597 0.0644531
0.2559633 0.06779852
0.3405962 0.06366623
0.3367874 0.05966607
0.3254275 0.05875746
0.3197846 0.06185294
0.3115685 0.06340929
0.3326423 0.06500021
0.3446686 0.06802901
0.3281529 0.0685989
0.3733471 0.06674764
0.3460729 0.07697487
0.3134219 0.07942208
0.3436577 0.073844
0.3016612 0.07691454
0.273578 0.07485971
0.2831117 0.0788592
0.3249758 0.07832916
0.4024519 0.07376571
0.4136971 0.0651675
0.4118672 0.06289674
0.4184494 0.05763622
0.4217199 0.05678369
0.3827685 0.05132043
0.4230932 0.05347838
0.45912 0.05236742
0.439812 0.05219252
0.3543541 0.05441768
0.408936 0.05653127
0.4783888 0.05529368
0.4900436 0.05546183
0.5101117 0.05633774
0.582308 0.05633765
0.5822495 0.05009982
0.5682994 0.04933081
0.5788381 0.05452114
0.5059835 0.05429066
0.4841145 0.05484706
0.4978062 0.05797267
0.4453274 0.05817863
0.4133288 0.05919299
0.4232462 0.05263962
0.3891702 0.05917855
0.365092 0.05425434
0.3440441 0.05209589
0.3966698 0.04733675
0.3419789 0.04585407
0.3508352 0.04459994
0.3575083 0.04590877
0.3775681 0.04687461
0.3597234 0.04928831
0.3498804 0.04985265
0.3784771 0.05008835
0.3325845 0.0497251
0.2613333 0.05309507
0.3206913 0.05649799
0.2971015 0.058333
0.2889604 0.05256792
0.2977325 0.05027551
0.3484451 0.05339282
0.3404519 0.05574607
0.3368723 0.05010418
0.3259586 0.04986059
0.3974454 0.05409279
0.3318589 0.05358456
0.3529884 0.05293004
0.2929254 0.04975592
0.2634612 0.05498965
0.2813865 0.05261889
0.3608523 0.05336506
0.2897683 0.05084348
0.310476 0.05376018
0.2623357 0.05427261
0.2763702 0.05561722
0.2763328 0.0563819
0.2912397 0.0535376
0.325587 0.05098889
0.3346796 0.04914282
0.4329476 0.04859341
0.4460239 0.04669769
0.4738733 0.0492792
0.4799937 0.04646795
0.4781093 0.04265009
0.473045 0.03752911
0.445329 0.03511304
0.4346746 0.04258082
0.4884096 0.04292859
0.5665957 0.04644724
0.5408158 0.04572309
0.5406057 0.04455202
0.5273078 0.04552366
0.5813537 0.03828844
0.5113998 0.0367897
0.5513618 0.03922237
0.5450613 0.03631753
0.55137 0.03484073
0.6870591 0.03445199
0.6960217 0.0334873
0.6987291 0.03270024
0.6436922 0.03354838
0.6276688 0.03309407
0.5888871 0.03290592
0.6607753 0.03344307
0.6590267 0.03499795
0.6643332 0.03312865
0.6729597 0.03419755
0.6353035 0.03324308
0.6549756 0.03377203
0.7135747 0.03651215
0.7162751 0.03446408
0.732994 0.03370594
0.6377168 0.03699058
0.5868872 0.03663057
0.5246399 0.03782702
0.4731639 0.03745714
0.5332948 0.03570626
0.5558732 0.03364204
0.5404325 0.03320883
0.5734705 0.03162063
0.5662035 0.03027337
0.6188382 0.03236809
0.6370015 0.0326063
0.662925 0.03134005
0.6676853 0.02675503
0.6318281 0.02860213
0.5999118 0.02866202
0.5462939 0.02938518
0.5378138 0.0296158
0.4975881 0.03107665
0.5073215 0.03008219
0.5018546 0.03053778
0.5263465 0.0295991
0.5537806 0.0295161
0.681657 0.02866465
0.6887886 0.02783027
0.7181666 0.02646267
0.7346524 0.02868675
0.7836345 0.02760098
0.7648491 0.02757219
0.7349986 0.02698892
0.7399341 0.03183421
0.7335365 0.03084904
0.7185646 0.03118265
0.6568174 0.03079279
0.691322 0.03131715
0.6551691 0.03064943
0.681828 0.03406351
0.7763663 0.03271011
0.7902688 0.03293204
0.8053151 0.03248429
0.816262 0.03306385
0.7976501 0.03126081
0.8374132 0.03077622
0.8052919 0.03327624
0.7734522 0.03524477
0.7701191 0.03590886
0.721433 0.03628122
0.7255621 0.03802219
0.7458507 0.03647531
0.7709787 0.03558367
0.6946918 0.03571168
0.613848 0.03253876
0.572132 0.03105299
0.5870622 0.03023261
0.6010635 0.02937776
0.6370632 0.0305967
0.6228628 0.02873457
0.6402664 0.02802443
0.6094812 0.02840192
0.633292 0.03073223
0.6238036 0.02741846
0.6880815 0.02584594
0.7226117 0.02725006
0.620929 0.02796256
0.7024458 0.02851086
0.7042749 0.02985644
0.733589 0.02810479
0.7333192 0.02919937
0.707818 0.03202629
0.6954324 0.02887727
0.7602395 0.03203971
0.6814376 0.03086072
0.648372 0.03416548
0.6557236 0.02909359
0.6694463 0.0276873
0.6172802 0.0287583
0.6191465 0.02847054
0.6895528 0.02849463
0.6220992 0.02755387
0.6381193 0.02892186
0.6461237 0.03248504
0.6099997 0.03203098
0.5624388 0.03396841
0.6104816 0.03344244
0.6702558 0.03263025
0.6806023 0.03337203
0.6346493 0.03492429
0.5526173 0.03607002
0.5243327 0.03549838
0.5236398 0.03543903
0.5613192 0.03273587
0.5008645 0.03270352
0.5353834 0.03471648
0.5994279 0.03377238
0.5894895 0.03423354
0.5555737 0.03722052
0.6207214 0.03511376
0.5111529 0.03328949
0.5466926 0.03454274
0.5156268 0.03493946
0.4993387 0.03078579
0.4086319 0.03137127
0.4521344 0.03173825
0.4088831 0.03205395
0.3973001 0.03397094
0.3969114 0.0339033
0.4627754 0.03329128
0.512704 0.03227329
0.4781747 0.03011019
0.4704692 0.03117914
0.4942644 0.03008207
0.5134734 0.03005384
0.4734972 0.02915079
0.5545599 0.02666799
0.6036016 0.02705181
0.6656976 0.0251952
0.6809493 0.02301286
0.6587099 0.02166348
0.5830911 0.02081522
0.6426787 0.02105413
0.6510961 0.02008167
0.7059189 0.02069501
0.7609566 0.02080208
0.7608128 0.01977386
0.7901647 0.01901919
0.7826896 0.0178588
0.8202106 0.01812748
0.8356549 0.01875592
0.8365498 0.0187706
0.8430585 0.01868974
0.8444388 0.01991916
0.8263731 0.02171971
0.8122258 0.0197971
0.7338461 0.02000489
0.748107 0.01896129
0.7729967 0.01971402
0.7189659 0.02070321
0.7243427 0.02219045
0.7501345 0.02358405
0.6870954 0.02353062
0.6121471 0.02472615
0.5997803 0.02484443
0.6215369 0.02496861
0.5446898 0.0276505
0.5640647 0.02591119
0.5532984 0.02533319
0.5406583 0.02882046
0.4858007 0.02878092
0.517859 0.02968499
0.620296 0.03008457
0.6047797 0.02946369
0.6058266 0.03083944
0.5446329 0.03386798
0.5076851 0.03352349
0.5176134 0.03273481
0.5659971 0.0301094
0.5919749 0.03051896
0.5806002 0.02907035
0.6207585 0.03021294
0.5981359 0.02964295
0.6694569 0.02972776
0.6972897 0.02860026
0.6750837 0.02940897
0.5851987 0.02858929
0.5016755 0.02724673
0.5245517 0.02608731
0.488461 0.02517953
0.4898669 0.02682075
0.4768382 0.02707805
0.4862619 0.02670861
0.4983548 0.02674719
0.5380789 0.02810906
0.4609828 0.02871589
0.4671639 0.02934184
0.5463198 0.02749946
0.5470855 0.02683763
0.5958257 0.02600456
0.5292096 0.02524103
0.5270383 0.0272476
0.6108331 0.02429136
0.6186001 0.02489646
0.6810195 0.02309907
0.7008366 0.02164313
0.6612737 0.02410943
0.6573202 0.02432368
0.5348591 0.02545622
0.5328808 0.0280965
0.5130339 0.02938506
0.5173818 0.02878186
0.491107 0.02879596
0.5553591 0.03020861
0.6108404 0.03167877
0.6049678 0.03018419
0.5900404 0.02907526
0.5656594 0.02848246
0.5260481 0.03012309
0.3685393 0.02721803
0.3307109 0.02772294
0.3198161 0.02896525
0.2895133 0.02915653
0.3225171 0.0302154
0.3382168 0.03125714
0.3719579 0.03248325
0.4522236 0.0319825
0.4735128 0.03253738
0.4224113 0.03346244
0.5082913 0.03576755
0.5690986 0.03443926
0.6564485 0.03157558
0.6245154 0.03400423
0.6428694 0.03448565
0.6725761 0.04039273
0.5949798 0.0391188
0.5471472 0.0423312
0.5530234 0.04649784
0.5158547 0.04678124
0.5401477 0.0438603
0.4866783 0.04259648
0.5396246 0.04236358
0.4908807 0.04279349
0.4349559 0.04114632
0.3485859 0.04199704
0.4285075 0.04082265
0.490597 0.03919542
0.4907907 0.03861168
0.4941157 0.04118056
0.4776564 0.04217623
0.445788 0.03891812
0.4429122 0.04102442
0.4525206 0.04202967
0.36693 0.04134913
0.3184093 0.04128798
0.2471356 0.04678915
0.24366 0.04780249
0.3480937 0.04962091
0.3512293 0.0524869
0.3058612 0.05522179
0.3307016 0.06088452
0.3500469 0.05921787
0.2836863 0.05911691
0.3111277 0.06158565
0.3334335 0.06519634
0.2845551 0.06851433
0.3231046 0.07035968
0.3950837 0.07010385
0.3518361 0.06406779
0.3776029 0.06676894
0.2939951 0.07647148
0.3407642 0.06988112
0.381183 0.07316768
0.4086998 0.07179674
0.4289108 0.07044102
0.4321377 0.06295612
0.468946 0.06284456
0.3952038 0.0621892
0.3641632 0.06544983
0.3909819 0.06548738
0.405564 0.06813088
0.3245528 0.07330705
0.353731 0.0781302
0.2851172 0.0780492
0.2823385 0.07447538
0.3210949 0.073818
0.3365197 0.07317123
0.3431147 0.07147252
0.31292 0.07017021
0.2812411 0.06963438
0.2308177 0.06623124
0.2317544 0.06973376
0.2745112 0.07221453
0.2480127 0.07137833
0.2855318 0.0647185
0.3201114 0.05987539
0.2717246 0.0577509
0.2393236 0.05706529
0.2029147 0.05944342
0.2619943 0.06544524
0.2093963 0.07352315
0.2599548 0.07716939
0.2298371 0.08378655
0.2164387 0.088369
0.2506559 0.08024384
0.2450439 0.08084224
0.2812679 0.08180696
0.2348352 0.07816126
0.289326 0.07449
0.2316226 0.07537267
0.2272625 0.07797682
0.2344324 0.0834583
0.2593795 0.09774803
0.2259567 0.1005633
0.2271957 0.1029922
0.2032686 0.1006595
0.1899524 0.1000371
0.1459216 0.1076502
0.1537609 0.1097837
0.1659641 0.108708
0.1431755 0.1175912
0.1478099 0.1178036
0.1781345 0.1101197
0.202661 0.1180476
0.2048829 0.1211152
0.161141 0.1203832
0.1820266 0.1269581
0.1871859 0.1123938
0.1974479 0.1162447
0.1858382 0.1222684
0.1954089 0.1189993
0.2047638 0.1236979
0.261796 0.1194359
0.2953762 0.1155869
0.2825429 0.1229849
0.1957921 0.1161581
0.1715944 0.1071734
0.1389314 0.1071754
0.1759626 0.1122471
0.1831444 0.1264597
0.1662451 0.1138649
0.1480937 0.1023951
0.235146 0.09476029
0.2113863 0.1026275
0.2641499 0.0929478
0.2623717 0.09606308
0.2574206 0.09062443
0.2726685 0.09140624
0.2351066 0.09753982
0.2604378 0.1005242
0.3131957 0.09883662
0.2352925 0.08967547
0.2234871 0.0831236
0.2279133 0.08415243
0.2768369 0.08268675
0.2417006 0.08743647
0.2195188 0.08322571
0.2221236 0.08046363
0.2076821 0.09443418
0.2267813 0.09772971
0.2312296 0.1043991
0.1984219 0.1056949
0.2525706 0.1144801
0.2138942 0.1205444
0.2270842 0.1092871
0.2275665 0.1106632
0.2869173 0.1048569
0.2828209 0.1092169
0.3158012 0.1063228
0.3129145 0.1117699
0.309668 0.1090254
0.2439555 0.1069777
0.2038046 0.1061987
0.2143678 0.1112031
0.2270296 0.1104428
0.2788849 0.1008969
0.2583303 0.1050815
0.2297763 0.1159103
0.2557284 0.1086075
0.1725323 0.1019601
0.1839674 0.1043946
0.2164902 0.1097871
0.2667634 0.1052005
0.2693184 0.1038683
0.2669011 0.09918734
0.2326232 0.1022535
0.2356676 0.09806538
0.18664 0.1029662
0.1819006 0.1006006
0.1824731 0.1036457
0.1882889 0.1017592
0.1898053 0.1050162
0.186837 0.102571
0.2331656 0.1116274
0.2361736 0.1137685
0.1836558 0.1108715
0.2374084 0.115011
0.2194532 0.1075889
0.2288208 0.1105737
0.2646777 0.1083298
0.2397107 0.1131801
0.2459751 0.1243802
0.2342969 0.1329615
0.1564669 0.1264953
0.1442632 0.1250381
0.140185 0.1288719
0.1198315 0.135541
0.1799533 0.1520511
0.2386455 0.1330176
0.2413238 0.1303938
0.2401999 0.1300591
0.1880425 0.1312302
0.198978 0.1173379
0.227706 0.1162235
0.1860113 0.1076059
0.1873809 0.1225076
0.1861722 0.1168869
0.2287994 0.1118463
0.2456045 0.1066416
0.2035797 0.1083751
0.1871252 0.1111636
0.2417669 0.1041794
0.2056778 0.1026303
0.2536608 0.09967569
0.2022165 0.1082259
0.219297 0.09634664
0.2392661 0.09708783
0.2886573 0.09991829
0.3070811 0.09604717
0.2610877 0.09431685
0.1781691 0.09533395
0.1562529 0.09562696
0.1976141 0.08915925
0.1686442 0.09563918
0.2010367 0.0913437
0.2009242 0.08949824
0.2282674 0.08986547
0.214479 0.08410942
0.1707098 0.09114344
0.1569009 0.09278226
0.2077129 0.1027353
0.1710519 0.09988143
0.1860725 0.1003496
0.1785219 0.1077291
0.2062144 0.1060576
0.1742042 0.1057683
0.2107089 0.1126289
0.2040709 0.1141057
0.2289819 0.1085087
0.1654599 0.09865397
0.233195 0.0933459
0.2306041 0.09628446
0.2665069 0.0984718
0.2349812 0.09361973
0.2403802 0.08901032
0.2133927 0.09181175
0.261372 0.09500164
0.2437235 0.09501872
0.2957799 0.09114636
0.3400993 0.09687431
0.3437801 0.1002703
0.286159 0.09959468
0.3176121 0.09104112
0.2805206 0.08517826
0.2508718 0.08034293
0.2324174 0.0834867
0.2569638 0.08531264
0.3203041 0.08350329
0.3149737 0.07727023
0.3481437 0.06729767
0.3056437 0.0688409
0.2766093 0.06750574
0.2699729 0.06702327
0.2241271 0.07162705
0.2501666 0.07098919
0.2498098 0.06207155
0.2557438 0.06475411
0.2633941 0.07113494
0.2908513 0.07628183
0.3074359 0.08380595
0.283304 0.07614399
0.2372904 0.07677717
0.2592006 0.07036564
0.2669021 0.06390082
0.2850461 0.07340633
0.2849193 0.07539976
0.2631671 0.08517397
0.2760352 0.08635099
0.217677 0.09518664
0.1927114 0.09614688
0.2378365 0.08784773
0.2638962 0.08363808
0.2338304 0.09147959
0.2434893 0.09216408
0.1956263 0.07918953
0.2170677 0.080099
0.1922948 0.08032879
0.2614456 0.08615402
0.2834604 0.07475876
0.2206542 0.07260535
0.2379668 0.07849751
0.248344 0.07813491
0.2511452 0.08194398
0.2742182 0.07769081
0.3234546 0.08207328
0.3016913 0.0882621
0.3539472 0.09240471
0.2853486 0.09861825
0.2079219 0.1005121
0.1669579 0.1077452
0.198745 0.09927348
0.1790324 0.1052811
0.1933685 0.1006489
0.2003326 0.1018444
0.2172041 0.1039987
0.2113465 0.1059101
0.2012936 0.124624
0.1867803 0.1139109
0.1981996 0.1109934
0.1866225 0.1104553
0.1824998 0.1048206
0.2518223 0.1033515
0.223921 0.0953547
0.1592061 0.09477339
0.1645087 0.1007304
0.1747325 0.09526437
0.2245811 0.1005554
0.1997038 0.09575483
0.1999865 0.08937336
0.2954257 0.09641109
0.2971026 0.09486876
0.2963117 0.09500888
0.2243512 0.09687292
0.2039858 0.1019874
0.2736239 0.09635357
0.3454911 0.09462038
0.348755 0.09248113
0.3442215 0.09507677
0.4020696 0.08955457
0.3569422 0.07991639
0.3794322 0.07233313
0.3672802 0.07161587
0.4386531 0.0736612
0.4399134 0.07654551
0.3804759 0.08134452
0.3446385 0.07310919
0.3447228 0.07584596
0.3160386 0.07955161
0.3150607 0.0949072
0.3147371 0.09152734
0.2211976 0.08713345
0.1908656 0.09080328
0.2380001 0.08119164
0.2775598 0.07864174
0.2482631 0.07284884
0.1972168 0.08219514
0.2743209 0.08283847
0.3173582 0.09642961
0.3079749 0.0907443
0.2961164 0.08944149
0.2527181 0.08137083
0.2375395 0.08191742
0.2588638 0.08094555
0.2190972 0.08621656
0.2461612 0.08728485
0.256396 0.0917693
0.3104416 0.09954599
0.3247156 0.08747129
0.329954 0.08666003
0.2711722 0.08065455
0.2428941 0.0794998
0.2287707 0.0790169
0.2016202 0.0877274
0.1964843 0.08606873
0.1996921 0.08825911
0.2943577 0.08218246
0.2783722 0.0857111
0.2516743 0.08406642
0.2522888 0.08440763
0.2749692 0.08359508
0.2451065 0.0849087
0.2997213 0.08162982
0.3595415 0.08291653
0.3380696 0.0750073
0.3367903 0.0767422
0.2961734 0.07007824
0.3069008 0.06765096
0.3127554 0.07090835
0.314111 0.06660617
0.343548 0.0674692
0.3758836 0.06899381
0.3126687 0.06784645
0.3211604 0.06455033
0.3126647 0.06490966
0.3543535 0.06514305
0.3181909 0.06071391
0.3207979 0.0626152
0.3249637 0.06047576
0.38723 0.06115428
0.40894 0.05818627
0.3741334 0.05613902
0.3686213 0.06014712
0.3293983 0.06170411
0.3583 0.06177703
0.3914306 0.06544442
0.3610427 0.06571008
0.2842957 0.07441577
0.2987971 0.08476336
0.2656611 0.08167289
0.270016 0.07977958
0.3773609 0.07307012
0.3698626 0.07550298
0.366714 0.07952289
0.3364466 0.07778007
0.2793907 0.08252368
0.2630802 0.08444822
0.2135922 0.08956936
0.2352153 0.08996167
0.252622 0.09299357
0.2740146 0.09035247
0.2698726 0.08666603
0.288125 0.0836824
0.3921024 0.08637594
0.287605 0.08721495
0.3859379 0.0808873
0.2992198 0.0816595
0.2910328 0.08481328
0.4098467 0.08439642
0.3177959 0.08556545
0.3171141 0.08847208
0.2787803 0.09512737
0.2254585 0.09089321
0.2372009 0.1043327
0.29856 0.09961959
0.2690228 0.1006111
0.2978415 0.09881196
0.2982704 0.09543809
0.2794936 0.09232752
0.2756189 0.09578382
0.2982678 0.1007487
0.3248952 0.1060947
0.3495951 0.1020849
0.4048262 0.0978093
0.3727637 0.0910346
0.3176563 0.08516162
0.2963371 0.08195088
0.3682066 0.08542976
0.4059166 0.08279341
0.4652443 0.07909418
0.4772603 0.07633547
0.52027 0.07858038
0.4970687 0.07558832
0.5392197 0.07739191
0.4971778 0.0737332
0.4906886 0.07120732
0.4484202 0.06819414
0.4387414 0.07235804
0.4169114 0.06813475
0.3726469 0.06691023
0.3470189 0.06808168
0.3203919 0.07046306
0.356936 0.06942653
0.3926763 0.07622653
0.3549892 0.07421737
0.2725491 0.07087966
0.3292254 0.06514815
0.2758217 0.06269329
0.3290676 0.06054998
0.3336319 0.06292978
0.424456 0.06405569
0.4392202 0.06288914
0.3963951 0.05910068
0.4315628 0.06753668
0.3707371 0.07183766
0.406398 0.07319074
0.3908037 0.06813321
0.4168604 0.06149642
0.4457852 0.05996218
0.4788546 0.05851707
0.4994707 0.05907563
0.4034732 0.05622484
0.3975225 0.05694802
0.4552581 0.05711877
0.4815718 0.05255745
0.4379822 0.06081191
0.3700873 0.05695865
0.4339829 0.05430806
0.4265223 0.06038704
0.3788093 0.0637749
0.3973952 0.05901973
0.3872339 0.05432042
0.3956352 0.05383732
0.3857707 0.05550961
0.3948375 0.05510174
0.3756955 0.05334149
0.3936153 0.05524442
0.3489095 0.0535735
0.3228596 0.05227465
0.4319701 0.05086691
0.4983982 0.04794133
0.5133515 0.04578716
0.5331111 0.04362616
0.513362 0.04032166
0.4365157 0.04029356
0.4554164 0.04272214
0.4537744 0.04326166
0.408376 0.04484013
0.3476229 0.04507803
0.3878647 0.04420326
0.3892509 0.04006338
0.4297844 0.0443318
0.3752087 0.04312741
0.4584203 0.04817693
0.4669289 0.0427605
0.4628947 0.04212256
0.4713209 0.04138477
0.4195463 0.04216016
0.4491197 0.03816823
0.5129129 0.04060821
0.5569298 0.03692355
0.5270156 0.03965108
0.5056208 0.03384732
0.4586028 0.03487515
0.525756 0.03380797
0.5028942 0.03322539
0.5440314 0.03531095
0.6042428 0.03661353
0.6269798 0.03606381
0.6038469 0.03604573
0.5930594 0.03311932
0.6311713 0.03297026
0.5547313 0.03324192
0.5041861 0.03637514
0.5236113 0.03434808
0.5533512 0.03450238
0.5843472 0.03145198
0.5869108 0.03248179
0.6135116 0.03521655
0.7011585 0.03377071
0.6465564 0.03420143
0.5398972 0.03296614
0.6362361 0.03196178
0.5662252 0.03100616
0.4614715 0.02917276
0.4073181 0.02926626
0.4329864 0.02572821
0.5390433 0.0265969
0.5360707 0.02696128
0.5560434 0.02785546
0.5322792 0.02563675
0.5790558 0.02519133
0.7194085 0.02439747
0.7310476 0.02415503
0.7394769 0.02504922
0.663769 0.02360313
0.574155 0.02478266
0.5627586 0.02345076
0.5801796 0.02455346
0.5940741 0.02070481
0.5540549 0.02164899
0.5506558 0.0229265
0.5921263 0.02504078
0.582093 0.02336588
0.545945 0.02494175
0.5297393 0.02503097
0.5140378 0.02494771
0.5170574 0.02533426
0.5592018 0.02298351
0.5311949 0.02434688
0.509148 0.0265441
0.5575629 0.02651498
0.5861297 0.0266409
0.5607915 0.02788063
0.558247 0.02698674
0.5450915 0.02693457
0.6048098 0.02705194
0.6062228 0.02761212
0.5283149 0.02499716
0.530765 0.02586161
0.4872898 0.02334512
0.5588623 0.02323925
0.5828252 0.02235952
0.5711146 0.02137865
0.566427 0.02256039
0.5699262 0.02396533
0.5507982 0.02355633
0.5840365 0.02466042
0.5338314 0.0253436
0.5918251 0.02524851
0.5425517 0.0245186
0.5458662 0.02531614
0.4871544 0.02910764
0.4482636 0.03173298
0.52356 0.03102412
0.5106722 0.02982239
0.4885565 0.02956514
0.4686829 0.03003912
0.4344148 0.03015836
0.4279387 0.03088639
0.4841567 0.03109077
0.4327849 0.03114194
0.4440467 0.03304023
0.4332757 0.03222229
0.5405202 0.03240476
0.5373695 0.03401973
0.4998496 0.02987276
0.5050416 0.02843584
0.4917752 0.02633691
0.4460135 0.02643215
0.428771 0.02465562
0.4368334 0.02475868
0.5482586 0.0233711
0.5679638 0.0252957
0.5121209 0.02636457
0.5346308 0.0259621
0.5399023 0.0280223
0.5785883 0.02989376
0.5919703 0.03175776
0.4881773 0.02913777
0.4819515 0.02875576
0.5510191 0.02723992
0.5550202 0.02980411
0.440673 0.03098312
0.5124849 0.03126075
0.5680016 0.03415208
0.5206269 0.03896166
0.5891899 0.03585985
0.4975385 0.03681581
0.4596403 0.03878226
0.4672285 0.03938884
0.4446299 0.03951431
0.539823 0.0372602
0.5317025 0.03942352
0.4807103 0.03986478
0.3961162 0.04276419
0.4511015 0.04304245
0.4536746 0.0455675
0.4490071 0.04313978
0.4768827 0.04055388
0.4494242 0.04090209
0.4867221 0.037942
0.4773529 0.03948176
0.4739629 0.03516572
0.4894797 0.03705833
0.4877571 0.03537426
0.5672775 0.03592219
0.583282 0.03343661
0.5644059 0.03493366
0.5105006 0.03512002
0.4887162 0.03745442
0.5208289 0.03908662
0.5680213 0.03849943
0.6472835 0.03708997
0.7012608 0.0336279
0.6919002 0.0320939
0.6635404 0.03059941
0.6634712 0.03015691
0.6605789 0.03159449
0.7009538 0.03056824
0.626936 0.02785867
0.6360754 0.02986779
0.6741347 0.0313527
0.572338 0.03343383
0.6087969 0.0364149
0.6116902 0.03643838
0.6221444 0.03907093
0.5360455 0.03807001
0.5496336 0.03794784
0.5593659 0.03899491
0.5376988 0.04396745
0.5143491 0.04419279
0.5791203 0.04079552
0.6186945 0.0422449
0.5641123 0.04378953
0.5329811 0.04219088
0.4721552 0.04159369
0.4140976 0.03995833
0.4388429 0.03636436
0.3827606 0.03818003
0.4524 0.03662675
0.4906753 0.0391832
0.4005615 0.03916475
0.3840389 0.04131772
0.369566 0.04339697
0.3133496 0.04458896
0.2940532 0.04486142
0.3882857 0.03828525
0.4600758 0.04141493
0.4934618 0.04121931
0.5006794 0.03886263
0.4242826 0.0378951
0.3285734 0.03632664
0.3480761 0.03754062
0.3171826 0.03061016
0.3349139 0.03390727
0.3720436 0.031726
0.3444526 0.03312909
0.3413815 0.03107666
0.3985322 0.03076262
0.3731231 0.02786331
0.4014428 0.02853349
0.3693891 0.02417173
0.4161453 0.02073236
0.4679914 0.01947968
0.4740256 0.01934343
0.5981641 0.01933386
0.5874597 0.01931367
0.6018457 0.0204626
0.6601893 0.01983602
0.6678158 0.01807274
0.617213 0.01851934
0.6459555 0.01957729
0.6236646 0.01978861
0.6017569 0.01865681
0.5764435 0.01866982
0.5987066 0.01965743
0.6662296 0.01862099
0.6539853 0.01988343
0.6736676 0.02256205
0.6044871 0.02454412
0.6642404 0.02504988
0.6207415 0.02296735
0.5154259 0.02491713
0.5307929 0.02363002
0.4730429 0.02454514
0.4356191 0.02518191
0.4958956 0.02461124
0.4438792 0.02352036
0.5044637 0.02234986
0.5801166 0.02262217
0.518894 0.02297737
0.470513 0.02254051
0.4141248 0.02351973
0.4549521 0.02466342
0.4556905 0.02416924
0.4361112 0.02551233
0.5068147 0.02552306
0.5222449 0.02431663
0.5548834 0.0239677
0.532594 0.02314489
0.5377613 0.02310269
0.5291697 0.02536423
0.5723058 0.02514592
0.6336101 0.02550801
0.6557757 0.02496367
0.6856551 0.02424137
0.6795276 0.02510231
0.6886869 0.02699329
0.7411761 0.03015005
0.6788795 0.03073916
0.6627808 0.03019987
0.6482238 0.03045396
0.5836298 0.03204849
0.6115066 0.03000928
0.6054992 0.02949501
0.6602476 0.02785563
0.6360001 0.02631962
0.6718557 0.02473361
0.6776578 0.02698696
0.6546047 0.02614567
0.599816 0.02434251
0.6003462 0.02462281
0.5453998 0.02745475
0.5641698 0.0269864
0.5474557 0.02928
0.5128362 0.03170636
0.4935687 0.03116864
0.4059911 0.03623229
0.5236569 0.03387899
0.5238326 0.03393822
0.514189 0.0352116
0.5451832 0.03774055
0.5646807 0.03449054
0.6078321 0.03375566
0.6002249 0.03471049
0.4818689 0.03474622
0.4514567 0.03487087
0.4678582 0.03588208
0.5427806 0.03504071
0.5239718 0.03249523
0.4468807 0.0309622
0.4897335 0.02739782
0.5391645 0.02466086
0.5551078 0.02225326
0.5653987 0.02231168
0.6502599 0.02082042
0.6509583 0.02093709
0.7401246 0.02172109
0.694455 0.02169329
0.6790114 0.0222992
0.6679259 0.02109922
0.6691146 0.02142128
0.6862216 0.02222506
0.6415684 0.02091547
0.6182952 0.01874651
0.6540085 0.01972577
0.5829279 0.01944802
0.5019533 0.01938559
0.5436731 0.02001
0.5237257 0.02016441
0.5182697 0.01922404
0.477534 0.02043678
0.5138202 0.02112968
0.5574415 0.02270804
0.5888274 0.02244269
0.5673869 0.02274431
0.6191902 0.02411464
0.5852057 0.02477216
0.6631954 0.02579099
0.7032707 0.02592071
0.7357312 0.02550258
0.737935 0.02606415
0.7207392 0.02488936
0.7042013 0.02364825
0.6867129 0.02408732
0.5596973 0.02219895
0.6850424 0.02278094
0.7430214 0.02181594
0.7486796 0.01973386
0.7510042 0.01973343
0.725445 0.02151572
0.708144 0.02190098
0.7670842 0.02317954
0.7769832 0.02615668
0.7865358 0.02432075
0.8397133 0.02461015
0.8192797 0.02531596
0.7761022 0.02455609
0.7433202 0.02355177
0.7358543 0.02555029
0.7994136 0.02695355
0.7749076 0.02813765
0.7681332 0.02622985
0.7771477 0.02760491
0.7580659 0.02936639
0.7271888 0.02864096
0.7305961 0.02935481
0.6704554 0.02821976
0.7039013 0.02817313
0.6769807 0.0289063
0.6609509 0.0291146
0.7371996 0.02897686
0.8038177 0.02769595
0.7874902 0.02699148
0.7857129 0.02843932
0.752909 0.02704382
0.6842498 0.02774803
0.6612692 0.03101476
0.6531018 0.02819167
0.6336585 0.02929018
0.588627 0.0336775
0.6297948 0.03524629
0.6951936 0.03369317
0.6402145 0.03520697
0.6954004 0.03704483
0.6613238 0.03660901
0.6846142 0.03484658
0.6881579 0.03278197
0.6153857 0.0314904
0.6239349 0.03080133
0.6827733 0.03026271
0.6422935 0.02920822
0.6152728 0.02791786
0.5819353 0.02827563
0.530318 0.02815139
0.4688488 0.02703464
0.4830975 0.02553729
0.6135833 0.02703762
0.5989468 0.02787927
0.5938212 0.02875436
0.5877921 0.0278472
0.66204 0.02702025
0.6319812 0.02871914
0.5753971 0.02766979
0.6009956 0.02560965
0.6417003 0.02571575
0.6031801 0.02537154
0.5385011 0.02836567
0.4797723 0.02826388
0.4335674 0.02994515
0.4833231 0.02669293
0.5491971 0.02708868
0.5443493 0.02546945
0.506757 0.02529184
0.5629068 0.02686409
0.6013506 0.02769895
0.5711529 0.02671634
0.5994209 0.02593206
0.6566669 0.02816271
0.6533244 0.02812303
0.546911 0.03053733
0.5016703 0.0305116
0.4939268 0.03164873
0.5456869 0.03386456
0.5243272 0.03341224
0.4472624 0.03193458
0.4323492 0.03274864
0.4281678 0.03212939
0.426252 0.03153307
0.3918653 0.02952735
0.5117907 0.0307354
0.4936367 0.02745844
0.5129093 0.0264903
0.4691882 0.02837733
0.5342464 0.02899802
0.5568896 0.02623797
0.6003024 0.02731231
0.580369 0.0285512
0.6532914 0.02810642
0.584761 0.02833028
0.5913203 0.03192286
0.632888 0.0353505
0.6090027 0.03610747
0.6517403 0.03772688
0.6558214 0.0433225
0.6333549 0.0415776
0.6160897 0.04305055
0.6125469 0.04173315
0.5897239 0.03906629
0.6099584 0.04036464
0.5622724 0.04003608
0.5988104 0.04318914
0.5252635 0.04184879
0.5308043 0.04547052
0.4032946 0.04648902
0.4445155 0.05342767
0.4593309 0.05488571
0.4446431 0.0536761
0.472328 0.05236109
0.4406047 0.04902216
0.4215019 0.04890083
0.439526 0.04575522
0.4103467 0.05029263
0.4019708 0.05361373
0.411742 0.05327588
0.4444747 0.05031439
0.3948804 0.04975967
0.4008147 0.04892073
0.4246665 0.05412267
0.3783279 0.0521223
0.3589497 0.05232842
0.3821282 0.04975709
0.3155718 0.04769064
0.3226206 0.04713516
0.2993843 0.04312517
0.3156807 0.04103569
0.3149015 0.03929707
0.3917632 0.0412055
0.4203732 0.0421894
0.4437587 0.04465223
0.4760102 0.04528479
0.3835097 0.04413774
0.3524849 0.04435582
0.3489217 0.04685039
0.4008143 0.0462645
0.3591957 0.04437336
0.3789688 0.04569588
0.2632452 0.04687548
0.2974631 0.04188514
0.2981327 0.04655727
0.3218397 0.04499021
0.3314507 0.04802257
0.2650105 0.04633673
0.3287056 0.04496773
0.3792986 0.04015042
0.4720938 0.03882405
0.4621449 0.03842068
0.5277639 0.04029332
0.4758105 0.0372987
0.4903114 0.04303862
0.4298264 0.04285437
0.3872239 0.0433851
0.4116968 0.04236877
0.324598 0.04357962
0.3565656 0.0393204
0.4934087 0.04072382
0.5113888 0.04276985
0.5020992 0.03944981
0.5347455 0.03779873
0.5589773 0.03854065
0.4927614 0.03755958
0.4686834 0.03859157
0.5142484 0.03828572
0.5318945 0.03682916
0.6100034 0.03167157
0.561085 0.03189149
0.5967671 0.03213084
0.5899186 0.03113483
0.6326072 0.02899416
0.6835253 0.0295265
0.6491754 0.02848695
0.531457 0.0295972
0.5294933 0.02964854
0.5902741 0.03006298
0.64198 0.0301973
0.565985 0.03218559
0.5177943 0.03021817
0.4911813 0.02967354
0.5810432 0.02798794
0.4642644 0.02682225
0.500267 0.02461122
0.5332787 0.02406727
0.5140438 0.0242635
0.5572347 0.02599009
0.5157205 0.02610747
0.5244678 0.0267765
0.5113018 0.02957033
0.5548173 0.02945469
0.4915732 0.02848381
0.4828197 0.02794088
0.5176468 0.02737191
0.6012969 0.02905898
0.5371428 0.02754016
0.6526408 0.02685682
0.6735471 0.02599094
0.7556915 0.02699327
0.7530339 0.026429
0.8431444 0.0262449
0.7969042 0.02539313
0.8004267 0.02416507
0.7652025 0.02365893
0.7662415 0.02350373
0.7015558 0.02194915
0.7138673 0.02261931
0.6475575 0.0230902
0.6380789 0.022542
0.6399303 0.02127538
0.6569917 0.02095351
0.6594374 0.02205303
0.6794719 0.02147919
0.6712117 0.02309494
0.7338959 0.0231514
0.7160528 0.0209607
0.6725667 0.02043417
0.6272084 0.02239058
0.7216626 0.02267025
0.6918005 0.02108054
0.7260385 0.01919693
0.7273126 0.0178026
0.7179366 0.0181945
0.6573359 0.02043902
0.6996169 0.02105414
0.6566955 0.02345609
0.7008569 0.02394372
0.7323281 0.02285135
0.7146229 0.02098624
0.8338931 0.02205033
0.7793154 0.02282554
0.7839028 0.02362714
0.8434129 0.02349685
0.7631121 0.02335172
0.7973898 0.02395185
0.7280864 0.02484775
0.6860503 0.02426274
0.663737 0.0251133
0.6489521 0.02614421
0.6195673 0.02582197
0.6413804 0.02776093
0.6864829 0.03067527
0.6663661 0.0300644
0.6969265 0.03015715
0.6709536 0.02986619
0.6106747 0.03152185
0.605971 0.03208132
